2021-10-01,0.1121182719772431137377410200
2021-10-04,-0.5498956180952887470988275900
2021-10-05,1.0354932209281345752192200
2021-10-06,-1.0427864874208658785752122800
2021-10-07,0.9130112083973435383794120600
2021-10-08,0.3786247718802114846354168700
2021-10-11,0.1985364712998372051536775400
2021-10-12,0.0396260048726228777835314800
2021-10-13,0.396122672108304384813759200
2021-10-14,0.9271977054421280100543171200
2021-10-15,0.8659241516669458665768588500
2021-10-18,-0.4340970860871968003800827100
2021-10-19,0.3912080609097069232468327500
2021-10-20,0.2617407846315111393454714700
2021-10-21,-0.7212661977657445419669667600
2021-10-22,0.3622773702485465756043132700
2021-10-25,0.1979550922991256105717221300
2021-10-26,0.2111036264546981329216391700
2021-10-27,-0.7421761962918390749243246800
2021-10-28,0.5666499240872094216018894100
2021-10-29,-0.7280562284152161090601040200
2021-11-01,1.0045082778758220164611037600
2021-11-02,-0.3186257610611227098156863200
2021-11-03,0.8368651960919417768170343900
2021-11-04,-0.3707741782824994423222543500
2021-11-05,0.1561970315890812447003784100
2021-11-08,0.3542567635610228976855474400
2021-11-09,-0.3031337911555254322910814500
2021-11-10,-1.0526025377561494958852554300
2021-11-11,0.4142396586602653002912762100
2021-11-12,0.3931636891110514432779522600
2021-11-15,-0.3626786022930993062078023600
2021-11-16,-0.0910044730925669200463314100
2021-11-17,-0.4108618927563890499793327800
2021-11-18,-0.0914631539160134704090550700
2021-11-19,-1.1160515872328065417998132300
2021-11-22,-0.1772768133912300681522781400
2021-11-23,0.1756145718753942759478556400
2021-11-24,-0.4491118553051946544146229900
2021-11-26,-3.1915966874290185487323632600
2021-11-29,0.398557277176608338513256100
2021-11-30,-1.1766762197388508848482788100
2021-12-01,-0.2348371725218781569314953500
2021-12-02,1.3029339015504036875128241900
2021-12-03,-0.481038413989613647640218300
2021-12-06,1.265766644747109939747920900
2021-12-07,1.9214350535780180927344130900
2021-12-08,0.0714411384014268606384377300
2021-12-09,-1.0113417487378734096392348300
2021-12-10,0.1883043540650059378815716200
2021-12-13,-1.103743104529965748910871600
2021-12-14,-0.5256664082714716400444982600
2021-12-15,1.1727704097294159319415880800
2021-12-16,0.4283919709175750841355350900
2021-12-17,-1.2978135561566511521764862200
2021-12-20,-0.5932139385615021774883207900
2021-12-21,1.3637386840036939587021151100
2021-12-22,1.0722593529077616937352594100
2021-12-23,0.7346091233857581588759643100
2021-12-27,0.7312551847783772634162688800
2021-12-28,-0.0414324340850479674687092500
2021-12-29,0.1124916055383745770221653400
2021-12-30,-0.4415569925879098020183623200
2021-12-31,0.2276885938881491379428914600
2022-01-03,0.79020718756473714612239100
2022-01-04,1.0584256571550325831719322400
2022-01-05,0.0581739234657236709402250800
2022-01-06,0.1162971390632800230680409800
2022-01-07,0.8809300542585785920446127200
2022-01-10,-0.6371775814779015067718538300
2022-01-11,1.3076359287001490198901196100
2022-01-12,1.3670107565000792977022324600
2022-01-13,-0.0131661044280594111166541100
2022-01-14,0.1410781096063395795401833700
2022-01-18,-1.1777916599747346568600215800
2022-01-19,-0.2052890796403496433444804900
2022-01-20,-0.9600051760711976082723104400
2022-01-21,-1.4385718105169158038743772400
2022-01-24,-1.3249276960995609412073911100
2022-01-25,0.1028264287161852120657941400
2022-01-26,-0.1896455452586143190445446200
2022-01-27,-0.1939532149073217906083504400
2022-01-28,-0.0456168204840035406155504900
2022-01-31,1.4641770645912249184758913800
2022-02-01,1.0050400430292111919943627200
2022-02-02,0.9621393391487253144412560400
2022-02-03,-0.7075403387815762818760223200
2022-02-04,0.019309540197347930094275900
2022-02-07,0.3687673752311003794272202700
2022-02-08,0.8637039068027500311214271400
2022-02-09,1.2167768674644184570755144600
2022-02-10,-0.8912402776075075061664134900
2022-02-11,-0.893552732873837373514747900
2022-02-14,-0.717443376503470135949861700
2022-02-15,1.2192000675315630918904089400
2022-02-16,0.4447701957412104433647365200
2022-02-17,-1.3303202056048476620120401100
2022-02-18,-0.5296642415755989163191379300
2022-02-22,-1.3283226057633194278128330200
2022-02-23,-0.7084346253413849673586459400
2022-02-24,-2.3617930320844357614469037600
2022-02-25,2.6638572312764400189560613600
2022-02-28,-1.6325571377016380593577343600
2022-03-01,-2.0886007181927308047463236500
2022-03-02,1.5599474515584426560905556800
2022-03-03,-1.7254550238839213768890014500
2022-03-04,-2.8038744084670988446585657400
2022-03-07,-2.6990545623380642862944591100
2022-03-08,0.5682312539341733516670874900
2022-03-09,3.2348413881927908927377304500
2022-03-10,-0.7102609300542830140708988700
2022-03-11,-0.4986193430221832570856735300
2022-03-14,0.6131988975514538343897618400
2022-03-15,0.4392283388493577313881088700
2022-03-16,2.9837616042124790207118899600
2022-03-17,0.7598832793079346090548522600
2022-03-18,0.7743332548762556720513828600
2022-03-21,0.3081357659402540240552731600
2022-03-22,0.8458030540522886611163505700
2022-03-23,-0.759581026066654613974508900
2022-03-24,0.5102574078400322932404576100
2022-03-25,0.4382711285561160128107389700
2022-03-28,-0.7522644209083665503607054800
2022-03-29,1.71288427167331946821479700
2022-03-30,-0.4831034079958696241602376600
2022-03-31,-1.3934789717853674017625660700
2022-04-01,0.8251836628403457007693438700
2022-04-04,0.1858162474035407928404595500
2022-04-05,-1.5588179963346194155257404300
2022-04-06,-1.164599971977021157349026200
2022-04-07,0.1663113363456224284994823800
2022-04-08,0.2713140040533898228809691400
2022-04-11,-0.922794112214564060120305800
2022-04-12,-0.1569198853588883211671358100
2022-04-13,1.3063804341862253825509122400
2022-04-14,-0.0483652354552013292880275100
2022-04-18,-0.2197205731705485832105140700
2022-04-19,0.2889013333232122392977926100
2022-04-20,0.7514188817847804094707149500
2022-04-21,-1.6715647533347052387415692100
2022-04-22,-2.131075697335035442821723100
2022-04-25,-1.1032964889300105962957466900
2022-04-26,-2.4916940357845264212694731800
2022-04-27,0.603291817362738456633442500
2022-04-28,1.4948985051950626582978019200
2022-04-29,-1.1183718190804583395849480900
2022-05-02,-0.0896336251212079412930522100
2022-05-03,1.3712581843414474894556376300
2022-05-04,1.6645733261804506062970237900
2022-05-05,-3.0362809533879591495706894700
2022-05-06,-0.3868670638399757916850405200
2022-05-09,-3.1842744483690853498270589100
2022-05-10,-0.0443447096633074845077947800
2022-05-11,-0.1552038980403361579795357100
2022-05-12,-0.5551876021483045788781743400
2022-05-13,2.4117937265679610503173077700
2022-05-16,0.7413909622871009142428611900
2022-05-17,2.1212166273440745291472336100
2022-05-18,-1.971174901534896721546239300
2022-05-19,1.0378286780816351987173563600
2022-05-20,0.6633895929442878768840462600
2022-05-23,1.9345254541967487021789091500
2022-05-24,0.0834253802853423622714736800
2022-05-25,0.3729858071120136124127076600
2022-05-26,0.9570560221101910624675298300
2022-05-27,1.0898570273081563001715677700
2022-05-31,-0.549219266594098034661512300
2022-06-01,-0.368190568879338358799866300
2022-06-02,1.786102201261528267069584600
2022-06-03,-1.1496635340130577044619881700
2022-06-06,0.6059968827340106181552407700
2022-06-07,0.7361963298902426230623754200
2022-06-08,-1.24823303504745462492054100
2022-06-09,-2.0795110356730066650435192500
2022-06-10,-2.6858137739667628385141165300
2022-06-13,-3.4231975501799635151681531200
2022-06-14,-1.1563956355624685781780736600
2022-06-15,1.7750529377145213030880786300
2022-06-16,-2.3981429461572049733930389900
2022-06-17,-1.3695488279614009355746387600
2022-06-21,1.8909749836613363116753166200
2022-06-22,-1.6840513770589110723442778600
2022-06-23,-1.7245428062863971939405737700
2022-06-24,2.4899338380647995612384304200
2022-06-27,0.1619572091536095894476494700
2022-06-28,0.0924142853794667028214689500
2022-06-29,-0.9693231719112875290794234600
2022-06-30,-0.9088790166221308906602323300
2022-07-01,-0.3057225235594619484950427400
2022-07-05,-2.9724059478214360880660208300
2022-07-06,-0.7537168016598662651895322400
2022-07-07,2.155812087068761416690897300
2022-07-08,0.4868096038397372500126146400
2022-07-11,-2.0356509981268041705808643900
2022-07-12,-0.2679653299860371445067550600
2022-07-13,-0.2686879276773034460756034200
2022-07-14,-2.326708287880903940300986300
2022-07-15,1.32646963773580166164360600
2022-07-18,1.4798598585093345599329046400
2022-07-19,2.7873409359821198687568926700
2022-07-20,-0.4412904825312381857723900
2022-07-21,0.3240860881726252179487359300
2022-07-22,-0.4037913274590635591095038200
2022-07-25,1.3355575652088682376165749900
2022-07-26,-1.2944320605658186965409193600
2022-07-27,2.1697679702167884688225856200
2022-07-28,0.7467859744546405797771840700
2022-07-29,1.5520141403622743916712361800
2022-08-01,-0.269165302664855142385090800
2022-08-02,-1.2671028320740661157943248400
2022-08-03,0.1668059319343039498122404400
2022-08-04,0.1850150552291560302212955700
2022-08-05,-0.1846733816700656082273870400
2022-08-08,0.647548980575683964019523300
2022-08-09,-0.4595580618021745806164724300
2022-08-10,2.5623274207248948434697358600
2022-08-11,0.4726394536789054114542410400
2022-08-12,0.5152306284074981075731812900
2022-08-15,-1.0028963444158714369224806900
2022-08-16,0.5403103191317525357487470200
2022-08-17,-0.8060991992424912522928349700
2022-08-18,0.02257924727515523474094300
2022-08-19,-1.4218043248216838987591149500
2022-08-22,-1.510983434049962547189059400
2022-08-23,0.9065450214496371257471324600
2022-08-24,-0.1773675233533741384733927600
2022-08-25,1.1700046373693726945289513500
2022-08-26,-2.3038295145798970850898617700
2022-08-29,0.1167410364558982610288394200
2022-08-30,-1.2360150482683129961536702900
2022-08-31,-0.6375386037441095520959870700
2022-09-01,-1.7110375824926988394698960400
2022-09-02,-0.120879862769242919281031600
2022-09-06,-0.3389012257985572253800928400
2022-09-07,0.4614913847827268644246486100
2022-09-08,0.1209031516925833137296664700
2022-09-09,2.6805022596058317824410111300
2022-09-12,1.5639849101040866135619981400
2022-09-13,-3.0913634630063318910352563700
2022-09-14,0.5495869888456632460606803300
2022-09-15,-0.9030431620631530992563607800
2022-09-16,-0.7673833202276250808915385800
2022-09-19,0.5074763590101747446498422400
2022-09-20,-1.6999099482597502483409496700
2022-09-21,-1.3771116585149900263876570100
2022-09-22,-0.1041640896835770907167769900
2022-09-23,-4.2901779533990664295407265900
2022-09-26,-2.0830138299747214310137602300
2022-09-27,-0.0715157499950239804447818600
2022-09-28,2.5980756800369402607217679500
2022-09-29,-1.1782847678465425290299849900
2022-09-30,-0.638014176712226487994525700
2022-10-03,3.2105265129417665358035464100
2022-10-04,3.9520691538832284335779420700
2022-10-05,-1.2018675206167862436943668100
2022-10-06,-1.6186681432717927679650376200
2022-10-07,-1.2844413811878353662818270500
2022-10-10,-0.3297657793772191880221150200
2022-10-11,-1.4875505211133037451715333200
2022-10-12,-0.3905414298530916665045912300
2022-10-13,2.801889915425210550222585700
2022-10-14,-2.0314169935432303864333906400
2022-10-17,2.4524378323334276665895539300
2022-10-18,0.4863401619149408694686580400
2022-10-19,-1.0057944869144223634852520300
2022-10-20,0.0483850989483994476893008400
2022-10-21,2.1379363152640162236421044700
2022-10-24,-0.1096418354263542157500412600
2022-10-25,1.8560143713138886256814347500
2022-10-26,1.126617362052138916883810800
2022-10-27,-0.6054628176596436591400766500
2022-10-28,0.4044907638719904841165542400
2022-10-31,-0.8348514934599659090250904300
2022-11-01,1.2652465950990883316126969300
2022-11-02,-1.4040857270872609413419985600
2022-11-03,-0.6054399802559719428295172300
2022-11-04,4.2193836916845293293942572600
2022-11-07,0.3501919353570044236983325500
2022-11-08,1.0610871528297655252451688500
2022-11-09,-1.9528836010835796884643471200
2022-11-10,5.0139283711565944797613679300
2022-11-11,2.1980346203930943531508649600
2022-11-14,-1.0864611429763253090516817800
2022-11-15,0.8069955206181406856217091600
2022-11-16,-0.5559258597021234678565119200
2022-11-17,-0.4919512591581973225238189200
2022-11-18,0.3707821269291501824304246900
2022-11-21,-0.7948020647050039402840416700
2022-11-22,1.9634462529555506866843454800
2022-11-23,0.752542448363975844164396700
2022-11-25,0.8457790868079989824110885200
2022-11-28,-1.6229154793722487060181150500
2022-11-29,0.8414562097924043680350016100
2022-11-30,1.5810118579297052417453686500
2022-12-01,0.605291198308468982305110800
2022-12-02,-0.1719054325800728090899484700
2022-12-05,-1.6788634155630052124613472200
2022-12-06,-0.1094504763713958425547575700
2022-12-07,-0.1753243702563422005963266200
2022-12-08,0.2941803959310093012349171500
2022-12-09,-0.0087594880495070615084972300
2022-12-12,-0.0218971240964800501876648700
2022-12-13,1.5436940022906793011951755400
2022-12-14,-0.215629608732673749914148800
2022-12-15,-2.3433327898217628971248237900
2022-12-16,-0.6026834640030096517029174400
2022-12-19,-0.1796487497390079985604845100
2022-12-20,0.8773918749144722123037372200
2022-12-21,1.2934737177657318220950826200
2022-12-22,-1.1008280551372715634852160900
2022-12-23,0.8236906437058955217076667300
2022-12-27,0.3091272446303332086866362800
2022-12-28,-1.2326726818406193142985687100
2022-12-29,1.2926254591171637657022154900
2022-12-30,-0.7480790341310402760393964200
2023-01-03,0.3103513329971958304680617900
2023-01-04,0.8397946918423277130442842500
2023-01-05,-0.4164143885523746804519202300
2023-01-06,2.7068751433955037240918502700
2023-01-09,0.4285392402242526520042893900
2023-01-10,0.4480461486740833424014055700
2023-01-11,0.2761314961766668254717242600
2023-01-12,2.0546553040424905029914200500
2023-01-13,0.4151062388023947506862006800
2023-01-17,0.1240155339056351198903819300
2023-01-18,-0.3303108809708773887840966100
2023-01-19,-0.0828409487626885913887343600
2023-01-20,1.077939584796411061626428500
2023-01-23,0.4717028962407251905988427700
2023-01-24,-0.1633001862896887825608456200
2023-01-25,0.5111431776846324297965586100
2023-01-26,0.9560561108812197177621457400
2023-01-27,-0.3022375769583354631445180100
2023-01-30,-0.6871352249040212675992280600
2023-01-31,0.569791939371202940755754800
2023-02-01,0.8093902163748347360613975700
2023-02-02,-0.6824607047298630934243221300
2023-02-03,-1.1317705509658171207673298100
2023-02-06,-1.0425124073169460546448760600
2023-02-07,1.3840195613983467317690482900
2023-02-08,-0.550128803454774037726947400
2023-02-09,0.471210979437107928756092700
2023-02-10,-0.5301818109595009525129082200
2023-02-13,0.8876588762766387765574829400
2023-02-14,0.3596629770079711452084939900
2023-02-15,-0.728894091582371195581411200
2023-02-16,0.0367099179642398570295413800
2023-02-17,-0.1386413562421782910405919500
2023-02-21,-1.0820660457503753264082273300
2023-02-22,-0.9308541826825531851526449700
2023-02-23,0.6479288428159924129561276500
2023-02-24,-1.511073062457029173437036900
2023-02-27,1.2610360135257269382488992300
2023-02-28,-0.4151172496363727132947738300
2023-03-01,1.1254647890949306054045263700
2023-03-02,0.061827760594531407393707100
2023-03-03,1.6889830469026536488565052800
2023-03-06,-0.3848369471837240211689333600
2023-03-07,-1.9926853723087245353927769500
2023-03-08,0.6016619152984649407183820400
2023-03-09,-1.1755110214442275125138954500
2023-03-10,-1.2520866930689596872464561100
2023-03-13,-1.5447968623337309931271956900
2023-03-14,0.7748706943296713066872200900
2023-03-15,-3.8232209675533465782181831800
2023-03-16,0.9434136052786893673981841500
2023-03-17,-1.2549181800637058661505492600
2023-03-20,1.8774250146772357693871227200
2023-03-21,1.9147564092003343085542080600
2023-03-22,-0.4322481396385988343621923100
2023-03-23,-0.459916633312193061599094300
2023-03-24,-0.8981698207536381469567996600
2023-03-27,1.2636117674259032067607263200
2023-03-28,0.4173845411719309478153133600
2023-03-29,1.315498082422964459753841800
2023-03-30,1.463376994596458447907286800
2023-03-31,0.437674117275266441267068800
2023-04-03,1.1620736313965982565229681600
2023-04-04,-0.2871697252167081738707717500
2023-04-05,-0.905184138207016385733803300
2023-04-06,0.2698919725067541825139067600
2023-04-10,-0.1242209446191269061634646100
2023-04-11,0.9805137291584967086662075700
2023-04-12,0.6917990857936720661496011900
2023-04-13,1.2844097899289795667270332200
2023-04-14,-0.2012874967639163981801132900
2023-04-17,-0.3327953128532310888982686800
2023-04-18,0.5747199858736060916294782100
2023-04-19,-0.3782651615619318603938218900
2023-04-20,-0.5372608757937948060717514300
2023-04-21,-0.0203087087474775166047286200
2023-04-24,0.3127844572555563983918683200
2023-04-25,-1.8607388445434362553855530200
2023-04-26,0.2063102311872405279286381900
2023-04-27,1.1673906375577132581577985400
2023-04-28,0.1078558951959408007385764400
2023-05-01,-0.0935038164224365675286072100
2023-05-02,-1.6238063003652501423084746900
2023-05-03,-0.0537810059646528475128962200
2023-05-04,-0.4014907897622856838207441500
2023-05-05,1.9615215273749567367354263100
2023-05-08,-0.1018991993841289969872847700
2023-05-09,-0.0611906288189355852131182100
2023-05-10,-0.1837146046126103149598659400
2023-05-11,-0.7954948163661323958136903800
2023-05-12,-0.1875888936106832212824563500
2023-05-15,0.9933863427751512341533894900
2023-05-16,-1.2719529232808012555955698500
2023-05-17,0.8927210454630723408729175700
2023-05-18,-0.1703879715641330008984663300
2023-05-19,0.2940731101487373644807283800
2023-05-22,0.1476290128744795299001779500
2023-05-23,-1.1056082410481560531363115400
2023-05-24,-1.6003517906491544839853562900
2023-05-25,-0.3261076832197055083588923900
2023-05-26,0.9414366738467824596022742300
2023-05-30,-0.815559795578106884290095200
2023-05-31,-1.6023577689681156974514739900
2023-06-01,1.6284513862698801001767877800
2023-06-02,1.9186233352268703233778504700
2023-06-05,-0.5585393824434211484264513600
2023-06-06,1.0526298364162300721016983500
2023-06-07,-0.4034921132713501334806192800
2023-06-08,1.0334854442005758106877621800
2023-06-09,-0.0654705452874621887088510400
2023-06-12,0.1269282121556292750059134100
2023-06-13,1.194031903485644351242694700
2023-06-14,0.620267375403203591472952800
2023-06-15,1.0582152727234920803601137500
2023-06-16,-0.2881163141072027708210817400
2023-06-20,-1.4375259962709774432974459300
2023-06-21,0.2768281331912901041326913100
2023-06-22,-0.7622642019609306171735792600
2023-06-23,-1.7645787010041937510845443400
2023-06-26,0.5283085476399533799963459900
2023-06-27,0.9249592262951858630027092500
2023-06-28,0.083313215689417779019897800
2023-06-29,0.1456881047111453528688554400
2023-06-30,1.0598481301100722234330190800
2023-07-03,0.4770755983895103368194592800
2023-07-05,-1.2627439098237029651492685800
2023-07-06,-1.8198734593038227819871177900
2023-07-07,1.3828098175160952185516143600
2023-07-10,0.1332773538752026388561456700
2023-07-11,1.0647565065136125795205762600
2023-07-12,1.9383522369326225386564206300
2023-07-13,1.4957648463244656935438411400
2023-07-14,-0.9168488682739067046543095400
2023-07-17,-0.1264561011645474558548926800
2023-07-18,0.8963575753937028044282306300
2023-07-19,0.233046230101724056874167800
2023-07-20,-0.158975189565238421204538800
2023-07-21,0.0199074156363325216321600700
2023-07-24,0.0994945365929701630868140200
2023-07-25,0.3856920065313067375894943200
2023-07-26,0.1544667225336564820079016500
2023-07-27,-0.6287960145625039832692834600
2023-07-28,0.787995817549534877498232600
2023-07-31,0.2941644670275540611004752400
2023-08-01,-1.1811110776112950478130383200
2023-08-02,-1.8107955118284608105766244600
2023-08-03,-0.2130228861828746705381553900
2023-08-04,0.3862948873582433086940332100
2023-08-07,0.8506246501383421710839857700
2023-08-08,-0.9539088993030985570806618800
2023-08-09,0.1581520320648671131545482800
2023-08-10,0.3826154981831533905536420300
2023-08-11,-0.6130736841805488116580115400
2023-08-14,-0.5377042772485651464169461200
2023-08-15,-1.3627730406046527677907617600
2023-08-16,-0.744567652456035537133233600
2023-08-17,-0.2521382669125381336112333500
2023-08-18,-0.1629459209952084975259850900
2023-08-21,0.5000950343735896390544953300
2023-08-22,-0.3018984308134818549519914600
2023-08-23,0.6828934648203709352103516100
2023-08-24,-1.3606628051434969999828347100
2023-08-25,0.6013934805272405484182418900
2023-08-28,1.0639275473587749041412565900
2023-08-29,1.4043128660841976527918125900
2023-08-30,0.0917835887876664746310893400
2023-08-31,-0.2812067702565400293935807200
2023-09-01,0.2615538131459966276473337600
2023-09-05,-0.6827592021600433959056965300
2023-09-06,-0.2872952866330203578266449400
2023-09-07,-0.4918715885866028626131070500
2023-09-08,-0.132370470840549268517745800
2023-09-11,1.1597305884455772523517127700
2023-09-12,0.0061370117310456628322353800
2023-09-13,-0.1780793271578137220262858800
2023-09-14,1.3411759765670416145566581400
2023-09-15,0.0060683251811225918304331800
2023-09-18,-0.3905343821513987617795947800
2023-09-19,0.3514461498079211741395791900
2023-09-20,-0.4656057288556665960974138200
2023-09-21,-1.2405819007607124490724065500
2023-09-22,0.1235533173694718037413683400
2023-09-25,-0.2776641960014117599018926800
2023-09-26,-1.1219966122706663514500304400
2023-09-27,-0.0813408559817422212865478800
2023-09-28,1.0584111736762625710306790100
2023-09-29,-0.5494842679608006113174158400
2023-10-02,-1.605637439648806805696743700
2023-10-03,-1.600175116150245220260487900
2023-10-04,-0.5363443137801248282273602700
2023-10-05,0.9900369641213617915394845900
2023-10-06,1.4139006813866430866487152300
2023-10-09,-0.069496636170370588078873300
2023-10-10,1.5384581044746606411284474100
2023-10-11,0.203402657779785820206093600
2023-10-12,-0.9072435531621712960604059900
2023-10-13,-0.685619446663826080044941200
2023-10-16,0.9787012891647048436121788300
2023-10-17,0.0687810572553172323905018800
2023-10-18,-1.4871888060743187364092356600
2023-10-19,-0.9007186587378706853361915200
2023-10-20,-1.1350516634656280139200097900
2023-10-23,-0.1467458672025978323147858100
2023-10-24,0.1296861925822343403400696100
2023-10-25,-0.5396155682838780234114462700
2023-10-26,-0.4817716516527695475987548100
2023-10-27,-0.1351965036392648976547885400
2023-10-30,1.0350181057766982322482262200
2023-10-31,-0.0432219984622304140052560300
2023-11-01,0.8108167815717976599827998200
2023-11-02,2.0396778969987237467749869200
2023-11-03,0.8848956264250007169609029100
2023-11-06,-0.4521151562409036392755141500
2023-11-07,-1.0192468702174415055241504800
2023-11-08,-0.5814799428610986822444625200
2023-11-09,0.0680550145819396752453395900
2023-11-10,0.7141291957117864299849825100
2023-11-13,0.5001488536950711129737970600
2023-11-14,2.4966978757625945195519616100
2023-11-15,-0.0163926977317577737040196100
2023-11-16,-0.6106057675757318509828401600
2023-11-17,1.6616460845956822530374648200
2023-11-20,0.1845494174058129518386938300
2023-11-21,-0.5181985318226712971634900100
2023-11-22,0
2023-11-24,1.0438090977152651193851281200
2023-11-27,-0.4409936518049350549148512200
2023-11-28,0.2811433609989965661299211800
2023-11-29,0.2117768937963381069210686900
2023-11-30,0.050314023246604357250840100
2023-12-01,1.2070107678230224709849224100
2023-12-04,-0.9362082996285948163682463100
2023-12-05,-0.4193422151448594790539422900
2023-12-06,0.2720051812981515221737082300
2023-12-07,0.5083948815400240263611851700
2023-12-08,0.5038199877222798892949976700
2023-12-11,-0.0298391716979732167098039500
2023-12-12,-0.1213799804150655643222777500
2023-12-13,1.5460032006831654657209149900
2023-12-14,1.0594370449878463780226350300
2023-12-15,-1.20947101500211895246601900
2023-12-18,0.4152828869039238333664305900
2023-12-19,0.9563834974233393728187877600
2023-12-20,-1.0142863595422625958822763600
2023-12-21,1.5260711816661198699579558300
2023-12-22,0.2998409283227681119661434400
2023-12-26,0.5588097219927723644252207300
2023-12-27,0.3866645164343341425697369400
2023-12-28,-0.3774326677825195778854762100
2023-12-29,0.0194296159728956757895448300
2024-01-02,-0.9129788206908063536815831200
2024-01-03,-0.5685079999425379140072670300
2024-01-04,0.2957377072699847273952694900
2024-01-05,0.1926420137151807737138620200
2024-01-08,0.690630603623515705560900
2024-01-09,-1.2236865559909168056321906900
2024-01-10,0.2525018888599350504359624800
2024-01-11,-0.3345120365972501786114125600
2024-01-12,0.296146432058691179545062400
2024-01-16,-1.8110218193102054138825457800
2024-01-17,-0.9222154504465325281374451200
2024-01-18,0.8215314340234393151725712300
2024-01-19,0.1063756948900325024196619500
2024-01-22,0.4230159821814934057670332700
2024-01-23,-0.1297627328074784859477435600
2024-01-24,0.7496293163075981658021738900
2024-01-25,0.4226115596939436410311358700
2024-01-26,0.4485031962296742804374008200
2024-01-29,0.4169920354545351291244608600
2024-01-30,0.1429965130511494102960332100
2024-01-31,-0.8313020127240895450010422100
2024-02-01,0.7179488874835109258617522400
2024-02-02,-0.8890739910216970584105262300
2024-02-05,-0.8298863781553520692363180600
2024-02-06,0.7750601607657832146001107400
2024-02-07,-0.1324625592974794469351208900
2024-02-08,-0.2415309143646916903625231800
2024-02-09,0.079382163021257662607735800
2024-02-12,0.5096196135893105307578889700
2024-02-13,-1.6157977282084404616251542900
2024-02-14,0.8221643195707714676876603200
2024-02-15,1.4081712755045798511916032700
2024-02-16,0.1216031498593400439803905100
2024-02-20,0.1018652206610296039190721700
2024-02-21,0.136980101274753554719529400
2024-02-22,0.957596992329708949011101400
2024-02-23,0.1451851833680339249068528400
2024-02-26,-0.400116110933273826545879900
2024-02-27,0.3861972749224657099253114200
2024-02-28,-0.4349775416175946888300508100
2024-02-29,0.5397838975242661746153312200
2024-03-01,1.0042458652330814512741000400
2024-03-04,-0.5908188753285839110653268900
2024-03-05,0.0250083348010970485368492600
2024-03-06,1.1287549847434629538594257200
2024-03-07,0.7834041336337329884703316500
2024-03-08,-0.362239699629241414204519600
2024-03-11,-0.4942177381939303445576946800
2024-03-12,0.919123671070902623028951400
2024-03-13,0.1602776025265773600510335300
2024-03-14,-0.8490533964223448665820098500
2024-03-15,0.4651823651872514261782637300
2024-03-18,0.0151181527969896120693967800
2024-03-19,0.5612280024971019229905740700
2024-03-20,1.0391424309470123742887761200
2024-03-21,-0.0836942842979254982307458200
2024-03-22,-0.3257248312480344388008419800
2024-03-25,0.0560228708589424117179829200
2024-03-26,0.2612949514258358077505790500
2024-03-27,0.5900922549823165806356046700
2024-03-28,0.0795794191008800395105498800
2024-04-01,-0.4142054651642256059396946900
2024-04-02,-0.2153850171093117627101905900
2024-04-03,0.9415589830712641749276901100
2024-04-04,-0.5087846986501483181345091100
2024-04-05,0.4168922426437455909360903900
2024-04-08,0.6919496071109135115605260400
2024-04-09,0.1062806392832518189846760400
2024-04-10,-1.0214525827682964769026001700
2024-04-11,-0.0924652965469176275006637300
2024-04-12,-1.4587295922049835653569245800
2024-04-15,-0.3080811431954011442459853900
2024-04-16,-1.2719500199124353568048617300
2024-04-17,0.223310996381678733231949100
2024-04-18,-0.3408872832133682997248284600
2024-04-19,0.2178474702890704260604835800
2024-04-22,1.0410879320853901125945727400
2024-04-23,0.7642773944643129531492676500
2024-04-24,-0.2921518646111332298595716100
2024-04-25,-0.4357675836601582212289926300
2024-04-26,0.8904346460698986781952176100
2024-04-29,0.402020219972246197611544800
2024-04-30,-1.5997766507023233740148669400
2024-05-01,-0.3823196629615342908537103600
2024-05-02,1.225446035759054622461856300
2024-05-03,0.8934134648566367832726346700
2024-05-06,0.7999271137719113557754825800
2024-05-07,0.0793563970426524837516772700
2024-05-08,-0.2544843085034555222005609400
2024-05-09,0.7764843960558092739240852300
2024-05-10,-0.0476978145457597814690128200
2024-05-13,0.005503623059070138686236400
2024-05-14,0.7543131240249730690881825700
2024-05-15,0.7031221202403332227505621300
2024-05-16,-0.5137087249844504211765991200
2024-05-17,0.6327205847921398599028408800
2024-05-20,0.0397483375903163994262176200
2024-05-21,-0.1715646327563691401833795600
2024-05-22,-1.2826809021715931948533457100
2024-05-23,-0.44900062130819651079969700
2024-05-24,1.0953428250100544021423703300
2024-05-28,0.4861925528416114690866504600
2024-05-29,-1.6001306656975763246616613700
2024-05-30,0.9465954633532177185752333100
2024-05-31,0.9231254922787791180497284300
2024-06-03,-0.151844699439276992288511400
2024-06-04,-0.6807165262998713007047552500
2024-06-05,0.1512922238617444931780361300
2024-06-06,0.3985959751931237241661461200
2024-06-07,-1.1638439231884132081139025200
2024-06-10,0.3118085062071330319849287600
2024-06-11,-1.31102245709916699273122400
2024-06-12,0.9375094974289601781620627500
2024-06-13,-1.6501784517443404986360962300
2024-06-14,-1.2653976632731983245199902700
2024-06-17,0.3459150680695609712351724200
2024-06-18,0.5613703162161117847432545800
2024-06-20,0.2247867753475265806298329700
2024-06-21,-0.7401481109968300569920406400
2024-06-24,1.3605854950975980080594658500
2024-06-25,0.0379741802914061246024729300
2024-06-26,-0.8160960488915553025537161200
2024-06-27,0.2104879529463433963392038400
2024-06-28,0.1336643141811020466126035300
2024-07-01,0.3241838353200578817707452700
2024-07-02,0.4561813256760820057768103800
2024-07-03,0.9839186748881239314332613600
2024-07-05,0.3372681344813216129159005600
2024-07-08,-0.4855238185905474993566293100
2024-07-09,-0.5629555158011725314097854900
2024-07-10,1.3776164794256848678737547500
2024-07-11,0.446757251549567171452584300
2024-07-12,0.8265363385199469703474234700
2024-07-15,-0.4337757024510422545690642400
2024-07-16,0.4615100779586515768377912800
2024-07-17,0.0918835020905366442681603900
2024-07-18,-0.9362988629282382425511613300
2024-07-19,-0.7116364105195776597401345400
2024-07-22,0.8660612961027325668209646100
2024-07-23,-0.7957068690653799210699496500
2024-07-24,-0.9886196420701428451754738800
