1926-07-01,3.5919249902516,$LCB,Monthly
1926-08-01,2.92562277126993,$LCB,Monthly
1926-09-01,0.693881163725335,$LCB,Monthly
1926-10-01,-2.98597048660724,$LCB,Monthly
1926-11-01,2.99107699159174,$LCB,Monthly
1926-12-01,2.91218583671339,$LCB,Monthly
1927-01-01,0.0158362689754278,$LCB,Monthly
1927-02-01,4.28854431518001,$LCB,Monthly
1927-03-01,0.565286354117175,$LCB,Monthly
1927-04-01,0.83372123658357,$LCB,Monthly
1927-05-01,5.26140158790952,$LCB,Monthly
1927-06-01,-2.16279345897018,$LCB,Monthly
1927-07-01,8.24760880567744,$LCB,Monthly
1927-08-01,2.58111768077253,$LCB,Monthly
1927-09-01,5.0771579474266,$LCB,Monthly
1927-10-01,-4.26824281066438,$LCB,Monthly
1927-11-01,6.80360464506714,$LCB,Monthly
1927-12-01,2.22495724762782,$LCB,Monthly
1928-01-01,-0.781661820025367,$LCB,Monthly
1928-02-01,-0.854224584361963,$LCB,Monthly
1928-03-01,9.83120941494029,$LCB,Monthly
1928-04-01,4.0659434557033,$LCB,Monthly
1928-05-01,1.40523294132468,$LCB,Monthly
1928-06-01,-3.76245371692988,$LCB,Monthly
1928-07-01,0.754844287614443,$LCB,Monthly
1928-08-01,6.96081762176845,$LCB,Monthly
1928-09-01,2.34928971211536,$LCB,Monthly
1928-10-01,1.48504609222938,$LCB,Monthly
1928-11-01,12.2640843220009,$LCB,Monthly
1928-12-01,0.390160182977812,$LCB,Monthly
1929-01-01,5.71877404700224,$LCB,Monthly
1929-02-01,0.163343195905786,$LCB,Monthly
1929-03-01,0.807775470015504,$LCB,Monthly
1929-04-01,1.70970140723651,$LCB,Monthly
1929-05-01,-4.7291588486138,$LCB,Monthly
1929-06-01,10.6459703881293,$LCB,Monthly
1929-07-01,4.99385148953739,$LCB,Monthly
1929-08-01,10.0060334549363,$LCB,Monthly
1929-09-01,-5.02963125077001,$LCB,Monthly
1929-10-01,-18.6441691047151,$LCB,Monthly
1929-11-01,-12.2495933569488,$LCB,Monthly
1929-12-01,2.10180898721072,$LCB,Monthly
1930-01-01,4.86353715232322,$LCB,Monthly
1930-02-01,2.62147959218224,$LCB,Monthly
1930-03-01,7.25242005734886,$LCB,Monthly
1930-04-01,-2.2354343287439,$LCB,Monthly
1930-05-01,-0.545549834234478,$LCB,Monthly
1930-06-01,-15.0961095672741,$LCB,Monthly
1930-07-01,4.3926507305395,$LCB,Monthly
1930-08-01,0.51989729159293,$LCB,Monthly
1930-09-01,-11.9296898381283,$LCB,Monthly
1930-10-01,-8.59728008832483,$LCB,Monthly
1930-11-01,-2.87371704324946,$LCB,Monthly
1930-12-01,-6.75616656482742,$LCB,Monthly
1931-01-01,5.56917033016138,$LCB,Monthly
1931-02-01,10.7200842212511,$LCB,Monthly
1931-03-01,-6.29314186419081,$LCB,Monthly
1931-04-01,-9.15021859035898,$LCB,Monthly
1931-05-01,-12.8643774953015,$LCB,Monthly
1931-06-01,13.8755052025561,$LCB,Monthly
1931-07-01,-6.55003478778611,$LCB,Monthly
1931-08-01,0.261221973673241,$LCB,Monthly
1931-09-01,-28.6372881202147,$LCB,Monthly
1931-10-01,7.78615431699194,$LCB,Monthly
1931-11-01,-8.82216801909086,$LCB,Monthly
1931-12-01,-13.1932985938152,$LCB,Monthly
1932-01-01,-2.42001358178093,$LCB,Monthly
1932-02-01,6.33988120746672,$LCB,Monthly
1932-03-01,-11.3067172100797,$LCB,Monthly
1932-04-01,-18.9231160074667,$LCB,Monthly
1932-05-01,-20.5942197868682,$LCB,Monthly
1932-06-01,-1.71998204938883,$LCB,Monthly
1932-07-01,32.4924036025462,$LCB,Monthly
1932-08-01,34.9764996592939,$LCB,Monthly
1932-09-01,-2.1092697127104,$LCB,Monthly
1932-10-01,-12.1643981819536,$LCB,Monthly
1932-11-01,-4.27131892082596,$LCB,Monthly
1932-12-01,5.80249557487745,$LCB,Monthly
1933-01-01,0.462659050186019,$LCB,Monthly
1933-02-01,-15.3670821452238,$LCB,Monthly
1933-03-01,1.9633898508103,$LCB,Monthly
1933-04-01,37.0696661753858,$LCB,Monthly
1933-05-01,18.2487959725351,$LCB,Monthly
1933-06-01,12.7093806899129,$LCB,Monthly
1933-07-01,-9.64698088587128,$LCB,Monthly
1933-08-01,11.8048443320868,$LCB,Monthly
1933-09-01,-10.3390161862642,$LCB,Monthly
1933-10-01,-7.7188427118096,$LCB,Monthly
1933-11-01,10.7232602547836,$LCB,Monthly
1933-12-01,2.04864248272939,$LCB,Monthly
1934-01-01,11.2867827882377,$LCB,Monthly
1934-02-01,-2.89010266673053,$LCB,Monthly
1934-03-01,-0.157876899824446,$LCB,Monthly
1934-04-01,-2.09886435489435,$LCB,Monthly
1934-05-01,-7.16857466361988,$LCB,Monthly
1934-06-01,2.63195451085846,$LCB,Monthly
1934-07-01,-10.2293648941578,$LCB,Monthly
1934-08-01,5.17932312994895,$LCB,Monthly
1934-09-01,-0.188060789587397,$LCB,Monthly
1934-10-01,-1.83302735799367,$LCB,Monthly
1934-11-01,7.74261954171621,$LCB,Monthly
1934-12-01,0.18855857456649,$LCB,Monthly
1935-01-01,-3.2990763570048,$LCB,Monthly
1935-02-01,-1.85501859128311,$LCB,Monthly
1935-03-01,-3.03372413247528,$LCB,Monthly
1935-04-01,9.24204120317663,$LCB,Monthly
1935-05-01,3.98827071117739,$LCB,Monthly
1935-06-01,6.13973522559044,$LCB,Monthly
1935-07-01,7.16289258142744,$LCB,Monthly
1935-08-01,2.41175406490019,$LCB,Monthly
1935-09-01,2.71348634078066,$LCB,Monthly
1935-10-01,7.10616498674906,$LCB,Monthly
1935-11-01,4.70011222445644,$LCB,Monthly
1935-12-01,4.22005016308163,$LCB,Monthly
1936-01-01,6.55325744714584,$LCB,Monthly
1936-02-01,2.57731009055919,$LCB,Monthly
1936-03-01,1.16013706633031,$LCB,Monthly
1936-04-01,-7.68349890481851,$LCB,Monthly
1936-05-01,5.28216985733407,$LCB,Monthly
1936-06-01,2.9810950553364,$LCB,Monthly
1936-07-01,6.58294697657468,$LCB,Monthly
1936-08-01,0.762481156997582,$LCB,Monthly
1936-09-01,0.763782621296205,$LCB,Monthly
1936-10-01,7.7237828788884,$LCB,Monthly
1936-11-01,2.3922472527414,$LCB,Monthly
1936-12-01,-0.135275255021632,$LCB,Monthly
1937-01-01,2.90963245426594,$LCB,Monthly
1937-02-01,0.918068867540166,$LCB,Monthly
1937-03-01,-0.175337658245553,$LCB,Monthly
1937-04-01,-6.98847295425465,$LCB,Monthly
1937-05-01,-0.423577063181698,$LCB,Monthly
1937-06-01,-3.84536263969322,$LCB,Monthly
1937-07-01,9.01993368801232,$LCB,Monthly
1937-08-01,-4.95328079803584,$LCB,Monthly
1937-09-01,-12.86458565802,$LCB,Monthly
1937-10-01,-9.67736574518675,$LCB,Monthly
1937-11-01,-7.99040432696841,$LCB,Monthly
1937-12-01,-3.43251472142782,$LCB,Monthly
1938-01-01,0.00082538160153267,$LCB,Monthly
1938-02-01,5.91358491989544,$LCB,Monthly
1938-03-01,-23.7620726010477,$LCB,Monthly
1938-04-01,13.9695973756018,$LCB,Monthly
1938-05-01,-3.69804987372529,$LCB,Monthly
1938-06-01,23.8825295866772,$LCB,Monthly
1938-07-01,6.49986874327522,$LCB,Monthly
1938-08-01,-2.2162204000172,$LCB,Monthly
1938-09-01,1.23989988425579,$LCB,Monthly
1938-10-01,6.85200864018305,$LCB,Monthly
1938-11-01,-1.49553013192444,$LCB,Monthly
1938-12-01,3.95938298549352,$LCB,Monthly
1939-01-01,-5.69975421408921,$LCB,Monthly
1939-02-01,3.42890739390634,$LCB,Monthly
1939-03-01,-11.0608811674854,$LCB,Monthly
1939-04-01,-0.358215133870822,$LCB,Monthly
1939-05-01,6.36968315271815,$LCB,Monthly
1939-06-01,-5.20239865127052,$LCB,Monthly
1939-07-01,9.70896743451489,$LCB,Monthly
1939-08-01,-5.8447462819178,$LCB,Monthly
1939-09-01,15.4788001872364,$LCB,Monthly
1939-10-01,-0.66927709077254,$LCB,Monthly
1939-11-01,-3.14338583754776,$LCB,Monthly
1939-12-01,2.93067083178186,$LCB,Monthly
1940-01-01,-2.49043428041746,$LCB,Monthly
1940-02-01,1.115176955033,$LCB,Monthly
1940-03-01,1.94403958462856,$LCB,Monthly
1940-04-01,-0.0530251716740319,$LCB,Monthly
1940-05-01,-21.1069902219021,$LCB,Monthly
1940-06-01,6.58088711100639,$LCB,Monthly
1940-07-01,3.12561844582821,$LCB,Monthly
1940-08-01,2.14800769470447,$LCB,Monthly
1940-09-01,2.27521843412413,$LCB,Monthly
1940-10-01,2.65353658985371,$LCB,Monthly
1940-11-01,-1.82927243347153,$LCB,Monthly
1940-12-01,0.789009940475116,$LCB,Monthly
1941-01-01,-4.41439423389413,$LCB,Monthly
1941-02-01,-1.44147661343864,$LCB,Monthly
1941-03-01,0.972424009289723,$LCB,Monthly
1941-04-01,-5.51102299887341,$LCB,Monthly
1941-05-01,1.60278931641367,$LCB,Monthly
1941-06-01,5.69942627764982,$LCB,Monthly
1941-07-01,5.17071059742618,$LCB,Monthly
1941-08-01,-0.086228871481085,$LCB,Monthly
1941-09-01,-0.808897059871049,$LCB,Monthly
1941-10-01,-4.83837651252613,$LCB,Monthly
1941-11-01,-1.68211088616744,$LCB,Monthly
1941-12-01,-4.73156546108559,$LCB,Monthly
1942-01-01,-0.359646346695282,$LCB,Monthly
1942-02-01,-2.52067691138311,$LCB,Monthly
1942-03-01,-6.57542427888392,$LCB,Monthly
1942-04-01,-4.24754385750733,$LCB,Monthly
1942-05-01,6.23413681448609,$LCB,Monthly
1942-06-01,2.95245875248288,$LCB,Monthly
1942-07-01,3.4250863096028,$LCB,Monthly
1942-08-01,1.85887164352814,$LCB,Monthly
1942-09-01,2.7322523955489,$LCB,Monthly
1942-10-01,6.3647238712246,$LCB,Monthly
1942-11-01,0.506518932266814,$LCB,Monthly
1942-12-01,5.33206528449336,$LCB,Monthly
1943-01-01,6.19888800270911,$LCB,Monthly
1943-02-01,5.79852733762987,$LCB,Monthly
1943-03-01,5.21946773791288,$LCB,Monthly
1943-04-01,0.278258273042609,$LCB,Monthly
1943-05-01,5.35235256245497,$LCB,Monthly
1943-06-01,1.96455631019154,$LCB,Monthly
1943-07-01,-4.36200298735623,$LCB,Monthly
1943-08-01,1.34247826017498,$LCB,Monthly
1943-09-01,2.30385625913822,$LCB,Monthly
1943-10-01,-1.18747085395246,$LCB,Monthly
1943-11-01,-5.46547247719539,$LCB,Monthly
1943-12-01,5.83928079091127,$LCB,Monthly
1944-01-01,1.28207931981008,$LCB,Monthly
1944-02-01,0.416256913908467,$LCB,Monthly
1944-03-01,2.31072980854665,$LCB,Monthly
1944-04-01,-1.42299940131499,$LCB,Monthly
1944-05-01,4.61689714679737,$LCB,Monthly
1944-06-01,4.86669784764581,$LCB,Monthly
1944-07-01,-1.53334347795961,$LCB,Monthly
1944-08-01,1.16633461651252,$LCB,Monthly
1944-09-01,0.112475079369333,$LCB,Monthly
1944-10-01,0.295923255954124,$LCB,Monthly
1944-11-01,1.73555403782218,$LCB,Monthly
1944-12-01,3.72284868009875,$LCB,Monthly
1945-01-01,1.66854064150578,$LCB,Monthly
1945-02-01,5.83817938669617,$LCB,Monthly
1945-03-01,-3.59581001990973,$LCB,Monthly
1945-04-01,7.50975578518212,$LCB,Monthly
1945-05-01,1.51224769924918,$LCB,Monthly
1945-06-01,-0.286620954875488,$LCB,Monthly
1945-07-01,-1.95555260591291,$LCB,Monthly
1945-08-01,5.92254437411366,$LCB,Monthly
1945-09-01,4.48279281019047,$LCB,Monthly
1945-10-01,3.73037441021668,$LCB,Monthly
1945-11-01,4.68071007630538,$LCB,Monthly
1945-12-01,1.01471841727112,$LCB,Monthly
1946-01-01,5.79554377037162,$LCB,Monthly
1946-02-01,-5.67244539460733,$LCB,Monthly
1946-03-01,5.70523823622557,$LCB,Monthly
1946-04-01,4.04248049019398,$LCB,Monthly
1946-05-01,3.67587568710157,$LCB,Monthly
1946-06-01,-3.52685826487569,$LCB,Monthly
1946-07-01,-2.42717046975716,$LCB,Monthly
1946-08-01,-6.13625423812042,$LCB,Monthly
1946-09-01,-9.47535806065052,$LCB,Monthly
1946-10-01,-1.55329927314969,$LCB,Monthly
1946-11-01,0.139163454391724,$LCB,Monthly
1946-12-01,4.90786171168798,$LCB,Monthly
1947-01-01,0.977258815278671,$LCB,Monthly
1947-02-01,-0.886710571547703,$LCB,Monthly
1947-03-01,-1.34084706053241,$LCB,Monthly
1947-04-01,-4.19487438643713,$LCB,Monthly
1947-05-01,-0.598701906544049,$LCB,Monthly
1947-06-01,5.20603437479221,$LCB,Monthly
1947-07-01,3.80063687319553,$LCB,Monthly
1947-08-01,-1.84683734631095,$LCB,Monthly
1947-09-01,-0.699893275379873,$LCB,Monthly
1947-10-01,2.56214020345058,$LCB,Monthly
1947-11-01,-1.73291602124344,$LCB,Monthly
1947-12-01,3.38427974675037,$LCB,Monthly
1948-01-01,-4.30324336111254,$LCB,Monthly
1948-02-01,-4.07192733928135,$LCB,Monthly
1948-03-01,8.11924123191058,$LCB,Monthly
1948-04-01,3.8266671239045,$LCB,Monthly
1948-05-01,7.40724875691461,$LCB,Monthly
1948-06-01,0.317878324419723,$LCB,Monthly
1948-07-01,-4.98801798780361,$LCB,Monthly
1948-08-01,0.409204627157272,$LCB,Monthly
1948-09-01,-2.63684831655504,$LCB,Monthly
1948-10-01,6.24863147307812,$LCB,Monthly
1948-11-01,-9.14208741311089,$LCB,Monthly
1948-12-01,3.83182005974224,$LCB,Monthly
1949-01-01,-0.0180815769328192,$LCB,Monthly
1949-02-01,-2.7634369206822,$LCB,Monthly
1949-03-01,3.88313830291314,$LCB,Monthly
1949-04-01,-1.41012343180718,$LCB,Monthly
1949-05-01,-2.76071319971032,$LCB,Monthly
1949-06-01,0.417758939326846,$LCB,Monthly
1949-07-01,5.43814156374982,$LCB,Monthly
1949-08-01,2.78727276065742,$LCB,Monthly
1949-09-01,2.97234971870604,$LCB,Monthly
1949-10-01,3.23011463790911,$LCB,Monthly
1949-11-01,2.00193838062854,$LCB,Monthly
1949-12-01,4.86973234367439,$LCB,Monthly
1950-01-01,1.31877923626441,$LCB,Monthly
1950-02-01,1.49343549521971,$LCB,Monthly
1950-03-01,1.68224205414755,$LCB,Monthly
1950-04-01,4.02223130197247,$LCB,Monthly
1950-05-01,4.82061657092747,$LCB,Monthly
1950-06-01,-5.51561348084076,$LCB,Monthly
1950-07-01,0.893259490704802,$LCB,Monthly
1950-08-01,4.96390415214351,$LCB,Monthly
1950-09-01,4.75591991184985,$LCB,Monthly
1950-10-01,0.0173871608430012,$LCB,Monthly
1950-11-01,2.88880804348584,$LCB,Monthly
1950-12-01,5.14379211144138,$LCB,Monthly
1951-01-01,5.54101519311899,$LCB,Monthly
1951-02-01,1.70463745026891,$LCB,Monthly
1951-03-01,-1.77577229111204,$LCB,Monthly
1951-04-01,5.25202950098622,$LCB,Monthly
1951-05-01,-2.29786134648125,$LCB,Monthly
1951-06-01,-1.9925693208399,$LCB,Monthly
1951-07-01,7.16143225689941,$LCB,Monthly
1951-08-01,4.35987252721482,$LCB,Monthly
1951-09-01,0.486420511014924,$LCB,Monthly
1951-10-01,-2.35557520626033,$LCB,Monthly
1951-11-01,0.622598887506852,$LCB,Monthly
1951-12-01,3.89846918775117,$LCB,Monthly
1952-01-01,1.57893785029911,$LCB,Monthly
1952-02-01,-2.62895333956568,$LCB,Monthly
1952-03-01,4.97114069830835,$LCB,Monthly
1952-04-01,-4.91423217044478,$LCB,Monthly
1952-05-01,3.45051197162854,$LCB,Monthly
1952-06-01,4.14110823851929,$LCB,Monthly
1952-07-01,1.08882028790403,$LCB,Monthly
1952-08-01,-0.776523556179023,$LCB,Monthly
1952-09-01,-1.90166817546555,$LCB,Monthly
1952-10-01,-0.429371419429022,$LCB,Monthly
1952-11-01,6.15908747437223,$LCB,Monthly
1952-12-01,3.19882578377661,$LCB,Monthly
1953-01-01,-0.631342162613055,$LCB,Monthly
1953-02-01,-0.326186707715276,$LCB,Monthly
1953-03-01,-1.3297652257995,$LCB,Monthly
1953-04-01,-2.7726878581705,$LCB,Monthly
1953-05-01,0.751011675646814,$LCB,Monthly
1953-06-01,-1.47616237540431,$LCB,Monthly
1953-07-01,2.68696531122418,$LCB,Monthly
1953-08-01,-4.2568751360994,$LCB,Monthly
1953-09-01,0.564327923118463,$LCB,Monthly
1953-10-01,4.84966816726912,$LCB,Monthly
1953-11-01,3.01660068437287,$LCB,Monthly
1953-12-01,0.398396355348459,$LCB,Monthly
1954-01-01,5.03766042898393,$LCB,Monthly
1954-02-01,1.73763877115789,$LCB,Monthly
1954-03-01,3.85913962554698,$LCB,Monthly
1954-04-01,4.88004522597829,$LCB,Monthly
1954-05-01,2.99255458044244,$LCB,Monthly
1954-06-01,1.06078907587001,$LCB,Monthly
1954-07-01,4.74353404751401,$LCB,Monthly
1954-08-01,-2.52208084329652,$LCB,Monthly
1954-09-01,6.96440854750488,$LCB,Monthly
1954-10-01,-1.77498189338714,$LCB,Monthly
1954-11-01,9.53214669301571,$LCB,Monthly
1954-12-01,5.23459385882049,$LCB,Monthly
1955-01-01,0.494620191716363,$LCB,Monthly
1955-02-01,2.84728142498604,$LCB,Monthly
1955-03-01,-0.0753710782695458,$LCB,Monthly
1955-04-01,3.51308607026218,$LCB,Monthly
1955-05-01,1.19501885972185,$LCB,Monthly
1955-06-01,7.40734295857338,$LCB,Monthly
1955-07-01,2.17956182182625,$LCB,Monthly
1955-08-01,0.331329703446251,$LCB,Monthly
1955-09-01,-0.0536837751154823,$LCB,Monthly
1955-10-01,-2.66977695362006,$LCB,Monthly
1955-11-01,7.40983647331594,$LCB,Monthly
1955-12-01,1.61038729494878,$LCB,Monthly
1956-01-01,-2.83705720454666,$LCB,Monthly
1956-02-01,4.13394218612405,$LCB,Monthly
1956-03-01,7.19840374290549,$LCB,Monthly
1956-04-01,0.455572688449788,$LCB,Monthly
1956-05-01,-5.19421212103513,$LCB,Monthly
1956-06-01,3.90694753270244,$LCB,Monthly
1956-07-01,5.17996575054325,$LCB,Monthly
1956-08-01,-3.23368502961821,$LCB,Monthly
1956-09-01,-5.24295402490832,$LCB,Monthly
1956-10-01,0.733311412425361,$LCB,Monthly
1956-11-01,0.519943824812849,$LCB,Monthly
1956-12-01,3.57363917538086,$LCB,Monthly
1957-01-01,-4.01436614686596,$LCB,Monthly
1957-02-01,-1.75915298198058,$LCB,Monthly
1957-03-01,2.36102730723087,$LCB,Monthly
1957-04-01,4.95611095065086,$LCB,Monthly
1957-05-01,4.05485754989633,$LCB,Monthly
1957-06-01,-0.395578400582805,$LCB,Monthly
1957-07-01,1.12086398708123,$LCB,Monthly
1957-08-01,-4.79262582430385,$LCB,Monthly
1957-09-01,-5.8665255692469,$LCB,Monthly
1957-10-01,-3.72339825791606,$LCB,Monthly
1957-11-01,2.58112578252623,$LCB,Monthly
1957-12-01,-3.57998174942165,$LCB,Monthly
1958-01-01,4.05105434114864,$LCB,Monthly
1958-02-01,-1.58328542153925,$LCB,Monthly
1958-03-01,3.28458167990073,$LCB,Monthly
1958-04-01,3.23560069568801,$LCB,Monthly
1958-05-01,2.17649677344958,$LCB,Monthly
1958-06-01,3.01550420106682,$LCB,Monthly
1958-07-01,4.3336295603777,$LCB,Monthly
1958-08-01,1.73967198192879,$LCB,Monthly
1958-09-01,4.77763361683213,$LCB,Monthly
1958-10-01,2.64805600878978,$LCB,Monthly
1958-11-01,2.95623363512566,$LCB,Monthly
1958-12-01,5.61307488468033,$LCB,Monthly
1959-01-01,0.412459534978193,$LCB,Monthly
1959-02-01,0.716589567118247,$LCB,Monthly
1959-03-01,0.359673508240158,$LCB,Monthly
1959-04-01,4.03188392227202,$LCB,Monthly
1959-05-01,2.22282084534117,$LCB,Monthly
1959-06-01,-0.169861895832629,$LCB,Monthly
1959-07-01,3.46733427410165,$LCB,Monthly
1959-08-01,-1.18525321293323,$LCB,Monthly
1959-09-01,-4.48805992648209,$LCB,Monthly
1959-10-01,1.36959038479808,$LCB,Monthly
1959-11-01,1.84824650023468,$LCB,Monthly
1959-12-01,3.03348752452254,$LCB,Monthly
1960-01-01,-7.0349063031116,$LCB,Monthly
1960-02-01,1.48864731822001,$LCB,Monthly
1960-03-01,-1.10275053645726,$LCB,Monthly
1960-04-01,-1.59642974953319,$LCB,Monthly
1960-05-01,3.31128152151779,$LCB,Monthly
1960-06-01,2.29868422132808,$LCB,Monthly
1960-07-01,-2.25242111615148,$LCB,Monthly
1960-08-01,3.17520302049698,$LCB,Monthly
1960-09-01,-5.79250074156363,$LCB,Monthly
1960-10-01,-0.151716435652652,$LCB,Monthly
1960-11-01,4.74409817733545,$LCB,Monthly
1960-12-01,5.00670962190534,$LCB,Monthly
1961-01-01,6.09596231417967,$LCB,Monthly
1961-02-01,3.19138054584054,$LCB,Monthly
1961-03-01,2.67451024512314,$LCB,Monthly
1961-04-01,0.404442980322992,$LCB,Monthly
1961-05-01,2.41410418534358,$LCB,Monthly
1961-06-01,-2.57872501574001,$LCB,Monthly
1961-07-01,3.2900577966162,$LCB,Monthly
1961-08-01,2.81563578754977,$LCB,Monthly
1961-09-01,-1.81581191685979,$LCB,Monthly
1961-10-01,2.81813604174569,$LCB,Monthly
1961-11-01,4.63226976938631,$LCB,Monthly
1961-12-01,0.171746557982291,$LCB,Monthly
1962-01-01,-3.92474700639446,$LCB,Monthly
1962-02-01,2.07017168915876,$LCB,Monthly
1962-03-01,-0.447148743500906,$LCB,Monthly
1962-04-01,-6.32685085588728,$LCB,Monthly
1962-05-01,-8.0740821284896,$LCB,Monthly
1962-06-01,-8.26350216910634,$LCB,Monthly
1962-07-01,6.6145092089147,$LCB,Monthly
1962-08-01,2.22079872585492,$LCB,Monthly
1962-09-01,-4.8095735688102,$LCB,Monthly
1962-10-01,0.829085890146584,$LCB,Monthly
1962-11-01,10.7678706081441,$LCB,Monthly
1962-12-01,1.74523762173747,$LCB,Monthly
1963-01-01,4.72027030862304,$LCB,Monthly
1963-02-01,-2.26963999660788,$LCB,Monthly
1963-03-01,3.67688622437722,$LCB,Monthly
1963-04-01,4.96148617156031,$LCB,Monthly
1963-05-01,1.87670101904819,$LCB,Monthly
1963-06-01,-1.85876349087152,$LCB,Monthly
1963-07-01,0.108948734378629,$LCB,Monthly
1963-08-01,5.36333082168362,$LCB,Monthly
1963-09-01,-1.21245859562531,$LCB,Monthly
1963-10-01,3.11744441099249,$LCB,Monthly
1963-11-01,-0.484993935353833,$LCB,Monthly
1963-12-01,2.38681517822552,$LCB,Monthly
1964-01-01,2.79874821333685,$LCB,Monthly
1964-02-01,1.63772758066591,$LCB,Monthly
1964-03-01,1.49514801288553,$LCB,Monthly
1964-04-01,0.56235371075854,$LCB,Monthly
1964-05-01,1.62653975788388,$LCB,Monthly
1964-06-01,1.62869914308798,$LCB,Monthly
1964-07-01,2.00827640069899,$LCB,Monthly
1964-08-01,-1.17592235061837,$LCB,Monthly
1964-09-01,2.92678162583309,$LCB,Monthly
1964-10-01,0.761629904363281,$LCB,Monthly
1964-11-01,0.298477664280546,$LCB,Monthly
1964-12-01,0.5519737021969,$LCB,Monthly
1965-01-01,3.44777330545618,$LCB,Monthly
1965-02-01,0.173345664514766,$LCB,Monthly
1965-03-01,-1.27591775863078,$LCB,Monthly
1965-04-01,3.33256930997609,$LCB,Monthly
1965-05-01,-0.288713666139981,$LCB,Monthly
1965-06-01,-4.42916946792436,$LCB,Monthly
1965-07-01,1.48751073919951,$LCB,Monthly
1965-08-01,2.69270429297131,$LCB,Monthly
1965-09-01,3.20958884267347,$LCB,Monthly
1965-10-01,2.53092537977374,$LCB,Monthly
1965-11-01,-0.378455666406002,$LCB,Monthly
1965-12-01,0.909080039072604,$LCB,Monthly
1966-01-01,0.405017317912928,$LCB,Monthly
1966-02-01,-1.51767804434211,$LCB,Monthly
1966-03-01,-2.05614517406663,$LCB,Monthly
1966-04-01,2.05557363370968,$LCB,Monthly
1966-05-01,-4.48288904697979,$LCB,Monthly
1966-06-01,-1.28744291087806,$LCB,Monthly
1966-07-01,-1.20391743591899,$LCB,Monthly
1966-08-01,-7.07488621387422,$LCB,Monthly
1966-09-01,-0.459622132182618,$LCB,Monthly
1966-10-01,5.17844789672965,$LCB,Monthly
1966-11-01,1.31239299520317,$LCB,Monthly
1966-12-01,0.167717962906949,$LCB,Monthly
1967-01-01,7.36102247195081,$LCB,Monthly
1967-02-01,0.812974341580457,$LCB,Monthly
1967-03-01,4.036839610647,$LCB,Monthly
1967-04-01,4.21403983424415,$LCB,Monthly
1967-05-01,-4.5749625643357,$LCB,Monthly
1967-06-01,1.73081012607176,$LCB,Monthly
1967-07-01,4.45652672930086,$LCB,Monthly
1967-08-01,-0.687400141838847,$LCB,Monthly
1967-09-01,3.11754636638539,$LCB,Monthly
1967-10-01,-2.615954838078,$LCB,Monthly
1967-11-01,0.693911819201467,$LCB,Monthly
1967-12-01,2.51709425651369,$LCB,Monthly
1968-01-01,-4.16126284425333,$LCB,Monthly
1968-02-01,-2.75953761752643,$LCB,Monthly
1968-03-01,0.836522077932206,$LCB,Monthly
1968-04-01,8.37145149557966,$LCB,Monthly
1968-05-01,1.6134286889409,$LCB,Monthly
1968-06-01,1.23488228136818,$LCB,Monthly
1968-07-01,-1.89941643197413,$LCB,Monthly
1968-08-01,1.46457149781455,$LCB,Monthly
1968-09-01,3.87242513015189,$LCB,Monthly
1968-10-01,0.855232064869784,$LCB,Monthly
1968-11-01,5.38936050960874,$LCB,Monthly
1968-12-01,-4.08054316507803,$LCB,Monthly
1969-01-01,-0.687532760502097,$LCB,Monthly
1969-02-01,-4.50581281616089,$LCB,Monthly
1969-03-01,3.31854680184246,$LCB,Monthly
1969-04-01,2.24920422306795,$LCB,Monthly
1969-05-01,0.335546597633712,$LCB,Monthly
1969-06-01,-5.43335154641911,$LCB,Monthly
1969-07-01,-5.909636223607,$LCB,Monthly
1969-08-01,4.90973506726916,$LCB,Monthly
1969-09-01,-2.60488513025858,$LCB,Monthly
1969-10-01,4.99104662863188,$LCB,Monthly
1969-11-01,-2.89488383034036,$LCB,Monthly
1969-12-01,-1.40996311371837,$LCB,Monthly
1970-01-01,-7.76933948551206,$LCB,Monthly
1970-02-01,6.09867657058102,$LCB,Monthly
1970-03-01,-0.0339323323972699,$LCB,Monthly
1970-04-01,-9.23667071428673,$LCB,Monthly
1970-05-01,-5.52237134154486,$LCB,Monthly
1970-06-01,-4.92863076151683,$LCB,Monthly
1970-07-01,7.43872923397553,$LCB,Monthly
1970-08-01,4.76490669042763,$LCB,Monthly
1970-09-01,3.46759428085431,$LCB,Monthly
1970-10-01,-1.19188150098671,$LCB,Monthly
1970-11-01,5.59367002854248,$LCB,Monthly
1970-12-01,5.78438822732778,$LCB,Monthly
1971-01-01,4.19923659370411,$LCB,Monthly
1971-02-01,1.43896770648099,$LCB,Monthly
1971-03-01,4.08262351221866,$LCB,Monthly
1971-04-01,3.49793982576833,$LCB,Monthly
1971-05-01,-3.61349993937562,$LCB,Monthly
1971-06-01,0.509188246223417,$LCB,Monthly
1971-07-01,-3.87561861564088,$LCB,Monthly
1971-08-01,4.06998426330422,$LCB,Monthly
1971-09-01,-0.452234125961722,$LCB,Monthly
1971-10-01,-3.69966259207892,$LCB,Monthly
1971-11-01,0.361517912849777,$LCB,Monthly
1971-12-01,8.62603115027792,$LCB,Monthly
1972-01-01,1.90729454833267,$LCB,Monthly
1972-02-01,2.98474652624158,$LCB,Monthly
1972-03-01,0.893666675858273,$LCB,Monthly
1972-04-01,0.619456856752753,$LCB,Monthly
1972-05-01,1.98574031169514,$LCB,Monthly
1972-06-01,-2.01735436068602,$LCB,Monthly
1972-07-01,0.0310320147990956,$LCB,Monthly
1972-08-01,3.8672089159008,$LCB,Monthly
1972-09-01,-0.356043808376406,$LCB,Monthly
1972-10-01,1.28609603018609,$LCB,Monthly
1972-11-01,4.78955073089145,$LCB,Monthly
1972-12-01,1.41102602201477,$LCB,Monthly
1973-01-01,-1.93074270764439,$LCB,Monthly
1973-02-01,-3.57566992286177,$LCB,Monthly
1973-03-01,-0.194280520517636,$LCB,Monthly
1973-04-01,-4.18952607900775,$LCB,Monthly
1973-05-01,-1.22646845069377,$LCB,Monthly
1973-06-01,-0.529611769311076,$LCB,Monthly
1973-07-01,4.593016961906,$LCB,Monthly
1973-08-01,-2.95454390001935,$LCB,Monthly
1973-09-01,4.56416689388914,$LCB,Monthly
1973-10-01,-0.178284718040637,$LCB,Monthly
1973-11-01,-11.1787451242624,$LCB,Monthly
1973-12-01,1.66143412709362,$LCB,Monthly
1974-01-01,-0.969024877096268,$LCB,Monthly
1974-02-01,0.0788165606445844,$LCB,Monthly
1974-03-01,-2.43952220869725,$LCB,Monthly
1974-04-01,-4.21585805520434,$LCB,Monthly
1974-05-01,-3.04106756153035,$LCB,Monthly
1974-06-01,-1.88857395237229,$LCB,Monthly
1974-07-01,-7.9846068034849,$LCB,Monthly
1974-08-01,-8.69001628587965,$LCB,Monthly
1974-09-01,-11.4475652219003,$LCB,Monthly
1974-10-01,17.7641730927377,$LCB,Monthly
1974-11-01,-3.8559121966835,$LCB,Monthly
1974-12-01,-2.13466038610191,$LCB,Monthly
1975-01-01,12.2127436141965,$LCB,Monthly
1975-02-01,6.34485232425263,$LCB,Monthly
1975-03-01,2.55584519714548,$LCB,Monthly
1975-04-01,4.81183068019868,$LCB,Monthly
1975-05-01,5.40840171942336,$LCB,Monthly
1975-06-01,4.97882590550882,$LCB,Monthly
1975-07-01,-6.66598896337294,$LCB,Monthly
1975-08-01,-1.95471657120645,$LCB,Monthly
1975-09-01,-3.65739064244698,$LCB,Monthly
1975-10-01,6.45949989765701,$LCB,Monthly
1975-11-01,3.14394515788593,$LCB,Monthly
1975-12-01,-1.22179024732307,$LCB,Monthly
1976-01-01,11.8166761593993,$LCB,Monthly
1976-02-01,-0.590788199926302,$LCB,Monthly
1976-03-01,3.00479382538214,$LCB,Monthly
1976-04-01,-1.13157906018057,$LCB,Monthly
1976-05-01,-0.832096408462238,$LCB,Monthly
1976-06-01,4.5927837609053,$LCB,Monthly
1976-07-01,-0.698759037094851,$LCB,Monthly
1976-08-01,0.163528172083772,$LCB,Monthly
1976-09-01,2.56126876482229,$LCB,Monthly
1976-10-01,-2.05934354509125,$LCB,Monthly
1976-11-01,0.285446510314209,$LCB,Monthly
1976-12-01,5.47788275358112,$LCB,Monthly
1977-01-01,-4.64315986698297,$LCB,Monthly
1977-02-01,-1.67635324844627,$LCB,Monthly
1977-03-01,-1.27855784195155,$LCB,Monthly
1977-04-01,0.215506770567272,$LCB,Monthly
1977-05-01,-1.31841367679713,$LCB,Monthly
1977-06-01,4.88461044127722,$LCB,Monthly
1977-07-01,-1.52194991224005,$LCB,Monthly
1977-08-01,-1.4403527581993,$LCB,Monthly
1977-09-01,-0.0898083889654301,$LCB,Monthly
1977-10-01,-4.14381946125292,$LCB,Monthly
1977-11-01,3.91021969780434,$LCB,Monthly
1977-12-01,0.497347108789762,$LCB,Monthly
1978-01-01,-5.97419681909291,$LCB,Monthly
1978-02-01,-1.50313683502867,$LCB,Monthly
1978-03-01,2.82423817195129,$LCB,Monthly
1978-04-01,8.6272979024068,$LCB,Monthly
1978-05-01,1.55991964750886,$LCB,Monthly
1978-06-01,-1.47381372936245,$LCB,Monthly
1978-07-01,5.69038003433394,$LCB,Monthly
1978-08-01,3.6525813788648,$LCB,Monthly
1978-09-01,-0.789959167701715,$LCB,Monthly
1978-10-01,-9.69799862011855,$LCB,Monthly
1978-11-01,3.01752002587884,$LCB,Monthly
1978-12-01,1.53223666804013,$LCB,Monthly
1979-01-01,4.41862036426026,$LCB,Monthly
1979-02-01,-3.05165226190388,$LCB,Monthly
1979-03-01,5.89675048994152,$LCB,Monthly
1979-04-01,0.376791221833046,$LCB,Monthly
1979-05-01,-1.52095193773217,$LCB,Monthly
1979-06-01,4.44786301175739,$LCB,Monthly
1979-07-01,1.36638291215727,$LCB,Monthly
1979-08-01,6.04032013567243,$LCB,Monthly
1979-09-01,-0.0429660219171863,$LCB,Monthly
1979-10-01,-6.65623497677963,$LCB,Monthly
1979-11-01,5.75280723694273,$LCB,Monthly
1979-12-01,2.03289388007499,$LCB,Monthly
1980-01-01,5.95125601369983,$LCB,Monthly
1980-02-01,0.3868285334080117086971008300,VFINX,Monthly
1980-03-01,-9.790584999350439644440028070,VFINX,Monthly
1980-04-01,4.3227423069448153208536776100,VFINX,Monthly
1980-05-01,5.5249114882544378122090493500,VFINX,Monthly
1980-06-01,2.7963226935638115515779217300,VFINX,Monthly
1980-07-01,6.6236940567188984139787841700,VFINX,Monthly
1980-08-01,1.2666354877934711439528575400,VFINX,Monthly
1980-09-01,2.6948715068772528230949189500,VFINX,Monthly
1980-10-01,1.99065062302496794887361900,VFINX,Monthly
1980-11-01,10.964383079392050688663642780,VFINX,Monthly
1980-12-01,-5.9411081981408913307399527200,VFINX,Monthly
1981-01-01,-4.4282138284240141692027356300,VFINX,Monthly
1981-02-01,2.1113138215050698620017264400,VFINX,Monthly
1981-03-01,3.7318019007841578809295608600,VFINX,Monthly
1981-04-01,-2.1812050287655646544125895400,VFINX,Monthly
1981-05-01,0.6289601184744065144540857900,VFINX,Monthly
1981-06-01,-0.8576171670634714035186198600,VFINX,Monthly
1981-07-01,0,VFINX,Monthly
1981-08-01,-5.4429128672780355367563695300,VFINX,Monthly
1981-09-01,-5.0193590099127754631627066800,VFINX,Monthly
1981-10-01,5.2186374084816713840391996800,VFINX,Monthly
1981-11-01,4.4017027568159236760634944300,VFINX,Monthly
1981-12-01,-6.1733230483337763234524864100,VFINX,Monthly
1982-01-01,-1.4819546789480093481206651900,VFINX,Monthly
1982-02-01,-5.1013322649404318438105613300,VFINX,Monthly
1982-03-01,-0.6926709308078169727997444800,VFINX,Monthly
1982-04-01,4.1461831128208271866085922300,VFINX,Monthly
1982-05-01,-2.8339998184484990946313310100,VFINX,Monthly
1982-06-01,-1.6043447570117188306698494900,VFINX,Monthly
1982-07-01,-2.2158746784307219342729386100,VFINX,Monthly
1982-08-01,12.426895265163981509229236420,VFINX,Monthly
1982-09-01,1.0099689592775977331836086400,VFINX,Monthly
1982-10-01,11.132733642592934934340686090,VFINX,Monthly
1982-11-01,4.2179248768482880077694950500,VFINX,Monthly
1982-12-01,0.2974527605882163698019007200,VFINX,Monthly
1983-01-01,3.4168454086023604782443094700,VFINX,Monthly
1983-02-01,2.4779657959269049686077583500,VFINX,Monthly
1983-03-01,3.4999239690495546340864296500,VFINX,Monthly
1983-04-01,7.5996254109693444734344245300,VFINX,Monthly
1983-05-01,-0.8768558860233081625833946600,VFINX,Monthly
1983-06-01,3.7330238528989551856472002500,VFINX,Monthly
1983-07-01,-3.2489769776559253576747616400,VFINX,Monthly
1983-08-01,1.8271414178713479805195713600,VFINX,Monthly
1983-09-01,1.2489221642177831595943488200,VFINX,Monthly
1983-10-01,-1.4010524246113955148298988100,VFINX,Monthly
1983-11-01,2.2538478865267010316639630400,VFINX,Monthly
1983-12-01,-4.0776718751785439951448729800,VFINX,Monthly
1984-01-01,-0.5076343698329222172630629300,VFINX,Monthly
1984-02-01,-3.3163125481262236100667687300,VFINX,Monthly
1984-03-01,1.6469680071937545881169576800,VFINX,Monthly
1984-04-01,0.6812815896669697623169665700,VFINX,Monthly
1984-05-01,-5.3617013609801444960721668300,VFINX,Monthly
1984-06-01,2.21050566293787980412751800,VFINX,Monthly
1984-07-01,-1.4674077954744698231963271800,VFINX,Monthly
1984-08-01,11.196919258051073528196073680,VFINX,Monthly
1984-09-01,-0.0044529607494979952796078800,VFINX,Monthly
1984-10-01,0.2503157492757273017345117900,VFINX,Monthly
1984-11-01,-0.9985984161786434060701551200,VFINX,Monthly
1984-12-01,0.1254399281695664556784033700,VFINX,Monthly
1985-01-01,7.5818611788224236375769675800,VFINX,Monthly
1985-02-01,1.3809457352860199863668901500,VFINX,Monthly
1985-03-01,0.0052558203235197374196848600,VFINX,Monthly
1985-04-01,-0.2842324664104598671318857100,VFINX,Monthly
1985-05-01,6.03324820673040127826069400,VFINX,Monthly
1985-06-01,1.4358711279564063224249874300,VFINX,Monthly
1985-07-01,-0.2225967820162405285047424600,VFINX,Monthly
1985-08-01,-0.669389523055316132814721800,VFINX,Monthly
1985-09-01,-3.1408095131438025221882397900,VFINX,Monthly
1985-10-01,4.3966193493816465323774377700,VFINX,Monthly
1985-11-01,6.9445424552177886504395674300,VFINX,Monthly
1985-12-01,-2.2129539473000882452554173700,VFINX,Monthly
1986-01-01,0.4350289981149715329669631600,VFINX,Monthly
1986-02-01,7.5790056708195720518819751200,VFINX,Monthly
1986-03-01,5.4800909231533583691659289700,VFINX,Monthly
1986-04-01,-1.3451904800976718865669907100,VFINX,Monthly
1986-05-01,5.4538432506651045296570630700,VFINX,Monthly
1986-06-01,1.668280339180378491689293800,VFINX,Monthly
1986-07-01,-5.7424908994801048066138982400,VFINX,Monthly
1986-08-01,7.450557622385069630510271200,VFINX,Monthly
1986-09-01,-8.302112257696377189544518450,VFINX,Monthly
1986-10-01,5.6327092884921443274612285700,VFINX,Monthly
1986-11-01,2.5535044445890521752813591400,VFINX,Monthly
1986-12-01,-9.878770045178849151311321740,VFINX,Monthly
1987-01-01,13.267364465608344623499170150,VFINX,Monthly
1987-02-01,3.9650721241844139624022911800,VFINX,Monthly
1987-03-01,2.8499161836950486202531164200,VFINX,Monthly
1987-04-01,-0.992463032990062153821464900,VFINX,Monthly
1987-05-01,1.0369503906292210107733702200,VFINX,Monthly
1987-06-01,5.0229794586609985863089562500,VFINX,Monthly
1987-07-01,4.914752771919215562417854400,VFINX,Monthly
1987-08-01,3.8413964790410597262941846100,VFINX,Monthly
1987-09-01,-2.2829125790402731932053870800,VFINX,Monthly
1987-10-01,-21.726949221757397514310838170,VFINX,Monthly
1987-11-01,-8.185096167886671590357987820,VFINX,Monthly
1987-12-01,7.5450192549581957769454906800,VFINX,Monthly
1988-01-01,4.1831087814133802913032201700,VFINX,Monthly
1988-02-01,4.5899827335497688591223800600,VFINX,Monthly
1988-03-01,-3.0358492841468006003833072600,VFINX,Monthly
1988-04-01,1.0128179741556139391797595600,VFINX,Monthly
1988-05-01,0.8098725665772293814400025400,VFINX,Monthly
1988-06-01,4.5639885336331620280254570200,VFINX,Monthly
1988-07-01,-0.3682555244395478525910143200,VFINX,Monthly
1988-08-01,-3.401130893010896079871297900,VFINX,Monthly
1988-09-01,4.2575650299414081673545189100,VFINX,Monthly
1988-10-01,2.7346685245998114388649570900,VFINX,Monthly
1988-11-01,-1.4748166268377924565937986900,VFINX,Monthly
1988-12-01,1.7589484968627894492877361300,VFINX,Monthly
1989-01-01,7.321539418697744758010138700,VFINX,Monthly
1989-02-01,-2.4683139595940266183742861700,VFINX,Monthly
1989-03-01,2.2634634147216870042836710200,VFINX,Monthly
1989-04-01,5.1844134246427501275565976200,VFINX,Monthly
1989-05-01,4.0356705382300577734922351700,VFINX,Monthly
1989-06-01,-0.5904705382470143214613579500,VFINX,Monthly
1989-07-01,9.006013916861793641024979210,VFINX,Monthly
1989-08-01,1.8590324282723927770985673900,VFINX,Monthly
1989-09-01,-0.3979515035159536255768940800,VFINX,Monthly
1989-10-01,-2.3392234051799325477067861300,VFINX,Monthly
1989-11-01,2.0359610125194210814068875600,VFINX,Monthly
1989-12-01,2.3966876518491979873840054200,VFINX,Monthly
1990-01-01,-6.71815721450217424919843100,VFINX,Monthly
1990-02-01,1.2747009059377446049151308300,VFINX,Monthly
1990-03-01,2.6083786956460880845382766600,VFINX,Monthly
1990-04-01,-2.5015465067627525589794081600,VFINX,Monthly
1990-05-01,9.692741586659891040827263330,VFINX,Monthly
1990-06-01,-0.6555281126079765266559235300,VFINX,Monthly
1990-07-01,-0.3506838812825608696937121700,VFINX,Monthly
1990-08-01,-9.032287308560612137088007530,VFINX,Monthly
1990-09-01,-4.9043823010837002184882045400,VFINX,Monthly
1990-10-01,-0.4091870060901362711013362600,VFINX,Monthly
1990-11-01,6.4382873756091041106898091400,VFINX,Monthly
1990-12-01,2.6985194017554971392679080300,VFINX,Monthly
1991-01-01,4.3533572049224999188030703600,VFINX,Monthly
1991-02-01,7.1166047871182501574795430100,VFINX,Monthly
1991-03-01,2.4034635236746325968923714200,VFINX,Monthly
1991-04-01,0.1971379117929121019580158400,VFINX,Monthly
1991-05-01,4.2720632617884656812094762200,VFINX,Monthly
1991-06-01,-4.5556351802072606894720693200,VFINX,Monthly
1991-07-01,4.6267096076673529538171870100,VFINX,Monthly
1991-08-01,2.333151424372962393870313100,VFINX,Monthly
1991-09-01,-1.6689108322521819154360484900,VFINX,Monthly
1991-10-01,1.3275043149659764516068648700,VFINX,Monthly
1991-11-01,-4.0106398243330687127062693300,VFINX,Monthly
1991-12-01,11.393014099496510202853834730,VFINX,Monthly
1992-01-01,-1.8570717266547645211295586400,VFINX,Monthly
1992-02-01,1.2441644297834915730736740200,VFINX,Monthly
1992-03-01,-1.9252567121692005610953382800,VFINX,Monthly
1992-04-01,2.9141691340032365031233284900,VFINX,Monthly
1992-05-01,0.4846417087797203752702463700,VFINX,Monthly
1992-06-01,-1.4914776897173101640911974200,VFINX,Monthly
1992-07-01,4.0435031067687578479794380900,VFINX,Monthly
1992-08-01,-2.0676841703569930491514307800,VFINX,Monthly
1992-09-01,1.1710745786398287960787668300,VFINX,Monthly
1992-10-01,0.3287301886996667600684518800,VFINX,Monthly
1992-11-01,3.4022102050124270841511675200,VFINX,Monthly
1992-12-01,1.9244234001667491495347520400,VFINX,Monthly
1993-01-01,0.0969268993667556307866393500,VFINX,Monthly
1993-02-01,1.355972867694503507783286800,VFINX,Monthly
1993-03-01,2.1066169711440122713056819600,VFINX,Monthly
1993-04-01,-2.4241229091586257743632122100,VFINX,Monthly
1993-05-01,2.6531619516360175068814282500,VFINX,Monthly
1993-06-01,0.2642812371577674122756946300,VFINX,Monthly
1993-07-01,-0.4240294630848017300240635700,VFINX,Monthly
1993-08-01,3.7852152262407470862862112200,VFINX,Monthly
1993-09-01,-0.7909528665618203629260703400,VFINX,Monthly
1993-10-01,2.0785560358438590398757764600,VFINX,Monthly
1993-11-01,-0.9955055731985090998965420500,VFINX,Monthly
1993-12-01,1.2240926382225755634005881800,VFINX,Monthly
1994-01-01,3.3767423285749041987622677700,VFINX,Monthly
1994-02-01,-2.7147525523054413635769619900,VFINX,Monthly
1994-03-01,-4.3887322897179795884819330100,VFINX,Monthly
1994-04-01,1.2899651197960843203342229400,VFINX,Monthly
1994-05-01,1.6038326952052332005847430200,VFINX,Monthly
1994-06-01,-2.4449691346709490787392500,VFINX,Monthly
1994-07-01,3.2767496502458089604426359300,VFINX,Monthly
1994-08-01,4.075900876912271018109150900,VFINX,Monthly
1994-09-01,-2.4478790298606495295393211500,VFINX,Monthly
1994-10-01,2.2466618098500865783790556800,VFINX,Monthly
1994-11-01,-3.6547479773642185238714305300,VFINX,Monthly
1994-12-01,1.4563283018323310680034349600,VFINX,Monthly
1995-01-01,2.5832152663010564298336304900,VFINX,Monthly
1995-02-01,3.8793381159043430175992865500,VFINX,Monthly
1995-03-01,2.954074925503822026327275400,VFINX,Monthly
1995-04-01,2.9410597276234728142655016500,VFINX,Monthly
1995-05-01,3.9545382094624713297330592200,VFINX,Monthly
1995-06-01,2.3104189564252714761427192700,VFINX,Monthly
1995-07-01,3.3039831991885932777621156600,VFINX,Monthly
1995-08-01,0.2649117352596823486102783600,VFINX,Monthly
1995-09-01,4.2113211628631797638432202700,VFINX,Monthly
1995-10-01,-0.3636824619565846898115519200,VFINX,Monthly
1995-11-01,4.3803339826066087966662227200,VFINX,Monthly
1995-12-01,1.9351250186748985501931316600,VFINX,Monthly
1996-01-01,3.3853979883390732374558321800,VFINX,Monthly
1996-02-01,0.9235472924853727365901369200,VFINX,Monthly
1996-03-01,0.9788833086959824020158651400,VFINX,Monthly
1996-04-01,1.4562307607382458978244628300,VFINX,Monthly
1996-05-01,2.5443816280642222934671779600,VFINX,Monthly
1996-06-01,0.3828378481088227412030453700,VFINX,Monthly
1996-07-01,-4.4203894135798725250980246200,VFINX,Monthly
1996-08-01,2.0960961306682389484570614400,VFINX,Monthly
1996-09-01,5.6064417827207709202112573300,VFINX,Monthly
1996-10-01,2.7559072633750929167955915400,VFINX,Monthly
1996-11-01,7.5636093232193002902078843800,VFINX,Monthly
1996-12-01,-1.968051910097065078691875900,VFINX,Monthly
1997-01-01,6.2319228533847020927063264500,VFINX,Monthly
1997-02-01,0.7894200198332332483687851400,VFINX,Monthly
1997-03-01,-4.1366436083238285317951745300,VFINX,Monthly
1997-04-01,5.9556068351384447014976533200,VFINX,Monthly
1997-05-01,6.0881208548754732118915524700,VFINX,Monthly
1997-06-01,4.4508596839917993284761676900,VFINX,Monthly
1997-07-01,7.965649198800541542445074220,VFINX,Monthly
1997-08-01,-5.6090317817573675678960628500,VFINX,Monthly
1997-09-01,5.4664124338821703450721924100,VFINX,Monthly
1997-10-01,-3.3502676734343343496473423900,VFINX,Monthly
1997-11-01,4.5985298444941326850954645200,VFINX,Monthly
1997-12-01,1.7061146717931074261687403200,VFINX,Monthly
1998-01-01,1.1102631637225380134743825900,VFINX,Monthly
1998-02-01,7.1922830682812184373349528300,VFINX,Monthly
1998-03-01,5.1017680097093399404735131900,VFINX,Monthly
1998-04-01,1.0077264918517442527670773900,VFINX,Monthly
1998-05-01,-1.7435132656507656557420299100,VFINX,Monthly
1998-06-01,4.0726520973296994402206765700,VFINX,Monthly
1998-07-01,-1.0542732898027214808098569700,VFINX,Monthly
1998-08-01,-14.473552968632264984650480920,VFINX,Monthly
1998-09-01,6.4116675337777408084058584500,VFINX,Monthly
1998-10-01,8.164188985347750665082044090,VFINX,Monthly
1998-11-01,6.0715155612410080403183659300,VFINX,Monthly
1998-12-01,5.8056302065558087476833422700,VFINX,Monthly
1999-01-01,4.2036572219042102185167328700,VFINX,Monthly
1999-02-01,-3.1245105012419958819401163500,VFINX,Monthly
1999-03-01,3.9929675247777974261116804800,VFINX,Monthly
1999-04-01,3.8519860248768549203477011100,VFINX,Monthly
1999-05-01,-2.389079540315888431454736800,VFINX,Monthly
1999-06-01,5.5559412096064406060017155300,VFINX,Monthly
1999-07-01,-3.1301323191372885266999398200,VFINX,Monthly
1999-08-01,-0.4965824660887643392564679700,VFINX,Monthly
1999-09-01,-2.7396444187035362163066207700,VFINX,Monthly
1999-10-01,6.3265113319040575719397876900,VFINX,Monthly
1999-11-01,2.0230114902329508883124811700,VFINX,Monthly
1999-12-01,5.9891733351559638087940721300,VFINX,Monthly
2000-01-01,-5.0321335921871761182779930700,VFINX,Monthly
2000-02-01,-1.9063220725661078901390651500,VFINX,Monthly
2000-03-01,9.759923311554630303890862120,VFINX,Monthly
2000-04-01,-3.0055536408427396297389100700,VFINX,Monthly
2000-05-01,-2.0383071262340924783548468700,VFINX,Monthly
2000-06-01,2.4852338600106278991412045400,VFINX,Monthly
2000-07-01,-1.4908815329080835492498938600,VFINX,Monthly
2000-08-01,6.1899178425806413512512959900,VFINX,Monthly
2000-09-01,-5.2894588536443651821260411300,VFINX,Monthly
2000-10-01,-0.4298881638211997827255031200,VFINX,Monthly
2000-11-01,-7.8775805523273221675331670100,VFINX,Monthly
2000-12-01,0.5124866434833007860741666400,VFINX,Monthly
2001-01-01,3.5450402846674279754236168500,VFINX,Monthly
2001-02-01,-9.137688175332486140411624950,VFINX,Monthly
2001-03-01,-6.3613640612559354809878184600,VFINX,Monthly
2001-04-01,7.7705707586134330767628611900,VFINX,Monthly
2001-05-01,0.6500553919221693346854787300,VFINX,Monthly
2001-06-01,-2.4477198168817525094577714500,VFINX,Monthly
2001-07-01,-0.999878852784035479014343900,VFINX,Monthly
2001-08-01,-6.2741109953208105757139958700,VFINX,Monthly
2001-09-01,-8.097193076531169570523745790,VFINX,Monthly
2001-10-01,1.8950872260817870559221088500,VFINX,Monthly
2001-11-01,7.6537844470524228538149270500,VFINX,Monthly
2001-12-01,0.8752102486134265227073637900,VFINX,Monthly
2002-01-01,-1.4732265556764591405683956800,VFINX,Monthly
2002-02-01,-1.936183647395136649945619500,VFINX,Monthly
2002-03-01,3.7420454273358689456070830600,VFINX,Monthly
2002-04-01,-6.0746273514512560587127838400,VFINX,Monthly
2002-05-01,-0.7544046856901739950395793900,VFINX,Monthly
2002-06-01,-7.1396869746148818540186009400,VFINX,Monthly
2002-07-01,-7.7192768576756251333404285200,VFINX,Monthly
2002-08-01,0.6526155079643253104361151600,VFINX,Monthly
2002-09-01,-10.887977498681684016451348160,VFINX,Monthly
2002-10-01,8.782887227021882436218284590,VFINX,Monthly
2002-11-01,6.1560601351256808863732617200,VFINX,Monthly
2002-12-01,-6.1494333378548421736220176100,VFINX,Monthly
2003-01-01,-2.6247890550527567221946842900,VFINX,Monthly
2003-02-01,-1.518595780341809949506459400,VFINX,Monthly
2003-03-01,0.9546881091538529060237992700,VFINX,Monthly
2003-04-01,8.253527887165263409019013830,VFINX,Monthly
2003-05-01,5.2637681324240745563441991600,VFINX,Monthly
2003-06-01,1.2602770625305754180029378800,VFINX,Monthly
2003-07-01,1.7440148919548676909689060900,VFINX,Monthly
2003-08-01,1.9324951273834058880630984400,VFINX,Monthly
2003-09-01,-1.073844116127373144951767600,VFINX,Monthly
2003-10-01,5.6413037314627591909199409900,VFINX,Monthly
2003-11-01,0.8643189832299100680459513300,VFINX,Monthly
2003-12-01,5.2207313757994654519520906300,VFINX,Monthly
2004-01-01,1.8213924541791472210107055300,VFINX,Monthly
2004-02-01,1.3774349629501585453928185300,VFINX,Monthly
2004-03-01,-1.5138381601966081222418931100,VFINX,Monthly
2004-04-01,-1.5767923480263777459531705800,VFINX,Monthly
2004-05-01,1.3578148617702780760566585500,VFINX,Monthly
2004-06-01,1.9276412681268556266926804400,VFINX,Monthly
2004-07-01,-3.3108564453597995216084120800,VFINX,Monthly
2004-08-01,0.3826664030866140858979550800,VFINX,Monthly
2004-09-01,1.0677266898145910278911246100,VFINX,Monthly
2004-10-01,1.5146909253478847716546410300,VFINX,Monthly
2004-11-01,4.0458745527702653810793753200,VFINX,Monthly
2004-12-01,3.3938593151559079391675023600,VFINX,Monthly
2005-01-01,-2.4543176772262782595203437200,VFINX,Monthly
2005-02-01,2.0936592291703200193631347100,VFINX,Monthly
2005-03-01,-1.75974708924310781878011300,VFINX,Monthly
2005-04-01,-1.9119065450165322277950866200,VFINX,Monthly
2005-05-01,3.1674417355201957394180013700,VFINX,Monthly
2005-06-01,0.1242814821649102435233268200,VFINX,Monthly
2005-07-01,3.7063773027847996785601423400,VFINX,Monthly
2005-08-01,-0.9132645358717511283405958100,VFINX,Monthly
2005-09-01,0.7943370544958426867548832200,VFINX,Monthly
2005-10-01,-1.6784628158899358141974426800,VFINX,Monthly
2005-11-01,3.7646502029537018057527955900,VFINX,Monthly
2005-12-01,0.0226638109427871089979132500,VFINX,Monthly
2006-01-01,2.6453507183493594137821732700,VFINX,Monthly
2006-02-01,0.2543051168927339960285209300,VFINX,Monthly
2006-03-01,1.2397598500940713490838424900,VFINX,Monthly
2006-04-01,1.3335012776903483494741148700,VFINX,Monthly
2006-05-01,-2.8966707355296327920434243500,VFINX,Monthly
2006-06-01,0.1275201149491558879047915700,VFINX,Monthly
2006-07-01,0.6068716078316733084166444600,VFINX,Monthly
2006-08-01,2.3619075591082287417450845400,VFINX,Monthly
2006-09-01,2.5623386541159283146981431200,VFINX,Monthly
2006-10-01,3.2509821364639400317012933800,VFINX,Monthly
2006-11-01,1.8812972763521438710678027700,VFINX,Monthly
2006-12-01,1.4013167362244989388486170100,VFINX,Monthly
2007-01-01,1.4931931016061326784582995300,VFINX,Monthly
2007-02-01,-1.9692460685195844035475468700,VFINX,Monthly
2007-03-01,1.1120752615508443732889510100,VFINX,Monthly
2007-04-01,4.4179167322589096962312013500,VFINX,Monthly
2007-05-01,3.4770790825451299792539247900,VFINX,Monthly
2007-06-01,-1.6744101290535699575434134500,VFINX,Monthly
2007-07-01,-3.0918565129427697069373175400,VFINX,Monthly
2007-08-01,1.4983972644459688001164867400,VFINX,Monthly
2007-09-01,3.7259942767230508393429799600,VFINX,Monthly
2007-10-01,1.5788223430923605083684493200,VFINX,Monthly
2007-11-01,-4.1867750994632282775575623600,VFINX,Monthly
2007-12-01,-0.6908638019319941821222146600,VFINX,Monthly
2008-01-01,-6.0155076020678429243608393100,VFINX,Monthly
2008-02-01,-3.2514188215990943509022574200,VFINX,Monthly
2008-03-01,-0.4460409478310760774154591300,VFINX,Monthly
2008-04-01,4.862402167286594544546309200,VFINX,Monthly
2008-05-01,1.2845583633703142088630648600,VFINX,Monthly
2008-06-01,-8.451037242134013759120277580,VFINX,Monthly
2008-07-01,-0.8316885558532806800060775700,VFINX,Monthly
2008-08-01,1.4463042453442664328550808700,VFINX,Monthly
2008-09-01,-8.895849565906707651437276770,VFINX,Monthly
2008-10-01,-16.792405080988592703470973680,VFINX,Monthly
2008-11-01,-7.1748522959291098514073161300,VFINX,Monthly
2008-12-01,1.071844424003835930524468500,VFINX,Monthly
2009-01-01,-8.412580083272297962921391540,VFINX,Monthly
2009-02-01,-10.657047778853690415982943620,VFINX,Monthly
2009-03-01,8.777495383294532711638599320,VFINX,Monthly
2009-04-01,9.558864437694523868536313600,VFINX,Monthly
2009-05-01,5.6176469276159551773779968300,VFINX,Monthly
2009-06-01,0.2211642354442513700618071700,VFINX,Monthly
2009-07-01,7.5778936337158119463224894900,VFINX,Monthly
2009-08-01,3.5988772762245721496120321700,VFINX,Monthly
2009-09-01,3.725920435445222808794421500,VFINX,Monthly
2009-10-01,-1.8676225470626142205148929400,VFINX,Monthly
2009-11-01,5.9814097202821238429547034900,VFINX,Monthly
2009-12-01,1.9462814827460320433245939500,VFINX,Monthly
2010-01-01,-3.6037485965715158844737979600,VFINX,Monthly
2010-02-01,3.0918224769273435022567190600,VFINX,Monthly
2010-03-01,6.0160737678514515464014903100,VFINX,Monthly
2010-04-01,1.5779980311696297469243249100,VFINX,Monthly
2010-05-01,-7.995988424517942021814858920,VFINX,Monthly
2010-06-01,-5.2497736530362611296258539500,VFINX,Monthly
2010-07-01,6.996115712732472870500571900,VFINX,Monthly
2010-08-01,-4.5298054131264701844916176900,VFINX,Monthly
2010-09-01,8.914258921423205387689027700,VFINX,Monthly
2010-10-01,3.7753968001461185212176495700,VOO,Monthly
2010-11-01,-0.1107985798242248557790497500,VOO,Monthly
2010-12-01,6.9209586320837127257552893200,VOO,Monthly
2011-01-01,2.2233859217416392725039541100,VOO,Monthly
2011-02-01,3.4664256908053813898386974100,VOO,Monthly
2011-03-01,0.0023696635545366166099639500,VOO,Monthly
2011-04-01,2.9363616761477993856250431400,VOO,Monthly
2011-05-01,-1.1698876162854969611651086400,VOO,Monthly
2011-06-01,-1.681138973797668729909470400,VOO,Monthly
2011-07-01,-2.0550071400143859533928719600,VOO,Monthly
2011-08-01,-5.5160736402722932029514211600,VOO,Monthly
2011-09-01,-6.7856544628023929541850313100,VOO,Monthly
2011-10-01,10.741889838665235496309115030,VOO,Monthly
2011-11-01,-0.2965835875652623652786074400,VOO,Monthly
2011-12-01,1.1262103946894035778257542400,VOO,Monthly
2012-01-01,4.473447900276761694463887200,VOO,Monthly
2012-02-01,4.28188471397540493571916500,VOO,Monthly
2012-03-01,3.3026446458983864753762631800,VOO,Monthly
2012-04-01,-0.6369572945117451561607611400,VOO,Monthly
2012-05-01,-6.003748378158241939614967700,VOO,Monthly
2012-06-01,4.135810719713415701276286700,VOO,Monthly
2012-07-01,1.2042324112687306876781479400,VOO,Monthly
2012-08-01,2.5067554961843043945258322300,VOO,Monthly
2012-09-01,2.5516941935863100794935247400,VOO,Monthly
2012-10-01,-1.9569154940561772384253695600,VOO,Monthly
2012-11-01,0.5724909834472512814338965500,VOO,Monthly
2012-12-01,1.0133987585422288403787022700,VOO,Monthly
2013-01-01,5.1694735205908821714719813200,VOO,Monthly
2013-02-01,1.3273105456354914715433936200,VOO,Monthly
2013-03-01,3.6124571310275598860256471300,VOO,Monthly
2013-04-01,2.093797945750643473317676300,VOO,Monthly
2013-05-01,2.3243179694464812461119531400,VOO,Monthly
2013-06-01,-1.5077730217274971248743926200,VOO,Monthly
2013-07-01,5.3040983380330606502370149300,VOO,Monthly
2013-08-01,-3.0817309313698269257540165500,VOO,Monthly
2013-09-01,3.3896633684380827183347816900,VOO,Monthly
2013-10-01,4.4675527208006500528424229700,VOO,Monthly
2013-11-01,2.9960150629247269402951945100,VOO,Monthly
2013-12-01,2.6373503348107890084148533700,VOO,Monthly
2014-01-01,-3.5294268401212128719373492900,VOO,Monthly
2014-02-01,4.5655175145696591270781967200,VOO,Monthly
2014-03-01,0.8803834430210231131731932600,VOO,Monthly
2014-04-01,0.7236644447044790663590827200,VOO,Monthly
2014-05-01,2.2944789081954792552407108200,VOO,Monthly
2014-06-01,2.0889181603612444839965245300,VOO,Monthly
2014-07-01,-1.3765550680054019941313305900,VOO,Monthly
2014-08-01,3.9726524954174441938767416700,VOO,Monthly
2014-09-01,-1.3806292135694291638829582700,VOO,Monthly
2014-10-01,2.4032870190570235310225688500,VOO,Monthly
2014-11-01,2.7577814995489646609990647900,VOO,Monthly
2014-12-01,-0.8577596260078857008987821100,VOO,Monthly
2015-01-01,-2.8715423778923746499253190200,VOO,Monthly
2015-02-01,5.5795240850019806269482441700,VOO,Monthly
2015-03-01,-1.5707665013438117040712699700,VOO,Monthly
2015-04-01,1.0042799548421049088104392800,VOO,Monthly
2015-05-01,1.2506731667113785273227681800,VOO,Monthly
2015-06-01,-1.9470375866878106582304037600,VOO,Monthly
2015-07-01,2.1764741929241360487297452200,VOO,Monthly
2015-08-01,-6.1363254489583039666206196600,VOO,Monthly
2015-09-01,-2.4655897490667462684364994400,VOO,Monthly
2015-10-01,8.451420651928209529472198020,VOO,Monthly
2015-11-01,0.4250706884583541565589529300,VOO,Monthly
2015-12-01,-1.7382058086315842833916695300,VOO,Monthly
2016-01-01,-4.9109531730985662311658596500,VOO,Monthly
2016-02-01,-0.2081574424917343217884472400,VOO,Monthly
2016-03-01,6.8734055298391934780855973200,VOO,Monthly
2016-04-01,0.3499984923668518371453139600,VOO,Monthly
2016-05-01,1.7545788167431330128544109900,VOO,Monthly
2016-06-01,0.3222836032143515170414537900,VOO,Monthly
2016-07-01,3.6836572008689381211566693700,VOO,Monthly
2016-08-01,0.1204434856605591874413427400,VOO,Monthly
2016-09-01,0.0289788274163314095592528100,VOO,Monthly
2016-10-01,-1.7917201833670559459865463600,VOO,Monthly
2016-11-01,3.7257455424222271623380964900,VOO,Monthly
2016-12-01,2.0719607424067214616008481100,VOO,Monthly
2017-01-01,1.7826812998084541638558386400,VOO,Monthly
2017-02-01,3.8761499970924003137036031500,VOO,Monthly
2017-03-01,0.1318833331230487304795010900,VOO,Monthly
2017-04-01,1.0399564251528535134012344200,VOO,Monthly
2017-05-01,1.4044023770102553474989017200,VOO,Monthly
2017-06-01,0.6296572741616381093249610200,VOO,Monthly
2017-07-01,2.0624993178033220218941584800,VOO,Monthly
2017-08-01,0.2912129796806529288756633800,VOO,Monthly
2017-09-01,2.0422294766798197948887237100,VOO,Monthly
2017-10-01,2.3271133394111935331884025400,VOO,Monthly
2017-11-01,3.0576405467409697977894501200,VOO,Monthly
2017-12-01,1.2826553987892227290113479400,VOO,Monthly
2018-01-01,5.5852410001026677864469958600,VOO,Monthly
2018-02-01,-3.7260319790504667523038506100,VOO,Monthly
2018-03-01,-2.467608944793852959290236400,VOO,Monthly
2018-04-01,0.3469702472136651602478433600,VOO,Monthly
2018-05-01,2.4164585376879819539064047200,VOO,Monthly
2018-06-01,0.7584506567164511381147537500,VOO,Monthly
2018-07-01,3.562984491562616756932036700,VOO,Monthly
2018-08-01,3.2198058831204497108903007700,VOO,Monthly
2018-09-01,0.5761473503614836913339586300,VOO,Monthly
2018-10-01,-6.8376669143695114429280686500,VOO,Monthly
2018-11-01,1.8851258840826334088581204600,VOO,Monthly
2018-12-01,-8.847179974610681523279808290,VOO,Monthly
2019-01-01,7.9195771826043557506376687800,VOO,Monthly
2019-02-01,3.2498815169254290167883671900,VOO,Monthly
2019-03-01,1.925618164837062159707909800,VOO,Monthly
2019-04-01,4.0341075535432429519392895600,VOO,Monthly
2019-05-01,-6.347934813642472916442425600,VOO,Monthly
2019-06-01,6.9911513098905166366949966100,VOO,Monthly
2019-07-01,1.4601176509448685674267514600,VOO,Monthly
2019-08-01,-1.6404953577921412102621662300,VOO,Monthly
2019-09-01,1.972266877251592846162563500,VOO,Monthly
2019-10-01,2.1826746425703391244431759100,VOO,Monthly
2019-11-01,3.6259148364764927402190720900,VOO,Monthly
2019-12-01,2.9736800767475699198174532800,VOO,Monthly
2020-01-01,-0.0371962765643789696092946600,VOO,Monthly
2020-02-01,-8.099697500673052485105329070,VOO,Monthly
2020-03-01,-12.441386293895966523965527930,VOO,Monthly
2020-04-01,12.786071541489924515311401450,VOO,Monthly
2020-05-01,4.7360579417862294447925847400,VOO,Monthly
2020-06-01,1.842101206703666573147799300,VOO,Monthly
2020-07-01,5.8815286631325519491912268100,VOO,Monthly
2020-08-01,6.9710337797344116757121201400,VOO,Monthly
2020-09-01,-3.7562834362230488357890913400,VOO,Monthly
2020-10-01,-2.5451190113795216027845385600,VOO,Monthly
2020-11-01,10.946562013628563183171577870,VOO,Monthly
2020-12-01,3.7444059012616222893742691700,VOO,Monthly
2021-01-01,-1.0212631285585922501271678100,VOO,Monthly
2021-02-01,2.7661794677363169438672161800,VOO,Monthly
2021-03-01,4.5752611717199122327365574400,VOO,Monthly
2021-04-01,5.2895875644847876670795790100,VOO,Monthly
2021-05-01,0.6674340967649614690110863800,VOO,Monthly
2021-06-01,2.2595302741227443780675099800,VOO,Monthly
2021-07-01,2.4471306488770341114514370200,VOO,Monthly
2021-08-01,2.9517723293673952931934819400,VOO,Monthly
2021-09-01,-4.6636754238368424820792561600,VOO,Monthly
2021-10-01,7.0385449141463351909482477600,VOO,Monthly
2021-11-01,-0.7343104817051962433389187600,VOO,Monthly
2021-12-01,4.5602210675187453089645346500,VOO,Monthly
2022-01-01,-5.2408474082371449664524509500,VOO,Monthly
2022-02-01,-2.9805027079391420755422492600,VOO,Monthly
2022-03-01,3.7892002782083234493026458500,VOO,Monthly
2022-04-01,-8.784356188588592391633880810,VOO,Monthly
2022-05-01,0.2587797882307888588993400200,VOO,Monthly
2022-06-01,-8.264491394208598694351411740,VOO,Monthly
2022-07-01,9.199153877718882511484533280,VOO,Monthly
2022-08-01,-4.1289398544372517442421017200,VOO,Monthly
2022-09-01,-9.198876676437831004215313360,VOO,Monthly
2022-10-01,8.117572083705172105248271290,VOO,Monthly
2022-11-01,5.5049921071420710286178914100,VOO,Monthly
2022-12-01,-5.7324425872733527223034647700,VOO,Monthly
2023-01-01,6.2902194315665512597333363900,VOO,Monthly
2023-02-01,-2.498401504917916872798985800,VOO,Monthly
2023-03-01,3.7099804704126123148081908400,VOO,Monthly
2023-04-01,1.5901187739190831308856086600,VOO,Monthly
2023-05-01,0.4816232904928606543916972200,VOO,Monthly
2023-06-01,6.5098743512400616846903230100,VOO,Monthly
2023-07-01,3.2901299902524814362731026400,VOO,Monthly
2023-08-01,-1.6283168466411317957234189900,VOO,Monthly
2023-09-01,-4.7439457417871005358149015100,VOO,Monthly
2023-10-01,-2.172137724929770349556627100,VOO,Monthly
2023-11-01,9.170411694466887093276405090,VOO,Monthly
2023-12-01,4.5786091554664080946781516100,VOO,Monthly
2024-01-01,1.6071563795018590338629431400,VOO,Monthly
2024-02-01,5.2070563296881890999241652600,VOO,Monthly
2024-03-01,3.2801254601353771390331069800,VOO,Monthly
2024-04-01,-4.0087460827027360403139565600,VOO,Monthly
2024-05-01,5.0256855878615588216302966100,VOO,Monthly
2024-06-01,3.5671518644003678883783635400,VOO,Monthly
2024-07-01,-1.0697230613068296112327833600,VOO,Monthly
