1926-07-01,2.96666764511213,$MCG,Monthly
1926-08-01,1.71308971729058,$MCG,Monthly
1926-09-01,0.186938300354961,$MCG,Monthly
1926-10-01,-3.12828037266871,$MCG,Monthly
1926-11-01,3.91227346362603,$MCG,Monthly
1926-12-01,2.95474502313035,$MCG,Monthly
1927-01-01,0.924925562829633,$MCG,Monthly
1927-02-01,5.03282508497128,$MCG,Monthly
1927-03-01,-1.35098457402715,$MCG,Monthly
1927-04-01,1.51279848069304,$MCG,Monthly
1927-05-01,5.64535786820329,$MCG,Monthly
1927-06-01,-1.97870654297632,$MCG,Monthly
1927-07-01,6.72759405911564,$MCG,Monthly
1927-08-01,3.99144094379053,$MCG,Monthly
1927-09-01,3.09219127439161,$MCG,Monthly
1927-10-01,-1.94909883403221,$MCG,Monthly
1927-11-01,8.55767567198451,$MCG,Monthly
1927-12-01,4.93572018645751,$MCG,Monthly
1928-01-01,1.76136691360946,$MCG,Monthly
1928-02-01,-3.16276183888318,$MCG,Monthly
1928-03-01,12.5503802615947,$MCG,Monthly
1928-04-01,3.22974957934217,$MCG,Monthly
1928-05-01,2.24731051983064,$MCG,Monthly
1928-06-01,-5.74305362932155,$MCG,Monthly
1928-07-01,0.528901745433348,$MCG,Monthly
1928-08-01,8.26154483423464,$MCG,Monthly
1928-09-01,3.9853487498973,$MCG,Monthly
1928-10-01,-0.340563871409604,$MCG,Monthly
1928-11-01,10.1860572954326,$MCG,Monthly
1928-12-01,2.03070033488851,$MCG,Monthly
1929-01-01,5.8003411165437,$MCG,Monthly
1929-02-01,-1.24350429227528,$MCG,Monthly
1929-03-01,-3.24296869557093,$MCG,Monthly
1929-04-01,1.17804658560082,$MCG,Monthly
1929-05-01,-5.44814210020421,$MCG,Monthly
1929-06-01,11.6884748149488,$MCG,Monthly
1929-07-01,3.26660105252878,$MCG,Monthly
1929-08-01,5.66586719864201,$MCG,Monthly
1929-09-01,-1.99584550490245,$MCG,Monthly
1929-10-01,-22.2079567273693,$MCG,Monthly
1929-11-01,-13.5631772936983,$MCG,Monthly
1929-12-01,2.39327957017965,$MCG,Monthly
1930-01-01,6.12454964643187,$MCG,Monthly
1930-02-01,2.41475543335894,$MCG,Monthly
1930-03-01,4.83442731929708,$MCG,Monthly
1930-04-01,-5.33562456087914,$MCG,Monthly
1930-05-01,-0.772724116252563,$MCG,Monthly
1930-06-01,-17.387103393928,$MCG,Monthly
1930-07-01,5.28903838558372,$MCG,Monthly
1930-08-01,-0.42817065106054,$MCG,Monthly
1930-09-01,-12.2912731518695,$MCG,Monthly
1930-10-01,-10.8388319514429,$MCG,Monthly
1930-11-01,-1.16828754975617,$MCG,Monthly
1930-12-01,-7.93693273542423,$MCG,Monthly
1931-01-01,6.5385218774488,$MCG,Monthly
1931-02-01,13.4752203877461,$MCG,Monthly
1931-03-01,-5.73387366620889,$MCG,Monthly
1931-04-01,-10.8809592827442,$MCG,Monthly
1931-05-01,-12.3657282729799,$MCG,Monthly
1931-06-01,12.3615960545275,$MCG,Monthly
1931-07-01,-6.22881385732338,$MCG,Monthly
1931-08-01,0.427054297477089,$MCG,Monthly
1931-09-01,-29.965012062681,$MCG,Monthly
1931-10-01,10.3722739361869,$MCG,Monthly
1931-11-01,-7.39138741913125,$MCG,Monthly
1931-12-01,-11.8867889823917,$MCG,Monthly
1932-01-01,1.66956173300233,$MCG,Monthly
1932-02-01,4.45991163603976,$MCG,Monthly
1932-03-01,-10.7863731838178,$MCG,Monthly
1932-04-01,-20.1875686874488,$MCG,Monthly
1932-05-01,-26.4388836289245,$MCG,Monthly
1932-06-01,2.11823263772493,$MCG,Monthly
1932-07-01,27.6331709751233,$MCG,Monthly
1932-08-01,29.0505940125417,$MCG,Monthly
1932-09-01,-1.33106413307965,$MCG,Monthly
1932-10-01,-11.5554977417738,$MCG,Monthly
1932-11-01,-3.44381151515964,$MCG,Monthly
1932-12-01,4.81528613389178,$MCG,Monthly
1933-01-01,1.65052955353233,$MCG,Monthly
1933-02-01,-13.7245644893233,$MCG,Monthly
1933-03-01,4.67106525224012,$MCG,Monthly
1933-04-01,34.4238374739172,$MCG,Monthly
1933-05-01,18.0171827785551,$MCG,Monthly
1933-06-01,11.193038710045,$MCG,Monthly
1933-07-01,-9.45031400504977,$MCG,Monthly
1933-08-01,13.5891869774947,$MCG,Monthly
1933-09-01,-9.12232412338746,$MCG,Monthly
1933-10-01,-5.59557410437092,$MCG,Monthly
1933-11-01,7.02990138433953,$MCG,Monthly
1933-12-01,1.05243272844181,$MCG,Monthly
1934-01-01,13.0413239941945,$MCG,Monthly
1934-02-01,-3.21508965470757,$MCG,Monthly
1934-03-01,1.31503043949513,$MCG,Monthly
1934-04-01,-1.27783465404089,$MCG,Monthly
1934-05-01,-5.31045841068575,$MCG,Monthly
1934-06-01,3.0749323041708,$MCG,Monthly
1934-07-01,-11.9656376101558,$MCG,Monthly
1934-08-01,6.37005318568447,$MCG,Monthly
1934-09-01,-1.05064084501286,$MCG,Monthly
1934-10-01,1.71692736635981,$MCG,Monthly
1934-11-01,11.7267677202185,$MCG,Monthly
1934-12-01,0.89461249650703,$MCG,Monthly
1935-01-01,-3.96635966440758,$MCG,Monthly
1935-02-01,-0.128072161523981,$MCG,Monthly
1935-03-01,-5.93236981111661,$MCG,Monthly
1935-04-01,8.16017978939412,$MCG,Monthly
1935-05-01,3.67473110107486,$MCG,Monthly
1935-06-01,6.80115187486641,$MCG,Monthly
1935-07-01,7.42283939627218,$MCG,Monthly
1935-08-01,0.161095048337582,$MCG,Monthly
1935-09-01,4.78957410235007,$MCG,Monthly
1935-10-01,8.50282581851629,$MCG,Monthly
1935-11-01,3.0369556779841,$MCG,Monthly
1935-12-01,2.78793200911428,$MCG,Monthly
1936-01-01,3.84536079066627,$MCG,Monthly
1936-02-01,5.51929441182767,$MCG,Monthly
1936-03-01,0.410095549697514,$MCG,Monthly
1936-04-01,-10.0338004363006,$MCG,Monthly
1936-05-01,4.64350913597205,$MCG,Monthly
1936-06-01,2.67763689030275,$MCG,Monthly
1936-07-01,3.85310202673485,$MCG,Monthly
1936-08-01,1.70856898693322,$MCG,Monthly
1936-09-01,2.99258681204105,$MCG,Monthly
1936-10-01,3.90857291293527,$MCG,Monthly
1936-11-01,5.16294959565987,$MCG,Monthly
1936-12-01,0.644753929086967,$MCG,Monthly
1937-01-01,2.19845931522742,$MCG,Monthly
1937-02-01,1.35334111933475,$MCG,Monthly
1937-03-01,-0.809978088992911,$MCG,Monthly
1937-04-01,-6.87214952894786,$MCG,Monthly
1937-05-01,-1.21586911410346,$MCG,Monthly
1937-06-01,-2.75093924179101,$MCG,Monthly
1937-07-01,8.44717493112541,$MCG,Monthly
1937-08-01,-2.84136760889177,$MCG,Monthly
1937-09-01,-15.7560156827547,$MCG,Monthly
1937-10-01,-11.1643663223004,$MCG,Monthly
1937-11-01,-9.05638618208909,$MCG,Monthly
1937-12-01,-3.18229999513368,$MCG,Monthly
1938-01-01,-0.466144451870327,$MCG,Monthly
1938-02-01,9.40271600722979,$MCG,Monthly
1938-03-01,-23.5293618131895,$MCG,Monthly
1938-04-01,15.8594531705113,$MCG,Monthly
1938-05-01,-4.63826975988838,$MCG,Monthly
1938-06-01,26.1516372818188,$MCG,Monthly
1938-07-01,8.65192761933756,$MCG,Monthly
1938-08-01,-2.86800847382195,$MCG,Monthly
1938-09-01,0.744080045591242,$MCG,Monthly
1938-10-01,9.82775096836607,$MCG,Monthly
1938-11-01,-0.60019709496583,$MCG,Monthly
1938-12-01,4.48505622394704,$MCG,Monthly
1939-01-01,-8.51332587319084,$MCG,Monthly
1939-02-01,3.88968263156409,$MCG,Monthly
1939-03-01,-14.3379827050324,$MCG,Monthly
1939-04-01,-0.102345369611414,$MCG,Monthly
1939-05-01,8.37691966450394,$MCG,Monthly
1939-06-01,-7.2445195541128,$MCG,Monthly
1939-07-01,13.0642772285224,$MCG,Monthly
1939-08-01,-9.80912411203842,$MCG,Monthly
1939-09-01,16.3559234655767,$MCG,Monthly
1939-10-01,0.178962483166148,$MCG,Monthly
1939-11-01,-5.16598165528433,$MCG,Monthly
1939-12-01,3.1416754667685,$MCG,Monthly
1940-01-01,-1.78964346716613,$MCG,Monthly
1940-02-01,0.797416804432379,$MCG,Monthly
1940-03-01,2.34882344774997,$MCG,Monthly
1940-04-01,-0.844260159779631,$MCG,Monthly
1940-05-01,-22.8849989163895,$MCG,Monthly
1940-06-01,5.30530970940814,$MCG,Monthly
1940-07-01,3.14928891785595,$MCG,Monthly
1940-08-01,2.76607357189447,$MCG,Monthly
1940-09-01,3.28482635835554,$MCG,Monthly
1940-10-01,3.42506790278269,$MCG,Monthly
1940-11-01,-2.05327766782658,$MCG,Monthly
1940-12-01,-0.843107044173441,$MCG,Monthly
1941-01-01,-3.92933711544598,$MCG,Monthly
1941-02-01,-1.46877812972698,$MCG,Monthly
1941-03-01,0.0885214557130415,$MCG,Monthly
1941-04-01,-5.69439454992873,$MCG,Monthly
1941-05-01,0.521638161211301,$MCG,Monthly
1941-06-01,6.19179983493149,$MCG,Monthly
1941-07-01,7.69699799782029,$MCG,Monthly
1941-08-01,-0.0936455126969615,$MCG,Monthly
1941-09-01,-0.650227584020473,$MCG,Monthly
1941-10-01,-6.26067236731881,$MCG,Monthly
1941-11-01,-2.15496699195264,$MCG,Monthly
1941-12-01,-5.41953754691379,$MCG,Monthly
1942-01-01,1.67541407300668,$MCG,Monthly
1942-02-01,-3.14429811275159,$MCG,Monthly
1942-03-01,-5.72906972230036,$MCG,Monthly
1942-04-01,-6.36674348487906,$MCG,Monthly
1942-05-01,7.1013492370491,$MCG,Monthly
1942-06-01,3.83083664505796,$MCG,Monthly
1942-07-01,3.50471564507002,$MCG,Monthly
1942-08-01,2.37145954067456,$MCG,Monthly
1942-09-01,1.91684231973375,$MCG,Monthly
1942-10-01,4.64566048147986,$MCG,Monthly
1942-11-01,0.380660183244464,$MCG,Monthly
1942-12-01,6.64516641286051,$MCG,Monthly
1943-01-01,6.84859078866348,$MCG,Monthly
1943-02-01,5.68439395751841,$MCG,Monthly
1943-03-01,7.34139183421697,$MCG,Monthly
1943-04-01,-0.325628720010466,$MCG,Monthly
1943-05-01,4.19853375448158,$MCG,Monthly
1943-06-01,3.19496363569214,$MCG,Monthly
1943-07-01,-5.00420588521952,$MCG,Monthly
1943-08-01,1.9556457420389,$MCG,Monthly
1943-09-01,1.80819860684454,$MCG,Monthly
1943-10-01,-1.50105140753486,$MCG,Monthly
1943-11-01,-6.96489836921919,$MCG,Monthly
1943-12-01,7.73841194690599,$MCG,Monthly
1944-01-01,2.11513943205944,$MCG,Monthly
1944-02-01,0.250151764052814,$MCG,Monthly
1944-03-01,1.83945838531084,$MCG,Monthly
1944-04-01,-2.23497101434596,$MCG,Monthly
1944-05-01,4.87810412256142,$MCG,Monthly
1944-06-01,6.60219626648217,$MCG,Monthly
1944-07-01,-0.81831074787332,$MCG,Monthly
1944-08-01,1.83988423471077,$MCG,Monthly
1944-09-01,0.397608846018773,$MCG,Monthly
1944-10-01,-0.0226376164250997,$MCG,Monthly
1944-11-01,0.872644250335873,$MCG,Monthly
1944-12-01,3.60182343208456,$MCG,Monthly
1945-01-01,3.01479649584957,$MCG,Monthly
1945-02-01,6.26552494206894,$MCG,Monthly
1945-03-01,-3.80247325959139,$MCG,Monthly
1945-04-01,8.21738085681894,$MCG,Monthly
1945-05-01,0.826637741319357,$MCG,Monthly
1945-06-01,-0.282102147505325,$MCG,Monthly
1945-07-01,-3.41541311674465,$MCG,Monthly
1945-08-01,8.18882199900765,$MCG,Monthly
1945-09-01,5.03874141529684,$MCG,Monthly
1945-10-01,3.46736339452212,$MCG,Monthly
1945-11-01,7.20526076329663,$MCG,Monthly
1945-12-01,2.11591036037847,$MCG,Monthly
1946-01-01,5.6729924256865,$MCG,Monthly
1946-02-01,-5.69922348341733,$MCG,Monthly
1946-03-01,7.55920135427894,$MCG,Monthly
1946-04-01,4.73182649473373,$MCG,Monthly
1946-05-01,4.37838333991163,$MCG,Monthly
1946-06-01,-5.65330718017983,$MCG,Monthly
1946-07-01,-3.04578027447569,$MCG,Monthly
1946-08-01,-6.18366961597469,$MCG,Monthly
1946-09-01,-10.1356844181811,$MCG,Monthly
1946-10-01,-2.25960463205931,$MCG,Monthly
1946-11-01,0.587378445287965,$MCG,Monthly
1946-12-01,6.24609160264751,$MCG,Monthly
1947-01-01,-0.310858832724436,$MCG,Monthly
1947-02-01,-1.50663908624284,$MCG,Monthly
1947-03-01,-0.822913071101628,$MCG,Monthly
1947-04-01,-6.04062756622598,$MCG,Monthly
1947-05-01,-3.27829656839573,$MCG,Monthly
1947-06-01,6.39296277908191,$MCG,Monthly
1947-07-01,3.25044227780043,$MCG,Monthly
1947-08-01,-1.46524762954135,$MCG,Monthly
1947-09-01,0.0815267217672153,$MCG,Monthly
1947-10-01,2.59739663376451,$MCG,Monthly
1947-11-01,-2.42660771269678,$MCG,Monthly
1947-12-01,3.37384170066044,$MCG,Monthly
1948-01-01,-4.07512275115776,$MCG,Monthly
1948-02-01,-4.75884379378583,$MCG,Monthly
1948-03-01,9.90819024937882,$MCG,Monthly
1948-04-01,3.30431995674999,$MCG,Monthly
1948-05-01,7.55821569890979,$MCG,Monthly
1948-06-01,-1.39044155590028,$MCG,Monthly
1948-07-01,-5.39708396079873,$MCG,Monthly
1948-08-01,-0.037526306067887,$MCG,Monthly
1948-09-01,-3.69635103141953,$MCG,Monthly
1948-10-01,5.18116237358174,$MCG,Monthly
1948-11-01,-8.15114440538269,$MCG,Monthly
1948-12-01,4.18025797039557,$MCG,Monthly
1949-01-01,0.815134199510818,$MCG,Monthly
1949-02-01,-1.88966884509006,$MCG,Monthly
1949-03-01,4.29966305983477,$MCG,Monthly
1949-04-01,-2.74779717094465,$MCG,Monthly
1949-05-01,-1.44593272466708,$MCG,Monthly
1949-06-01,1.11507381948012,$MCG,Monthly
1949-07-01,5.53766544083351,$MCG,Monthly
1949-08-01,2.17984112876591,$MCG,Monthly
1949-09-01,3.35799963284893,$MCG,Monthly
1949-10-01,2.842290510008,$MCG,Monthly
1949-11-01,1.99798295171872,$MCG,Monthly
1949-12-01,5.32602256943689,$MCG,Monthly
1950-01-01,0.725631003397767,$MCG,Monthly
1950-02-01,1.72174800119725,$MCG,Monthly
1950-03-01,2.14542121956817,$MCG,Monthly
1950-04-01,3.02666645317819,$MCG,Monthly
1950-05-01,4.25375641347247,$MCG,Monthly
1950-06-01,-6.86618175193653,$MCG,Monthly
1950-07-01,-1.41647898957582,$MCG,Monthly
1950-08-01,4.5688569152755,$MCG,Monthly
1950-09-01,5.34401957192905,$MCG,Monthly
1950-10-01,-1.096700385839,$MCG,Monthly
1950-11-01,3.93901861678879,$MCG,Monthly
1950-12-01,3.42001780408662,$MCG,Monthly
1951-01-01,6.32434596533667,$MCG,Monthly
1951-02-01,1.74146914494873,$MCG,Monthly
1951-03-01,-1.32544527075536,$MCG,Monthly
1951-04-01,4.40660445200784,$MCG,Monthly
1951-05-01,-1.88075202448575,$MCG,Monthly
1951-06-01,-1.63517833732059,$MCG,Monthly
1951-07-01,7.0397376614016,$MCG,Monthly
1951-08-01,3.33275855611309,$MCG,Monthly
1951-09-01,1.60476462834357,$MCG,Monthly
1951-10-01,-2.74322620106859,$MCG,Monthly
1951-11-01,0.954226270901936,$MCG,Monthly
1951-12-01,2.6061776802222,$MCG,Monthly
1952-01-01,2.30505411678503,$MCG,Monthly
1952-02-01,-1.77550585783479,$MCG,Monthly
1952-03-01,3.41068083309817,$MCG,Monthly
1952-04-01,-4.71609960869427,$MCG,Monthly
1952-05-01,2.84009311515965,$MCG,Monthly
1952-06-01,2.67264166914132,$MCG,Monthly
1952-07-01,0.890046845324223,$MCG,Monthly
1952-08-01,-0.369627618112721,$MCG,Monthly
1952-09-01,-1.41767826798815,$MCG,Monthly
1952-10-01,-0.59933517356197,$MCG,Monthly
1952-11-01,5.06159545095422,$MCG,Monthly
1952-12-01,2.28488184625356,$MCG,Monthly
1953-01-01,-0.0979311274050864,$MCG,Monthly
1953-02-01,0.268437255897797,$MCG,Monthly
1953-03-01,-0.383210824233437,$MCG,Monthly
1953-04-01,-2.21255418322632,$MCG,Monthly
1953-05-01,0.520767464051761,$MCG,Monthly
1953-06-01,-2.78346892529172,$MCG,Monthly
1953-07-01,2.11102297215495,$MCG,Monthly
1953-08-01,-3.41559527868096,$MCG,Monthly
1953-09-01,0.771525028858193,$MCG,Monthly
1953-10-01,4.41816232904557,$MCG,Monthly
1953-11-01,3.06759006094355,$MCG,Monthly
1953-12-01,0.937039715197289,$MCG,Monthly
1954-01-01,4.69219025170858,$MCG,Monthly
1954-02-01,1.93709718933409,$MCG,Monthly
1954-03-01,4.15251429041184,$MCG,Monthly
1954-04-01,2.34052111983598,$MCG,Monthly
1954-05-01,3.35298693826843,$MCG,Monthly
1954-06-01,1.17238585065062,$MCG,Monthly
1954-07-01,6.06564115360065,$MCG,Monthly
1954-08-01,-2.10364131861612,$MCG,Monthly
1954-09-01,4.2238170053846,$MCG,Monthly
1954-10-01,-1.03164762634075,$MCG,Monthly
1954-11-01,8.35466823201198,$MCG,Monthly
1954-12-01,4.18493183218332,$MCG,Monthly
1955-01-01,0.595336048937514,$MCG,Monthly
1955-02-01,3.54264838831654,$MCG,Monthly
1955-03-01,0.901730933292855,$MCG,Monthly
1955-04-01,2.53607486241736,$MCG,Monthly
1955-05-01,1.38580726480401,$MCG,Monthly
1955-06-01,4.31861630964723,$MCG,Monthly
1955-07-01,-0.679444511371855,$MCG,Monthly
1955-08-01,0.989854304476144,$MCG,Monthly
1955-09-01,-2.36440946909946,$MCG,Monthly
1955-10-01,-1.37513971438372,$MCG,Monthly
1955-11-01,6.9234108604055,$MCG,Monthly
1955-12-01,2.6182107096677,$MCG,Monthly
1956-01-01,-3.59993307520755,$MCG,Monthly
1956-02-01,3.95068274256176,$MCG,Monthly
1956-03-01,6.38291410207818,$MCG,Monthly
1956-04-01,0.394668774158244,$MCG,Monthly
1956-05-01,-2.74051063340258,$MCG,Monthly
1956-06-01,4.37410674954564,$MCG,Monthly
1956-07-01,4.91223885055664,$MCG,Monthly
1956-08-01,-1.61032528992586,$MCG,Monthly
1956-09-01,-5.87329524267778,$MCG,Monthly
1956-10-01,0.959604063646176,$MCG,Monthly
1956-11-01,1.06986483172093,$MCG,Monthly
1956-12-01,3.06577088539823,$MCG,Monthly
1957-01-01,-1.52512584462285,$MCG,Monthly
1957-02-01,-1.93172105205178,$MCG,Monthly
1957-03-01,2.4667858379512,$MCG,Monthly
1957-04-01,3.55158342067041,$MCG,Monthly
1957-05-01,3.36314649080277,$MCG,Monthly
1957-06-01,-2.71463766268615,$MCG,Monthly
1957-07-01,-0.132546178605558,$MCG,Monthly
1957-08-01,-6.14593780269791,$MCG,Monthly
1957-09-01,-4.94658462300857,$MCG,Monthly
1957-10-01,-4.1478650548473,$MCG,Monthly
1957-11-01,5.29556818223903,$MCG,Monthly
1957-12-01,-2.5513626951188,$MCG,Monthly
1958-01-01,5.58817001093317,$MCG,Monthly
1958-02-01,-0.493106305117654,$MCG,Monthly
1958-03-01,3.15830636208991,$MCG,Monthly
1958-04-01,4.14240731703555,$MCG,Monthly
1958-05-01,2.81910852574784,$MCG,Monthly
1958-06-01,3.15089813659295,$MCG,Monthly
1958-07-01,4.25854331185394,$MCG,Monthly
1958-08-01,1.8544646627705,$MCG,Monthly
1958-09-01,4.17552460702895,$MCG,Monthly
1958-10-01,3.05943247058472,$MCG,Monthly
1958-11-01,4.58516975741608,$MCG,Monthly
1958-12-01,4.37702102205607,$MCG,Monthly
1959-01-01,0.3235415501249,$MCG,Monthly
1959-02-01,1.97476907880163,$MCG,Monthly
1959-03-01,0.0337426068555384,$MCG,Monthly
1959-04-01,2.66333766641119,$MCG,Monthly
1959-05-01,-0.958751077999448,$MCG,Monthly
1959-06-01,0.672866504112115,$MCG,Monthly
1959-07-01,2.19529270849376,$MCG,Monthly
1959-08-01,-1.82425678389424,$MCG,Monthly
1959-09-01,-5.33422933017754,$MCG,Monthly
1959-10-01,4.45054436491333,$MCG,Monthly
1959-11-01,2.38203661263935,$MCG,Monthly
1959-12-01,0.89299288542722,$MCG,Monthly
1960-01-01,-4.39068527831724,$MCG,Monthly
1960-02-01,2.88311192560597,$MCG,Monthly
1960-03-01,0.005955013088461,$MCG,Monthly
1960-04-01,0.656931055841292,$MCG,Monthly
1960-05-01,4.43865694150871,$MCG,Monthly
1960-06-01,2.96071651154106,$MCG,Monthly
1960-07-01,-2.87771974668101,$MCG,Monthly
1960-08-01,3.05321698461418,$MCG,Monthly
1960-09-01,-5.7516598726829,$MCG,Monthly
1960-10-01,-1.66101302432139,$MCG,Monthly
1960-11-01,7.55551418811615,$MCG,Monthly
1960-12-01,5.48129693231893,$MCG,Monthly
1961-01-01,5.69542501198206,$MCG,Monthly
1961-02-01,5.87756160689348,$MCG,Monthly
1961-03-01,3.32346026445611,$MCG,Monthly
1961-04-01,-1.1151426359946,$MCG,Monthly
1961-05-01,3.06522265150484,$MCG,Monthly
1961-06-01,-3.37723038477796,$MCG,Monthly
1961-07-01,1.54265250764891,$MCG,Monthly
1961-08-01,5.44520802682185,$MCG,Monthly
1961-09-01,-1.83302405843033,$MCG,Monthly
1961-10-01,3.62918232610161,$MCG,Monthly
1961-11-01,4.05268047173604,$MCG,Monthly
1961-12-01,-2.9966149056038,$MCG,Monthly
1962-01-01,-3.13808326833884,$MCG,Monthly
1962-02-01,1.38342051360746,$MCG,Monthly
1962-03-01,-0.316691331716416,$MCG,Monthly
1962-04-01,-7.02074987366019,$MCG,Monthly
1962-05-01,-10.9442347371156,$MCG,Monthly
1962-06-01,-8.53855752661432,$MCG,Monthly
1962-07-01,6.05164200960567,$MCG,Monthly
1962-08-01,2.49658278299545,$MCG,Monthly
1962-09-01,-5.46639579565309,$MCG,Monthly
1962-10-01,-1.09803383947308,$MCG,Monthly
1962-11-01,13.7085564195438,$MCG,Monthly
1962-12-01,1.73356980133874,$MCG,Monthly
1963-01-01,4.20762228890348,$MCG,Monthly
1963-02-01,-1.62453034471742,$MCG,Monthly
1963-03-01,2.55538849770495,$MCG,Monthly
1963-04-01,4.5121096477289,$MCG,Monthly
1963-05-01,1.81470834402475,$MCG,Monthly
1963-06-01,-1.18011896341874,$MCG,Monthly
1963-07-01,-0.774867334927235,$MCG,Monthly
1963-08-01,5.95350030785112,$MCG,Monthly
1963-09-01,-2.63513056172074,$MCG,Monthly
1963-10-01,1.16710648452328,$MCG,Monthly
1963-11-01,-0.248271605222064,$MCG,Monthly
1963-12-01,0.57268164496599,$MCG,Monthly
1964-01-01,1.18394963328105,$MCG,Monthly
1964-02-01,2.14855361078047,$MCG,Monthly
1964-03-01,1.20510476891973,$MCG,Monthly
1964-04-01,-0.294463244532666,$MCG,Monthly
1964-05-01,0.68183923715924,$MCG,Monthly
1964-06-01,1.36563259246945,$MCG,Monthly
1964-07-01,3.78040408217651,$MCG,Monthly
1964-08-01,-1.17438600700937,$MCG,Monthly
1964-09-01,2.6868763987448,$MCG,Monthly
1964-10-01,0.762719599832093,$MCG,Monthly
1964-11-01,1.37861826042972,$MCG,Monthly
1964-12-01,0.226889590337051,$MCG,Monthly
1965-01-01,5.02222387378173,$MCG,Monthly
1965-02-01,2.7916465339943,$MCG,Monthly
1965-03-01,-0.522657150610038,$MCG,Monthly
1965-04-01,2.77426589757017,$MCG,Monthly
1965-05-01,-0.169393363328796,$MCG,Monthly
1965-06-01,-5.86710579901407,$MCG,Monthly
1965-07-01,2.142660500472,$MCG,Monthly
1965-08-01,3.59458938103131,$MCG,Monthly
1965-09-01,2.82725317550207,$MCG,Monthly
1965-10-01,2.72427085356776,$MCG,Monthly
1965-11-01,2.14394972054583,$MCG,Monthly
1965-12-01,1.11272401257234,$MCG,Monthly
1966-01-01,1.7389957657768,$MCG,Monthly
1966-02-01,-0.132192477083406,$MCG,Monthly
1966-03-01,-0.36314426443289,$MCG,Monthly
1966-04-01,2.54869197069959,$MCG,Monthly
1966-05-01,-4.89453369235752,$MCG,Monthly
1966-06-01,-0.83785798988792,$MCG,Monthly
1966-07-01,-0.837186569064756,$MCG,Monthly
1966-08-01,-8.59873371825825,$MCG,Monthly
1966-09-01,-0.97057172794795,$MCG,Monthly
1966-10-01,3.43980592448435,$MCG,Monthly
1966-11-01,4.33777696457705,$MCG,Monthly
1966-12-01,2.34569101416294,$MCG,Monthly
1967-01-01,7.60008589647174,$MCG,Monthly
1967-02-01,2.16667965305754,$MCG,Monthly
1967-03-01,5.23342937560344,$MCG,Monthly
1967-04-01,5.22467506930113,$MCG,Monthly
1967-05-01,-2.4737019801534,$MCG,Monthly
1967-06-01,2.33616197073779,$MCG,Monthly
1967-07-01,4.35378379558479,$MCG,Monthly
1967-08-01,-0.60863939722926,$MCG,Monthly
1967-09-01,2.53874982197093,$MCG,Monthly
1967-10-01,-4.66093705832409,$MCG,Monthly
1967-11-01,1.91908025198419,$MCG,Monthly
1967-12-01,1.89198451704327,$MCG,Monthly
1968-01-01,-5.31626402301895,$MCG,Monthly
1968-02-01,-4.7567977831502,$MCG,Monthly
1968-03-01,0.0331040795737806,$MCG,Monthly
1968-04-01,10.9464861435969,$MCG,Monthly
1968-05-01,3.79216501688093,$MCG,Monthly
1968-06-01,1.25088758763252,$MCG,Monthly
1968-07-01,-4.38790499945769,$MCG,Monthly
1968-08-01,1.48367932459028,$MCG,Monthly
1968-09-01,5.99089399838777,$MCG,Monthly
1968-10-01,0.477364626333281,$MCG,Monthly
1968-11-01,6.90307502402417,$MCG,Monthly
1968-12-01,-4.08631364628428,$MCG,Monthly
1969-01-01,-0.820065628063723,$MCG,Monthly
1969-02-01,-7.28240527904161,$MCG,Monthly
1969-03-01,1.85998045854959,$MCG,Monthly
1969-04-01,2.54963274435908,$MCG,Monthly
1969-05-01,-0.230311810040392,$MCG,Monthly
1969-06-01,-7.31129964425396,$MCG,Monthly
1969-07-01,-6.95029441514927,$MCG,Monthly
1969-08-01,7.30875569922971,$MCG,Monthly
1969-09-01,-0.274190255946948,$MCG,Monthly
1969-10-01,8.04304948207211,$MCG,Monthly
1969-11-01,-2.9241039922826,$MCG,Monthly
1969-12-01,-1.27213655060304,$MCG,Monthly
1970-01-01,-8.66708195787073,$MCG,Monthly
1970-02-01,5.0746841077907,$MCG,Monthly
1970-03-01,-1.65504173914172,$MCG,Monthly
1970-04-01,-13.3509167770319,$MCG,Monthly
1970-05-01,-9.27426944175153,$MCG,Monthly
1970-06-01,-3.49838328546521,$MCG,Monthly
1970-07-01,7.72141075048704,$MCG,Monthly
1970-08-01,6.24199217278241,$MCG,Monthly
1970-09-01,7.48536417788437,$MCG,Monthly
1970-10-01,-3.06725971716902,$MCG,Monthly
1970-11-01,4.28790645729889,$MCG,Monthly
1970-12-01,7.90314092801503,$MCG,Monthly
1971-01-01,5.944622230632,$MCG,Monthly
1971-02-01,3.16382777018995,$MCG,Monthly
1971-03-01,6.38884750526303,$MCG,Monthly
1971-04-01,3.23506017444073,$MCG,Monthly
1971-05-01,-2.80718055942426,$MCG,Monthly
1971-06-01,1.0821023733289,$MCG,Monthly
1971-07-01,-4.20569667318002,$MCG,Monthly
1971-08-01,4.95997473125138,$MCG,Monthly
1971-09-01,0.883465757688043,$MCG,Monthly
1971-10-01,-3.33713436191654,$MCG,Monthly
1971-11-01,-0.66607678478624,$MCG,Monthly
1971-12-01,10.4158966943818,$MCG,Monthly
1972-01-01,2.17257983594696,$MCG,Monthly
1972-02-01,3.71064337476154,$MCG,Monthly
1972-03-01,0.366262929012316,$MCG,Monthly
1972-04-01,-0.656663356266745,$MCG,Monthly
1972-05-01,1.53602066644843,$MCG,Monthly
1972-06-01,-3.08737728315767,$MCG,Monthly
1972-07-01,-3.03633668369748,$MCG,Monthly
1972-08-01,1.66100996715932,$MCG,Monthly
1972-09-01,-1.7957541614287,$MCG,Monthly
1972-10-01,-0.171651731475168,$MCG,Monthly
1972-11-01,6.54731804086958,$MCG,Monthly
1972-12-01,-0.262049242867886,$MCG,Monthly
1973-01-01,-6.68966447231692,$MCG,Monthly
1973-02-01,-7.05889198386876,$MCG,Monthly
1973-03-01,-3.34821125841039,$MCG,Monthly
1973-04-01,-8.07961749619947,$MCG,Monthly
1973-05-01,-4.56712900920308,$MCG,Monthly
1973-06-01,-4.68560990016958,$MCG,Monthly
1973-07-01,11.3458749758087,$MCG,Monthly
1973-08-01,-1.99736145425826,$MCG,Monthly
1973-09-01,9.79105523756239,$MCG,Monthly
1973-10-01,-2.08011025666113,$MCG,Monthly
1973-11-01,-18.0228180342747,$MCG,Monthly
1973-12-01,1.68004899673046,$MCG,Monthly
1974-01-01,-0.342255152458914,$MCG,Monthly
1974-02-01,-1.01240607800243,$MCG,Monthly
1974-03-01,-3.14873338692954,$MCG,Monthly
1974-04-01,-6.77838009292273,$MCG,Monthly
1974-05-01,-7.03626338637739,$MCG,Monthly
1974-06-01,-2.77764364105857,$MCG,Monthly
1974-07-01,-8.38615049668593,$MCG,Monthly
1974-08-01,-11.141434153518,$MCG,Monthly
1974-09-01,-10.057469691147,$MCG,Monthly
1974-10-01,18.976919904006,$MCG,Monthly
1974-11-01,-1.44008373808672,$MCG,Monthly
1974-12-01,-3.05179013798888,$MCG,Monthly
1975-01-01,14.3066451935485,$MCG,Monthly
1975-02-01,5.69766899702798,$MCG,Monthly
1975-03-01,5.17724513486347,$MCG,Monthly
1975-04-01,5.86542733773775,$MCG,Monthly
1975-05-01,6.55114938843611,$MCG,Monthly
1975-06-01,6.30835788505971,$MCG,Monthly
1975-07-01,-6.76841115231837,$MCG,Monthly
1975-08-01,-3.95138123245385,$MCG,Monthly
1975-09-01,-4.27417976192693,$MCG,Monthly
1975-10-01,5.36289300630483,$MCG,Monthly
1975-11-01,3.39657087753266,$MCG,Monthly
1975-12-01,-1.46275281112573,$MCG,Monthly
1976-01-01,12.5029703835129,$MCG,Monthly
1976-02-01,1.18029827044949,$MCG,Monthly
1976-03-01,1.30983230613369,$MCG,Monthly
1976-04-01,-1.1391915262657,$MCG,Monthly
1976-05-01,-1.69834782134201,$MCG,Monthly
1976-06-01,4.75209111458756,$MCG,Monthly
1976-07-01,-0.918254076042076,$MCG,Monthly
1976-08-01,-1.6947330872703,$MCG,Monthly
1976-09-01,2.30276097047256,$MCG,Monthly
1976-10-01,-1.98353852088614,$MCG,Monthly
1976-11-01,3.75771893008881,$MCG,Monthly
1976-12-01,6.15545213103989,$MCG,Monthly
1977-01-01,-4.02244165659123,$MCG,Monthly
1977-02-01,-2.89634730992931,$MCG,Monthly
1977-03-01,-1.30911534624419,$MCG,Monthly
1977-04-01,0.0299387349492573,$MCG,Monthly
1977-05-01,-0.696729192844869,$MCG,Monthly
1977-06-01,5.71798483200661,$MCG,Monthly
1977-07-01,-1.85129593232406,$MCG,Monthly
1977-08-01,-1.29533437935313,$MCG,Monthly
1977-09-01,0.612544548004188,$MCG,Monthly
1977-10-01,-3.67156827871951,$MCG,Monthly
1977-11-01,6.42454776792299,$MCG,Monthly
1977-12-01,0.49109507208619,$MCG,Monthly
1978-01-01,-6.12595763341642,$MCG,Monthly
1978-02-01,-1.09959217579198,$MCG,Monthly
1978-03-01,5.05384402319178,$MCG,Monthly
1978-04-01,8.06597938829392,$MCG,Monthly
1978-05-01,4.60199508467075,$MCG,Monthly
1978-06-01,-0.802358195728448,$MCG,Monthly
1978-07-01,5.86118950323825,$MCG,Monthly
1978-08-01,7.20180073027045,$MCG,Monthly
1978-09-01,-2.55660381898649,$MCG,Monthly
1978-10-01,-15.5713877200807,$MCG,Monthly
1978-11-01,3.59162666759361,$MCG,Monthly
1978-12-01,1.48233012663861,$MCG,Monthly
1979-01-01,5.88062622007651,$MCG,Monthly
1979-02-01,-4.04003408871127,$MCG,Monthly
1979-03-01,7.89760347521338,$MCG,Monthly
1979-04-01,1.61906079085764,$MCG,Monthly
1979-05-01,-1.38879153784531,$MCG,Monthly
1979-06-01,5.57922950841189,$MCG,Monthly
1979-07-01,2.57397152122784,$MCG,Monthly
1979-08-01,7.71039333892646,$MCG,Monthly
1979-09-01,-0.132687491707563,$MCG,Monthly
1979-10-01,-7.90174169083343,$MCG,Monthly
1979-11-01,8.70805820426951,$MCG,Monthly
1979-12-01,3.99617342118297,$MCG,Monthly
1980-01-01,6.9068990621562,$MCG,Monthly
1980-02-01,-2.34479893990483,$MCG,Monthly
1980-03-01,-13.2347706405005,$MCG,Monthly
1980-04-01,5.84335003360696,$MCG,Monthly
1980-05-01,7.65894470593339,$MCG,Monthly
1980-06-01,4.95710494181872,$MCG,Monthly
1980-07-01,10.8611865867733,$MCG,Monthly
1980-08-01,3.91833104241402,$MCG,Monthly
1980-09-01,4.59116916248865,$MCG,Monthly
1980-10-01,2.23044337351109,$MCG,Monthly
1980-11-01,12.4753734380492,$MCG,Monthly
1980-12-01,-3.75690176349668,$MCG,Monthly
1981-01-01,-5.51573297649196,$MCG,Monthly
1981-02-01,2.50317519854243,$MCG,Monthly
1981-03-01,8.39883177192982,$MCG,Monthly
1981-04-01,0.93543178265486,$MCG,Monthly
1981-05-01,3.26805983971913,$MCG,Monthly
1981-06-01,-4.47206253448705,$MCG,Monthly
1981-07-01,-0.212403178547332,$MCG,Monthly
1981-08-01,-7.13496191614429,$MCG,Monthly
1981-09-01,-8.39817512245734,$MCG,Monthly
1981-10-01,8.74988430357443,$MCG,Monthly
1981-11-01,3.29799295206815,$MCG,Monthly
1981-12-01,-2.56468577689075,$MCG,Monthly
1982-01-01,-5.39191901063782,$MCG,Monthly
1982-02-01,-6.24412218389621,$MCG,Monthly
1982-03-01,-2.08576628286294,$MCG,Monthly
1982-04-01,5.2629147989831,$MCG,Monthly
1982-05-01,-3.91964304030961,$MCG,Monthly
1982-06-01,-3.32679778483939,$MCG,Monthly
1982-07-01,-1.83538320912118,$MCG,Monthly
1982-08-01,11.4441784309373,$MCG,Monthly
1982-09-01,3.28958519660414,$MCG,Monthly
1982-10-01,14.8029179381709,$MCG,Monthly
1982-11-01,8.24521362898707,$MCG,Monthly
1982-12-01,0.488116381258407,$MCG,Monthly
1983-01-01,3.70914913635535,$MCG,Monthly
1983-02-01,4.8230032964193,$MCG,Monthly
1983-03-01,2.37268510101031,$MCG,Monthly
1983-04-01,6.39797249668583,$MCG,Monthly
1983-05-01,4.93490190765261,$MCG,Monthly
1983-06-01,5.58944638824519,$MCG,Monthly
1983-07-01,-4.67033295459155,$MCG,Monthly
1983-08-01,-3.38773990491982,$MCG,Monthly
1983-09-01,3.48061965279237,$MCG,Monthly
1983-10-01,-5.73310801991827,$MCG,Monthly
1983-11-01,5.17703820209656,$MCG,Monthly
1983-12-01,-2.38381836996688,$MCG,Monthly
1984-01-01,-6.43035398372976,$MCG,Monthly
1984-02-01,-6.46019480966982,$MCG,Monthly
1984-03-01,1.15246318883338,$MCG,Monthly
1984-04-01,-0.107507503694665,$MCG,Monthly
1984-05-01,-4.44822878033138,$MCG,Monthly
1984-06-01,5.77877263387478,$MCG,Monthly
1984-07-01,-3.66537685972997,$MCG,Monthly
1984-08-01,12.9653137897667,$MCG,Monthly
1984-09-01,-2.23609403055754,$MCG,Monthly
1984-10-01,-1.37161013067787,$MCG,Monthly
1984-11-01,-2.40644104643162,$MCG,Monthly
1984-12-01,3.05990576560675,$MCG,Monthly
1985-01-01,12.8894365103774,$MCG,Monthly
1985-02-01,1.72441189579361,$MCG,Monthly
1985-03-01,-2.69076590770327,$MCG,Monthly
1985-04-01,-1.312965506281,$MCG,Monthly
1985-05-01,5.80726500740991,$MCG,Monthly
1985-06-01,1.85779711666634,$MCG,Monthly
1985-07-01,0.539695294808503,$MCG,Monthly
1985-08-01,-0.98032328613326,$MCG,Monthly
1985-09-01,-4.93760217872905,$MCG,Monthly
1985-10-01,5.06509168629949,$MCG,Monthly
1985-11-01,7.89106051536004,$MCG,Monthly
1985-12-01,4.23002580474362,$MCG,Monthly
1986-01-01,1.27514252974498,$MCG,Monthly
1986-02-01,7.88859346586321,$MCG,Monthly
1986-03-01,6.37479556009787,$MCG,Monthly
1986-04-01,0.967779099242502,$MCG,Monthly
1986-05-01,5.63688906819818,$MCG,Monthly
1986-06-01,1.21622743588599,$MCG,Monthly
1986-07-01,-7.87668853501074,$MCG,Monthly
1986-08-01,5.14236955431597,$MCG,Monthly
1986-09-01,-7.60841416064383,$MCG,Monthly
1986-10-01,5.48189038515515,$MCG,Monthly
1986-11-01,1.17742768387823,$MCG,Monthly
1986-12-01,-3.51391018610376,$MCG,Monthly
1987-01-01,13.5136278506178,$MCG,Monthly
1987-02-01,7.14315101132336,$MCG,Monthly
1987-03-01,1.51695244102612,$MCG,Monthly
1987-04-01,-2.75448275717926,$MCG,Monthly
1987-05-01,1.23303315895715,$MCG,Monthly
1987-06-01,3.91889064916138,$MCG,Monthly
1987-07-01,4.12758513133198,$MCG,Monthly
1987-08-01,4.33539699914995,$MCG,Monthly
1987-09-01,-1.76300099933999,$MCG,Monthly
1987-10-01,-27.632407871787,$MCG,Monthly
1987-11-01,-6.53925618042189,$MCG,Monthly
1987-12-01,11.7653094713628,$MCG,Monthly
1988-01-01,2.56638582735221,$MCG,Monthly
1988-02-01,9.04124458728209,$MCG,Monthly
1988-03-01,0.24273737662385,$MCG,Monthly
1988-04-01,0.336406665659396,$MCG,Monthly
1988-05-01,-0.766195884031751,$MCG,Monthly
1988-06-01,6.87705129747154,$MCG,Monthly
1988-07-01,-3.31092545096652,$MCG,Monthly
1988-08-01,-3.46747027323974,$MCG,Monthly
1988-09-01,3.21859466880229,$MCG,Monthly
1988-10-01,-0.386828030701708,$MCG,Monthly
1988-11-01,-2.01093874694861,$MCG,Monthly
1988-12-01,3.08665203885366,$MCG,Monthly
1989-01-01,5.27204416049207,$MCG,Monthly
1989-02-01,-0.145006014393081,$MCG,Monthly
1989-03-01,0.506000703640434,$MCG,Monthly
1989-04-01,5.92766451301824,$MCG,Monthly
1989-05-01,3.72759014071315,$MCG,Monthly
1989-06-01,-1.8257784244988,$MCG,Monthly
1989-07-01,8.1120183548992,$MCG,Monthly
1989-08-01,3.62005935192879,$MCG,Monthly
1989-09-01,-1.00484824443147,$MCG,Monthly
1989-10-01,-3.39020115305028,$MCG,Monthly
1989-11-01,2.10039993208087,$MCG,Monthly
1989-12-01,2.45751780376006,$MCG,Monthly
1990-01-01,-6.45108621452724,$MCG,Monthly
1990-02-01,1.52172932966526,$MCG,Monthly
1990-03-01,3.83647121556074,$MCG,Monthly
1990-04-01,-3.50661483862544,$MCG,Monthly
1990-05-01,9.90244642277858,$MCG,Monthly
1990-06-01,-0.643509432102827,$MCG,Monthly
1990-07-01,-1.6345415421157,$MCG,Monthly
1990-08-01,-10.4894247171325,$MCG,Monthly
1990-09-01,-6.06129080051452,$MCG,Monthly
1990-10-01,-2.04021135972454,$MCG,Monthly
1990-11-01,8.84474346118993,$MCG,Monthly
1990-12-01,3.92344625465049,$MCG,Monthly
1991-01-01,6.34079521879379,$MCG,Monthly
1991-02-01,8.77677057019393,$MCG,Monthly
1991-03-01,4.51574254391674,$MCG,Monthly
1991-04-01,-0.0491197580846607,$MCG,Monthly
1991-05-01,4.97689295423453,$MCG,Monthly
1991-06-01,-4.85839242279941,$MCG,Monthly
1991-07-01,5.05739242509588,$MCG,Monthly
1991-08-01,2.0811905772355,$MCG,Monthly
1991-09-01,-0.925000311146237,$MCG,Monthly
1991-10-01,1.8610923971243,$MCG,Monthly
1991-11-01,-3.41267040680489,$MCG,Monthly
1991-12-01,11.7771153629868,$MCG,Monthly
1992-01-01,0.438821881196766,$MCG,Monthly
1992-02-01,0.788147221208407,$MCG,Monthly
1992-03-01,-3.97088664670296,$MCG,Monthly
1992-04-01,-0.731931595137841,$MCG,Monthly
1992-05-01,0.472424479319725,$MCG,Monthly
1992-06-01,-2.90410092315374,$MCG,Monthly
1992-07-01,4.7685371296155,$MCG,Monthly
1992-08-01,-1.72496505062148,$MCG,Monthly
1992-09-01,1.93503172132951,$MCG,Monthly
1992-10-01,3.09614170839935,$MCG,Monthly
1992-11-01,6.22806125787235,$MCG,Monthly
1992-12-01,1.68796654941164,$MCG,Monthly
1993-01-01,1.34832247639026,$MCG,Monthly
1993-02-01,-2.3476670607466,$MCG,Monthly
1993-03-01,3.41815763895834,$MCG,Monthly
1993-04-01,-4.01887830106514,$MCG,Monthly
1993-05-01,5.67606903523701,$MCG,Monthly
1993-06-01,0.711466028618375,$MCG,Monthly
1993-07-01,-1.45457682392687,$MCG,Monthly
1993-08-01,5.22275228962537,$MCG,Monthly
1993-09-01,0.903958578845804,$MCG,Monthly
1993-10-01,2.22087826213331,$MCG,Monthly
1993-11-01,-2.35744364292133,$MCG,Monthly
1993-12-01,4.9522296916783,$MCG,Monthly
1994-01-01,2.72255645486209,$MCG,Monthly
1994-02-01,-0.748582598618052,$MCG,Monthly
1994-03-01,-5.55079977079188,$MCG,Monthly
1994-04-01,0.0655225048430026,$MCG,Monthly
1994-05-01,-0.462490499085413,$MCG,Monthly
1994-06-01,-3.73615096488288,$MCG,Monthly
1994-07-01,2.96025126038767,$MCG,Monthly
1994-08-01,6.88769886099157,$MCG,Monthly
1994-09-01,-1.25678804639045,$MCG,Monthly
1994-10-01,1.16094765975514,$MCG,Monthly
1994-11-01,-4.18488700443621,$MCG,Monthly
1994-12-01,1.60158719701155,$MCG,Monthly
1995-01-01,0.374187623016383,$MCG,Monthly
1995-02-01,4.7286601401257,$MCG,Monthly
1995-03-01,3.02721831456933,$MCG,Monthly
1995-04-01,1.00876749917236,$MCG,Monthly
1995-05-01,1.7501892315188,$MCG,Monthly
1995-06-01,5.32744046654113,$MCG,Monthly
1995-07-01,6.68195358854616,$MCG,Monthly
1995-08-01,0.369871162528744,$MCG,Monthly
1995-09-01,2.93480819786666,$MCG,Monthly
1995-10-01,-2.79437854960316,$MCG,Monthly
1995-11-01,4.51977633887525,$MCG,Monthly
1995-12-01,-0.615120505229852,$MCG,Monthly
1996-01-01,1.67008570073971,$MCG,Monthly
1996-02-01,3.7263883211639,$MCG,Monthly
1996-03-01,0.954329676557339,$MCG,Monthly
1996-04-01,5.53193584876329,$MCG,Monthly
1996-05-01,1.9492729492169,$MCG,Monthly
1996-06-01,-3.31164673325287,$MCG,Monthly
1996-07-01,-7.7675417653698,$MCG,Monthly
1996-08-01,5.3552366512847,$MCG,Monthly
1996-09-01,5.65977684567602,$MCG,Monthly
1996-10-01,-2.31133528259487,$MCG,Monthly
1996-11-01,5.70350420152747,$MCG,Monthly
1996-12-01,-1.16173562323954,$MCG,Monthly
1997-01-01,3.6639517926788,$MCG,Monthly
1997-02-01,-1.99149745291195,$MCG,Monthly
1997-03-01,-6.03437621543806,$MCG,Monthly
1997-04-01,2.48078597204992,$MCG,Monthly
1997-05-01,9.26755187794846,$MCG,Monthly
1997-06-01,2.49706586517533,$MCG,Monthly
1997-07-01,7.24839647844673,$MCG,Monthly
1997-08-01,-0.354323626903922,$MCG,Monthly
1997-09-01,5.11071449834346,$MCG,Monthly
1997-10-01,-6.19593057477468,$MCG,Monthly
1997-11-01,0.868369595832298,$MCG,Monthly
1997-12-01,0.75400264146928,$MCG,Monthly
1998-01-01,-1.32644724484803,$MCG,Monthly
1998-02-01,8.88313368982728,$MCG,Monthly
1998-03-01,4.28025353426988,$MCG,Monthly
1998-04-01,0.139403086340908,$MCG,Monthly
1998-05-01,-3.79906737179283,$MCG,Monthly
1998-06-01,1.29412015612526,$MCG,Monthly
1998-07-01,-4.43332898679855,$MCG,Monthly
1998-08-01,-17.4542346887614,$MCG,Monthly
1998-09-01,7.50430628389849,$MCG,Monthly
1998-10-01,8.78668139645277,$MCG,Monthly
1998-11-01,7.080585451862,$MCG,Monthly
1998-12-01,9.72268951082502,$MCG,Monthly
1999-01-01,3.01673535791274,$MCG,Monthly
1999-02-01,-2.88653734661402,$MCG,Monthly
1999-03-01,6.30313697602104,$MCG,Monthly
1999-04-01,6.0532233372011,$MCG,Monthly
1999-05-01,-2.69648413960235,$MCG,Monthly
1999-06-01,7.05278099555912,$MCG,Monthly
1999-07-01,-3.123279787426,$MCG,Monthly
1999-08-01,-1.61621403968631,$MCG,Monthly
1999-09-01,-2.83267159315712,$MCG,Monthly
1999-10-01,6.9237734730345,$MCG,Monthly
1999-11-01,7.95456314396555,$MCG,Monthly
1999-12-01,14.1815061380392,$MCG,Monthly
2000-01-01,-0.951952735082848,$MCG,Monthly
2000-02-01,17.8674972799799,$MCG,Monthly
2000-03-01,-0.302755274151088,$MCG,Monthly
2000-04-01,-9.53256427209595,$MCG,Monthly
2000-05-01,-5.69817565771524,$MCG,Monthly
2000-06-01,10.067574084912,$MCG,Monthly
2000-07-01,-5.98504893115524,$MCG,Monthly
2000-08-01,11.7190340047565,$MCG,Monthly
2000-09-01,-3.45632359918191,$MCG,Monthly
2000-10-01,-5.19883229626599,$MCG,Monthly
2000-11-01,-15.7405140113384,$MCG,Monthly
2000-12-01,3.72575156697177,$MCG,Monthly
2001-01-01,7.46424592257345,$MCG,Monthly
2001-02-01,-10.7609619609208,$MCG,Monthly
2001-03-01,-8.28481216629661,$MCG,Monthly
2001-04-01,11.9597477268751,$MCG,Monthly
2001-05-01,2.77969953017305,$MCG,Monthly
2001-06-01,0.329457411332284,$MCG,Monthly
2001-07-01,-4.39797200982389,$MCG,Monthly
2001-08-01,-5.86037259636863,$MCG,Monthly
2001-09-01,-14.9391818433808,$MCG,Monthly
2001-10-01,7.4731335673679,$MCG,Monthly
2001-11-01,10.3767353005786,$MCG,Monthly
2001-12-01,2.18602756735219,$MCG,Monthly
2002-01-01,-1.11408132939057,$MCG,Monthly
2002-02-01,-3.74349154978091,$MCG,Monthly
2002-03-01,6.55510784218381,$MCG,Monthly
2002-04-01,-3.58472863747315,$MCG,Monthly
2002-05-01,-1.65743077247073,$MCG,Monthly
2002-06-01,-8.47874671284069,$MCG,Monthly
2002-07-01,-9.41926321587644,$MCG,Monthly
2002-08-01,-1.25058131326561,$MCG,Monthly
2002-09-01,-8.05485450922465,$MCG,Monthly
2002-10-01,7.49223761666238,$MCG,Monthly
2002-11-01,6.94247713604551,$MCG,Monthly
2002-12-01,-5.37867884384917,$MCG,Monthly
2003-01-01,-1.58474994017713,$MCG,Monthly
2003-02-01,-0.602226883488025,$MCG,Monthly
2003-03-01,1.43452448949157,$MCG,Monthly
2003-04-01,7.12840201466163,$MCG,Monthly
2003-05-01,8.90154043521579,$MCG,Monthly
2003-06-01,0.919539000848638,$MCG,Monthly
2003-07-01,3.35342424038943,$MCG,Monthly
2003-08-01,4.60108309071314,$MCG,Monthly
2003-09-01,-2.19604316324151,$MCG,Monthly
2003-10-01,7.4718481325176,$MCG,Monthly
2003-11-01,1.67301531812428,$MCG,Monthly
2003-12-01,2.06833190237391,$MCG,Monthly
2004-01-01,1.67192047624908,$MCG,Monthly
2004-02-01,1.6205325937814,$MCG,Monthly
2004-03-01,0.08387853111891,$MCG,Monthly
2004-04-01,-1.25044250830799,$MCG,Monthly
2004-05-01,1.41809128790839,$MCG,Monthly
2004-06-01,2.21745709840767,$MCG,Monthly
2004-07-01,-6.0137146347769,$MCG,Monthly
2004-08-01,-1.19863284475125,$MCG,Monthly
2004-09-01,3.08945305496901,$MCG,Monthly
2004-10-01,3.22595532294195,$MCG,Monthly
2004-11-01,5.46128479462395,$MCG,Monthly
2004-12-01,3.59144278772295,$MCG,Monthly
2005-01-01,-2.88575675817324,$MCG,Monthly
2005-02-01,2.4152597165224,$MCG,Monthly
2005-03-01,-1.32466806510314,$MCG,Monthly
2005-04-01,-3.83322463429051,$MCG,Monthly
2005-05-01,5.24749144067419,$MCG,Monthly
2005-06-01,1.20910653188094,$MCG,Monthly
2005-07-01,5.78744287892691,$MCG,Monthly
2005-08-01,-1.63603218329858,$MCG,Monthly
2005-09-01,0.0435966999659531,$MCG,Monthly
2005-10-01,-1.68656527730539,$MCG,Monthly
2005-11-01,4.97017707952307,$MCG,Monthly
2005-12-01,0.303687634127366,$MCG,Monthly
2006-01-01,4.95478167631297,$MCG,Monthly
2006-02-01,0.0534672369772574,$MCG,Monthly
2006-03-01,3.14152398655766,$MCG,Monthly
2006-04-01,0.53439386413802,$MCG,Monthly
2006-05-01,-4.35627652018515,$MCG,Monthly
2006-06-01,-0.103757156554833,$MCG,Monthly
2006-07-01,-3.77151621513663,$MCG,Monthly
2006-08-01,2.49480861674765,$MCG,Monthly
2006-09-01,2.26991997921558,$MCG,Monthly
2006-10-01,4.15529421897545,$MCG,Monthly
2006-11-01,3.4081965262744,$MCG,Monthly
2006-12-01,-0.639524014470366,$MCG,Monthly
2007-01-01,3.81791481527274,$MCG,Monthly
2007-02-01,-0.334531491378085,$MCG,Monthly
2007-03-01,0.782167070364949,$MCG,Monthly
2007-04-01,4.54178838194951,$MCG,Monthly
2007-05-01,3.91883198518066,$MCG,Monthly
2007-06-01,-1.33420671745454,$MCG,Monthly
2007-07-01,-3.3126134997574,$MCG,Monthly
2007-08-01,1.06962570452448,$MCG,Monthly
2007-09-01,3.59684483130683,$MCG,Monthly
2007-10-01,3.14826678075393,$MCG,Monthly
2007-11-01,-3.88249641559932,$MCG,Monthly
2007-12-01,0.496192564045185,$MCG,Monthly
2008-01-01,-7.59747867210129,$MCG,Monthly
2008-02-01,-1.45253187893031,$MCG,Monthly
2008-03-01,-0.200389515222818,$MCG,Monthly
2008-04-01,6.48912228122671,$MCG,Monthly
2008-05-01,4.06572957877473,$MCG,Monthly
2008-06-01,-6.61376867262838,$MCG,Monthly
2008-07-01,-1.58946760940876,$MCG,Monthly
2008-08-01,0.82450562260066,$MCG,Monthly
2008-09-01,-13.8226934138699,$MCG,Monthly
2008-10-01,-20.5838721293836,$MCG,Monthly
2008-11-01,-9.37274071004142,$MCG,Monthly
2008-12-01,3.13770453591494,$MCG,Monthly
2009-01-01,-4.78057040774981,$MCG,Monthly
2009-02-01,-6.84020442596906,$MCG,Monthly
2009-03-01,8.58705330922449,$MCG,Monthly
2009-04-01,12.766669304778,$MCG,Monthly
2009-05-01,4.01632334467615,$MCG,Monthly
2009-06-01,0.956433139543401,$MCG,Monthly
2009-07-01,7.92297379315043,$MCG,Monthly
2009-08-01,2.85659133668135,$MCG,Monthly
2009-09-01,5.61367924455764,$MCG,Monthly
2009-10-01,-3.85617118365775,$MCG,Monthly
2009-11-01,4.83488338331719,$MCG,Monthly
2009-12-01,5.29522778122885,$MCG,Monthly
2010-01-01,-3.74391573875949,$MCG,Monthly
2010-02-01,5.34882842906906,$MCG,Monthly
2010-03-01,6.80270420455413,$MCG,Monthly
2010-04-01,3.33538694560157,$MCG,Monthly
2010-05-01,-6.42365953172292,$MCG,Monthly
2010-06-01,-4.8279913839935,$MCG,Monthly
2010-07-01,6.98585775137319,$MCG,Monthly
2010-08-01,-3.62878883265018,$MCG,Monthly
2010-09-01,12.3394271211952,$MCG,Monthly
2010-10-01,3.61063124717833,$MCG,Monthly
2010-11-01,4.02688851109107,$MCG,Monthly
2010-12-01,4.85194629668958,$MCG,Monthly
2011-01-01,1.88812337976433,$MCG,Monthly
2011-02-01,3.74073972667984,$MCG,Monthly
2011-03-01,2.03591726777671,$MCG,Monthly
2011-04-01,3.02557524991562,$MCG,Monthly
2011-05-01,-0.196901332921045,$MCG,Monthly
2011-06-01,-1.57780451145999,$MCG,Monthly
2011-07-01,-4.0464267589777,$MCG,Monthly
2011-08-01,-7.5973979494728,$MCG,Monthly
2011-09-01,-9.57466125053999,$MCG,Monthly
2011-10-01,13.961454490702401565911315210,VMGMX,Monthly
2011-11-01,-1.3530140379851362510322047900,VMGMX,Monthly
2011-12-01,-1.8512240345215822670902340900,VMGMX,Monthly
2012-01-01,8.028144989339019189765458420,VMGMX,Monthly
2012-02-01,5.0504093539549829073999510500,VMGMX,Monthly
2012-03-01,1.9370960468961370810160829700,VMGMX,Monthly
2012-04-01,-0.5053912081835775504561791500,VMGMX,Monthly
2012-05-01,-7.5856600865492915999762878700,VMGMX,Monthly
2012-06-01,1.6124764462975584332277592900,VMGMX,Monthly
2012-07-01,-0.7575398892097912030680365500,VMGMX,Monthly
2012-08-01,3.6703083504285737003641683800,VMGMX,Monthly
2012-09-01,2.1379484898222147228911966400,VMGMX,Monthly
2012-10-01,-2.2647828519293081373737980500,VMGMX,Monthly
2012-11-01,1.9311812590518118990269182200,VMGMX,Monthly
2012-12-01,2.4746168979474925942397129700,VMGMX,Monthly
2013-01-01,6.4634056638470025744759102600,VMGMX,Monthly
2013-02-01,1.4305257121537685595252077900,VMGMX,Monthly
2013-03-01,3.9957086661103826439384908800,VMGMX,Monthly
2013-04-01,0.6631799231693777898587508600,VMGMX,Monthly
2013-05-01,1.8863136525122652681441380500,VMGMX,Monthly
2013-06-01,-1.1166459111664591116645911200,VMGMX,Monthly
2013-07-01,5.7948222802762914429091331800,VMGMX,Monthly
2013-08-01,-2.0224773974567941932372458200,VMGMX,Monthly
2013-09-01,5.1319035988435848868507626400,VMGMX,Monthly
2013-10-01,2.1542974827019098276858340900,VMGMX,Monthly
2013-11-01,1.0677766980434246595210814100,VMGMX,Monthly
2013-12-01,3.1881429096252755326965466600,VMGMX,Monthly
2014-01-01,-2.0858134644696876981787029500,VMGMX,Monthly
2014-02-01,6.6279383566508060507066259500,VMGMX,Monthly
2014-03-01,-1.6650815090700319962062782900,VMGMX,Monthly
2014-04-01,-2.1075189579173518789944379300,VMGMX,Monthly
2014-05-01,2.8705220741265553735110481300,VMGMX,Monthly
2014-06-01,3.3134248049502286790422383600,VMGMX,Monthly
2014-07-01,-2.5079684179825840589975417700,VMGMX,Monthly
2014-08-01,5.6393819196816111756614180600,VMGMX,Monthly
2014-09-01,-2.9266898947655866780615831200,VMGMX,Monthly
2014-10-01,3.3527556306863615881309533400,VMGMX,Monthly
2014-11-01,3.0103705943875300848044960200,VMGMX,Monthly
2014-12-01,-0.1773743700151685668150902800,VMGMX,Monthly
2015-01-01,-1.5553349754298248838890727100,VMGMX,Monthly
2015-02-01,6.6681770313367474213842741200,VMGMX,Monthly
2015-03-01,0.9954417404009307905417863800,VMGMX,Monthly
2015-04-01,-0.776718324636368258311417600,VMGMX,Monthly
2015-05-01,0.9132260566381822120053941100,VMGMX,Monthly
2015-06-01,-1.2280798932786802007025512500,VMGMX,Monthly
2015-07-01,1.5050577511292022329346172600,VMGMX,Monthly
2015-08-01,-5.8230010267082260968052339100,VMGMX,Monthly
2015-09-01,-4.0121925285319345006025377500,VMGMX,Monthly
2015-10-01,5.5860999416841317174659845300,VMGMX,Monthly
2015-11-01,-0.0226710883328308712692191700,VMGMX,Monthly
2015-12-01,-2.5394964429680771763752288700,VMGMX,Monthly
2016-01-01,-7.964525103711844437183790260,VMGMX,Monthly
2016-02-01,1.0881404524146982333181829200,VMGMX,Monthly
2016-03-01,8.162065378465598752770217600,VMGMX,Monthly
2016-04-01,0.0231212735394242310946693200,VMGMX,Monthly
2016-05-01,2.3174948235074241477845595400,VMGMX,Monthly
2016-06-01,-0.4869372942053019924531929700,VMGMX,Monthly
2016-07-01,5.128681975828655891644366300,VMGMX,Monthly
2016-08-01,-0.7588236510376103602517006300,VMGMX,Monthly
2016-09-01,0.2974702298275830138711409900,VMGMX,Monthly
2016-10-01,-3.7547806056857183083637807200,VMGMX,Monthly
2016-11-01,3.1981352204953080747158825200,VMGMX,Monthly
2016-12-01,0.2175079996932579491505336600,VMGMX,Monthly
2017-01-01,3.8714015744379905626470963300,VMGMX,Monthly
2017-02-01,2.7743486598163679427450157500,VMGMX,Monthly
2017-03-01,0.3377578525985633887864392900,VMGMX,Monthly
2017-04-01,2.0983062882080944876435238900,VMGMX,Monthly
2017-05-01,1.8336135629732188102290532800,VMGMX,Monthly
2017-06-01,0.3799827185941680460559875900,VMGMX,Monthly
2017-07-01,1.7964779822032316276368463600,VMGMX,Monthly
2017-08-01,0.1746231949320558875728190900,VMGMX,Monthly
2017-09-01,1.7330176474895652810661719800,VMGMX,Monthly
2017-10-01,2.1937506498076569335476698900,VMGMX,Monthly
2017-11-01,2.8374941305368602285177649100,VMGMX,Monthly
2017-12-01,-0.043757598126413798482943100,VMGMX,Monthly
2018-01-01,5.021954993690437443970513500,VMGMX,Monthly
2018-02-01,-3.3265189985827633577272018800,VMGMX,Monthly
2018-03-01,0.0916720876302671613335008100,VMGMX,Monthly
2018-04-01,-0.7711008555717047004000659300,VMGMX,Monthly
2018-05-01,3.7231381949622023612906879100,VMGMX,Monthly
2018-06-01,0.9384553792400640559033338200,VMGMX,Monthly
2018-07-01,1.8847004653158504859584947600,VMGMX,Monthly
2018-08-01,4.5824773371129879620831276300,VMGMX,Monthly
2018-09-01,-0.3175822465263913046420812600,VMGMX,Monthly
2018-10-01,-9.654231258200359500365780590,VMGMX,Monthly
2018-11-01,2.5090508066349410922590475200,VMGMX,Monthly
2018-12-01,-9.110602828300600409069915770,VMGMX,Monthly
2019-01-01,11.188744913473598457809557230,VMGMX,Monthly
2019-02-01,4.8392742176802894424243523400,VMGMX,Monthly
2019-03-01,2.5831662598665603393249136400,VMGMX,Monthly
2019-04-01,3.7585452141741790355163889400,VMGMX,Monthly
2019-05-01,-5.0181127917427122219495507200,VMGMX,Monthly
2019-06-01,6.3346759428780666422555840400,VMGMX,Monthly
2019-07-01,1.7420380525733117067016812100,VMGMX,Monthly
2019-08-01,-2.1250011861795844259365283200,VMGMX,Monthly
2019-09-01,-0.1908390778966010930021362300,VMGMX,Monthly
2019-10-01,1.8189471639157148292359126700,VMGMX,Monthly
2019-11-01,3.372873270790268723167435200,VMGMX,Monthly
2019-12-01,2.106098641464855286473715300,VMGMX,Monthly
2020-01-01,1.2437406222318636223945622500,VMGMX,Monthly
2020-02-01,-6.9952087611225188227241615300,VMGMX,Monthly
2020-03-01,-15.104439979009612061793654250,VMGMX,Monthly
2020-04-01,15.862791582962396209845506730,VMGMX,Monthly
2020-05-01,9.654983962577178064188727610,VMGMX,Monthly
2020-06-01,2.7703612727909198246144900700,VMGMX,Monthly
2020-07-01,7.4163345837260355430981353800,VMGMX,Monthly
2020-08-01,3.2097474849946186207813950700,VMGMX,Monthly
2020-09-01,-1.4501621489322645781068347300,VMGMX,Monthly
2020-10-01,-0.7354203930872860913469540900,VMGMX,Monthly
2020-11-01,13.489350092824870411157615960,VMGMX,Monthly
2020-12-01,4.654915241517115866300177300,VMGMX,Monthly
2021-01-01,-0.8437239487625382084816106300,VMGMX,Monthly
2021-02-01,3.2821360043935082751185953400,VMGMX,Monthly
2021-03-01,-1.1367776565749841080890647200,VMGMX,Monthly
2021-04-01,5.0260237694458923613070871200,VMGMX,Monthly
2021-05-01,-0.5982010764879685399130885600,VMGMX,Monthly
2021-06-01,5.609248040197808837793572800,VMGMX,Monthly
2021-07-01,2.0252968886292483104123567500,VMGMX,Monthly
2021-08-01,2.8910122330597603760627925700,VMGMX,Monthly
2021-09-01,-4.5889744896544404294848686800,VMGMX,Monthly
2021-10-01,8.713103278249862951096341120,VMGMX,Monthly
2021-11-01,-2.7559091411925218481507430200,VMGMX,Monthly
2021-12-01,1.9295360069771961341024680900,VMGMX,Monthly
2022-01-01,-12.816086769300021670003971280,VMGMX,Monthly
2022-02-01,-1.2878993149267455926811731800,VMGMX,Monthly
2022-03-01,1.8828653096953028329974225800,VMGMX,Monthly
2022-04-01,-11.447036810753016648846800060,VMGMX,Monthly
2022-05-01,-3.1669200058932812999716116300,VMGMX,Monthly
2022-06-01,-8.085748568177038878786754250,VMGMX,Monthly
2022-07-01,11.819219319448108052820559750,VMGMX,Monthly
2022-08-01,-3.3652839326678429494045971300,VMGMX,Monthly
2022-09-01,-9.843630317409905281446746500,VMGMX,Monthly
2022-10-01,6.71943857322447400776382500,VMGMX,Monthly
2022-11-01,5.7342947016867095571578361400,VMGMX,Monthly
2022-12-01,-6.3284150008325089861999392800,VMGMX,Monthly
2023-01-01,8.931183073961237300961813680,VMGMX,Monthly
2023-02-01,-1.7798286881892276810514355400,VMGMX,Monthly
2023-03-01,1.6288447466886223960655593500,VMGMX,Monthly
2023-04-01,-2.2629938542053558442744825100,VMGMX,Monthly
2023-05-01,0.0975251007226450086333695700,VMGMX,Monthly
2023-06-01,8.034971624870840638541767770,VMGMX,Monthly
2023-07-01,3.3296372744693312407953918700,VMGMX,Monthly
2023-08-01,-3.309732740622038690590836600,VMGMX,Monthly
2023-09-01,-5.1942981442674677099352206700,VMGMX,Monthly
2023-10-01,-5.9076370412348358963029843100,VMGMX,Monthly
2023-11-01,11.491621623001107589283435670,VMGMX,Monthly
2023-12-01,7.8174106315136504826367508900,VMGMX,Monthly
2024-01-01,-1.4598013260498956526539043700,VMGMX,Monthly
2024-02-01,6.0761999969837142112304937900,VMGMX,Monthly
2024-03-01,2.9030190951752769120309861200,VMGMX,Monthly
2024-04-01,-5.1232377860128196904128650900,VMGMX,Monthly
2024-05-01,2.2326425150722093008741673400,VMGMX,Monthly
2024-06-01,0.4948943669137068646244134300,VMGMX,Monthly
2024-07-01,1.690796800647970031386048400,VMGMX,Monthly
2024-08-01,-6.1230585424133811230585424100,VMGMX,Monthly
