1926-07-01,1.90265998393479,$SCV,Monthly
1926-08-01,3.58202670229526,$SCV,Monthly
1926-09-01,0.0137096539589019,$SCV,Monthly
1926-10-01,-3.37578729406517,$SCV,Monthly
1926-11-01,4.76761106600244,$SCV,Monthly
1926-12-01,1.73759930744548,$SCV,Monthly
1927-01-01,1.93543044749163,$SCV,Monthly
1927-02-01,7.67389765634536,$SCV,Monthly
1927-03-01,-2.07330922288783,$SCV,Monthly
1927-04-01,1.65354775944835,$SCV,Monthly
1927-05-01,7.84927900286472,$SCV,Monthly
1927-06-01,-0.961145845711981,$SCV,Monthly
1927-07-01,5.34560508876336,$SCV,Monthly
1927-08-01,-1.76191172671893,$SCV,Monthly
1927-09-01,4.57188067430088,$SCV,Monthly
1927-10-01,-5.15266113773642,$SCV,Monthly
1927-11-01,7.41991074310955,$SCV,Monthly
1927-12-01,3.93238924050888,$SCV,Monthly
1928-01-01,1.02815157343806,$SCV,Monthly
1928-02-01,-3.65372626665171,$SCV,Monthly
1928-03-01,6.31776054282728,$SCV,Monthly
1928-04-01,5.11904520990621,$SCV,Monthly
1928-05-01,-0.0927230829118057,$SCV,Monthly
1928-06-01,-6.67127116434005,$SCV,Monthly
1928-07-01,0.3107165974291,$SCV,Monthly
1928-08-01,6.03755147941068,$SCV,Monthly
1928-09-01,4.2999467160162,$SCV,Monthly
1928-10-01,1.03683045967894,$SCV,Monthly
1928-11-01,13.1866102776549,$SCV,Monthly
1928-12-01,0.359534065693741,$SCV,Monthly
1929-01-01,1.97637829278166,$SCV,Monthly
1929-02-01,2.52947524560695,$SCV,Monthly
1929-03-01,-3.49620934567202,$SCV,Monthly
1929-04-01,1.43495158290425,$SCV,Monthly
1929-05-01,-7.52523429960016,$SCV,Monthly
1929-06-01,9.69479965659486,$SCV,Monthly
1929-07-01,2.29717436977654,$SCV,Monthly
1929-08-01,4.48984720083971,$SCV,Monthly
1929-09-01,-3.76368023315905,$SCV,Monthly
1929-10-01,-16.036201581805,$SCV,Monthly
1929-11-01,-8.88371074373396,$SCV,Monthly
1929-12-01,1.21627530044393,$SCV,Monthly
1930-01-01,4.43221048523072,$SCV,Monthly
1930-02-01,1.00551967048084,$SCV,Monthly
1930-03-01,9.30622383810213,$SCV,Monthly
1930-04-01,-4.74046879908044,$SCV,Monthly
1930-05-01,-2.83373364449467,$SCV,Monthly
1930-06-01,-15.283727612058,$SCV,Monthly
1930-07-01,3.36357307399799,$SCV,Monthly
1930-08-01,-1.49382345908431,$SCV,Monthly
1930-09-01,-14.0439359985382,$SCV,Monthly
1930-10-01,-9.83232129941376,$SCV,Monthly
1930-11-01,-2.42626710868139,$SCV,Monthly
1930-12-01,-11.0797885034428,$SCV,Monthly
1931-01-01,7.48852532847353,$SCV,Monthly
1931-02-01,9.57133575215174,$SCV,Monthly
1931-03-01,-7.74367110671822,$SCV,Monthly
1931-04-01,-14.0284151886637,$SCV,Monthly
1931-05-01,-17.4018596453013,$SCV,Monthly
1931-06-01,20.0994956465698,$SCV,Monthly
1931-07-01,-8.95791178306965,$SCV,Monthly
1931-08-01,1.02732322118197,$SCV,Monthly
1931-09-01,-32.3811427017225,$SCV,Monthly
1931-10-01,11.1147961701902,$SCV,Monthly
1931-11-01,-10.4591551602017,$SCV,Monthly
1931-12-01,-15.8722168146626,$SCV,Monthly
1932-01-01,0.920029384530471,$SCV,Monthly
1932-02-01,0.393031391651192,$SCV,Monthly
1932-03-01,-11.6636909087356,$SCV,Monthly
1932-04-01,-16.2638063441778,$SCV,Monthly
1932-05-01,-19.8995440930754,$SCV,Monthly
1932-06-01,2.13205382331274,$SCV,Monthly
1932-07-01,51.2785408447352,$SCV,Monthly
1932-08-01,63.341810119131,$SCV,Monthly
1932-09-01,-8.13423886338945,$SCV,Monthly
1932-10-01,-20.8733522437183,$SCV,Monthly
1932-11-01,-11.7654201691462,$SCV,Monthly
1932-12-01,-0.828417878754462,$SCV,Monthly
1933-01-01,5.50571973233231,$SCV,Monthly
1933-02-01,-16.0232686810777,$SCV,Monthly
1933-03-01,12.3474003925158,$SCV,Monthly
1933-04-01,54.9156119548018,$SCV,Monthly
1933-05-01,41.1442818494013,$SCV,Monthly
1933-06-01,16.9904222571063,$SCV,Monthly
1933-07-01,-12.5264592436261,$SCV,Monthly
1933-08-01,16.2377544998093,$SCV,Monthly
1933-09-01,-17.1112508599413,$SCV,Monthly
1933-10-01,-12.8658677436378,$SCV,Monthly
1933-11-01,8.69895075839856,$SCV,Monthly
1933-12-01,4.36392133547471,$SCV,Monthly
1934-01-01,22.8911202899501,$SCV,Monthly
1934-02-01,0.24013449296086,$SCV,Monthly
1934-03-01,-0.562767833894885,$SCV,Monthly
1934-04-01,-3.63693379692787,$SCV,Monthly
1934-05-01,-11.5433564717843,$SCV,Monthly
1934-06-01,1.62122732444627,$SCV,Monthly
1934-07-01,-18.1588659026812,$SCV,Monthly
1934-08-01,8.18412266014944,$SCV,Monthly
1934-09-01,0.00384939901970566,$SCV,Monthly
1934-10-01,-3.03910602837043,$SCV,Monthly
1934-11-01,11.8457144629791,$SCV,Monthly
1934-12-01,1.8483615685717,$SCV,Monthly
1935-01-01,-3.87561933137183,$SCV,Monthly
1935-02-01,-4.50957861696071,$SCV,Monthly
1935-03-01,-7.63472027531842,$SCV,Monthly
1935-04-01,7.70511534747488,$SCV,Monthly
1935-05-01,0.668607584008928,$SCV,Monthly
1935-06-01,6.19529542194648,$SCV,Monthly
1935-07-01,9.38523792820312,$SCV,Monthly
1935-08-01,4.42470542080675,$SCV,Monthly
1935-09-01,1.98744213836033,$SCV,Monthly
1935-10-01,7.62197868398208,$SCV,Monthly
1935-11-01,8.30747604261162,$SCV,Monthly
1935-12-01,9.25795197249629,$SCV,Monthly
1936-01-01,9.89380014921167,$SCV,Monthly
1936-02-01,5.97194623364536,$SCV,Monthly
1936-03-01,1.70418191208643,$SCV,Monthly
1936-04-01,-11.7303268450356,$SCV,Monthly
1936-05-01,5.93712051521526,$SCV,Monthly
1936-06-01,0.0747486173259339,$SCV,Monthly
1936-07-01,9.20593899236318,$SCV,Monthly
1936-08-01,4.24836226445201,$SCV,Monthly
1936-09-01,2.86712348117674,$SCV,Monthly
1936-10-01,7.92174746512796,$SCV,Monthly
1936-11-01,7.85398139193688,$SCV,Monthly
1936-12-01,3.30789544485514,$SCV,Monthly
1937-01-01,6.50789534293413,$SCV,Monthly
1937-02-01,4.12371157943824,$SCV,Monthly
1937-03-01,2.83430563191107,$SCV,Monthly
1937-04-01,-10.3011715333295,$SCV,Monthly
1937-05-01,-2.00215813004741,$SCV,Monthly
1937-06-01,-7.05007519807877,$SCV,Monthly
1937-07-01,8.21467433683868,$SCV,Monthly
1937-08-01,-5.34570692414988,$SCV,Monthly
1937-09-01,-19.0887111098085,$SCV,Monthly
1937-10-01,-10.5086531992202,$SCV,Monthly
1937-11-01,-10.8920504453046,$SCV,Monthly
1937-12-01,-10.3693098912649,$SCV,Monthly
1938-01-01,3.68058299577503,$SCV,Monthly
1938-02-01,5.5624190351438,$SCV,Monthly
1938-03-01,-26.746961882347,$SCV,Monthly
1938-04-01,17.8413517751804,$SCV,Monthly
1938-05-01,-5.64120405927912,$SCV,Monthly
1938-06-01,26.5566793236405,$SCV,Monthly
1938-07-01,12.3186942127192,$SCV,Monthly
1938-08-01,-5.97456228300392,$SCV,Monthly
1938-09-01,-1.78924714862951,$SCV,Monthly
1938-10-01,13.2573947037096,$SCV,Monthly
1938-11-01,-3.27269949057483,$SCV,Monthly
1938-12-01,5.36274952300909,$SCV,Monthly
1939-01-01,-8.65618389005184,$SCV,Monthly
1939-02-01,4.34434861106592,$SCV,Monthly
1939-03-01,-20.3587499982948,$SCV,Monthly
1939-04-01,0.0984839715895573,$SCV,Monthly
1939-05-01,9.35952378909702,$SCV,Monthly
1939-06-01,-9.20517321768665,$SCV,Monthly
1939-07-01,13.4143789359696,$SCV,Monthly
1939-08-01,-10.4093368823468,$SCV,Monthly
1939-09-01,28.8666163642945,$SCV,Monthly
1939-10-01,-2.0384880331255,$SCV,Monthly
1939-11-01,-7.88799781872967,$SCV,Monthly
1939-12-01,1.54387007610803,$SCV,Monthly
1940-01-01,-2.95994700582247,$SCV,Monthly
1940-02-01,2.67332244406982,$SCV,Monthly
1940-03-01,1.23256322301121,$SCV,Monthly
1940-04-01,1.44970400459789,$SCV,Monthly
1940-05-01,-27.2508395156144,$SCV,Monthly
1940-06-01,7.00921042775957,$SCV,Monthly
1940-07-01,4.12971330895723,$SCV,Monthly
1940-08-01,2.59110709649232,$SCV,Monthly
1940-09-01,3.09291752934655,$SCV,Monthly
1940-10-01,7.99302104664656,$SCV,Monthly
1940-11-01,0.236669995253034,$SCV,Monthly
1940-12-01,-0.22494185865199,$SCV,Monthly
1941-01-01,-3.15494480665644,$SCV,Monthly
1941-02-01,-1.5168268232866,$SCV,Monthly
1941-03-01,1.95920405430473,$SCV,Monthly
1941-04-01,-4.28363520246829,$SCV,Monthly
1941-05-01,1.13856456100587,$SCV,Monthly
1941-06-01,6.30739754250366,$SCV,Monthly
1941-07-01,12.470167190909,$SCV,Monthly
1941-08-01,-0.0435850921667372,$SCV,Monthly
1941-09-01,-1.29754755469849,$SCV,Monthly
1941-10-01,-6.29117855318823,$SCV,Monthly
1941-11-01,-1.84735332155061,$SCV,Monthly
1941-12-01,-6.51608818544165,$SCV,Monthly
1942-01-01,7.27676989505343,$SCV,Monthly
1942-02-01,-1.48483007133648,$SCV,Monthly
1942-03-01,-5.32193226666299,$SCV,Monthly
1942-04-01,-4.99728382039007,$SCV,Monthly
1942-05-01,3.46837468369146,$SCV,Monthly
1942-06-01,1.28548716827123,$SCV,Monthly
1942-07-01,4.75854168396512,$SCV,Monthly
1942-08-01,1.74616263303213,$SCV,Monthly
1942-09-01,3.45684728008846,$SCV,Monthly
1942-10-01,9.84945283482423,$SCV,Monthly
1942-11-01,-1.26441279592037,$SCV,Monthly
1942-12-01,4.36419872233182,$SCV,Monthly
1943-01-01,12.514381386412,$SCV,Monthly
1943-02-01,10.0588085743947,$SCV,Monthly
1943-03-01,11.3539437451681,$SCV,Monthly
1943-04-01,5.66130379004309,$SCV,Monthly
1943-05-01,9.03102225293119,$SCV,Monthly
1943-06-01,1.06330822117712,$SCV,Monthly
1943-07-01,-7.94370245847959,$SCV,Monthly
1943-08-01,0.882077317161049,$SCV,Monthly
1943-09-01,4.11209059952908,$SCV,Monthly
1943-10-01,0.0139656141056813,$SCV,Monthly
1943-11-01,-9.05025806752858,$SCV,Monthly
1943-12-01,11.096141866023,$SCV,Monthly
1944-01-01,4.14066791063509,$SCV,Monthly
1944-02-01,0.910988246187203,$SCV,Monthly
1944-03-01,4.51171731654814,$SCV,Monthly
1944-04-01,-3.15962387292901,$SCV,Monthly
1944-05-01,7.34157571257458,$SCV,Monthly
1944-06-01,10.1883307292792,$SCV,Monthly
1944-07-01,-0.954079725820795,$SCV,Monthly
1944-08-01,3.3512264819795,$SCV,Monthly
1944-09-01,-0.0821278291653947,$SCV,Monthly
1944-10-01,-0.640202028629458,$SCV,Monthly
1944-11-01,2.3061019508093,$SCV,Monthly
1944-12-01,8.17564407313121,$SCV,Monthly
1945-01-01,4.09895382719205,$SCV,Monthly
1945-02-01,10.1246368043273,$SCV,Monthly
1945-03-01,-5.78783751459245,$SCV,Monthly
1945-04-01,10.7282450915645,$SCV,Monthly
1945-05-01,2.99417735517348,$SCV,Monthly
1945-06-01,4.85973141549739,$SCV,Monthly
1945-07-01,-4.36782860891883,$SCV,Monthly
1945-08-01,6.03802206800178,$SCV,Monthly
1945-09-01,6.90922294978941,$SCV,Monthly
1945-10-01,5.66863196214724,$SCV,Monthly
1945-11-01,9.06579178925288,$SCV,Monthly
1945-12-01,3.09688394479546,$SCV,Monthly
1946-01-01,8.67702512434261,$SCV,Monthly
1946-02-01,-7.62162560602113,$SCV,Monthly
1946-03-01,6.94731887824279,$SCV,Monthly
1946-04-01,5.95933719782811,$SCV,Monthly
1946-05-01,5.59733393408063,$SCV,Monthly
1946-06-01,-5.52172178252036,$SCV,Monthly
1946-07-01,-4.18360413480965,$SCV,Monthly
1946-08-01,-7.86248750168745,$SCV,Monthly
1946-09-01,-13.6781708654235,$SCV,Monthly
1946-10-01,-0.432826978726113,$SCV,Monthly
1946-11-01,0.74257954825383,$SCV,Monthly
1946-12-01,5.22189219426518,$SCV,Monthly
1947-01-01,2.49359357494261,$SCV,Monthly
1947-02-01,-0.432281741881975,$SCV,Monthly
1947-03-01,-2.39425555881472,$SCV,Monthly
1947-04-01,-7.59242518755678,$SCV,Monthly
1947-05-01,-3.03261923000617,$SCV,Monthly
1947-06-01,5.64355848480759,$SCV,Monthly
1947-07-01,7.21154082237959,$SCV,Monthly
1947-08-01,-0.943671221906269,$SCV,Monthly
1947-09-01,1.37705518843642,$SCV,Monthly
1947-10-01,2.91534009774662,$SCV,Monthly
1947-11-01,-2.51009027743474,$SCV,Monthly
1947-12-01,2.0062964123548,$SCV,Monthly
1948-01-01,-1.0970767387403,$SCV,Monthly
1948-02-01,-6.14849827345441,$SCV,Monthly
1948-03-01,11.1546019278619,$SCV,Monthly
1948-04-01,4.58510883724016,$SCV,Monthly
1948-05-01,8.66227698207155,$SCV,Monthly
1948-06-01,-1.10972118692623,$SCV,Monthly
1948-07-01,-5.66363910211534,$SCV,Monthly
1948-08-01,0.237093468981746,$SCV,Monthly
1948-09-01,-4.7371915993819,$SCV,Monthly
1948-10-01,5.08546153028489,$SCV,Monthly
1948-11-01,-12.2742262631932,$SCV,Monthly
1948-12-01,1.81669599211586,$SCV,Monthly
1949-01-01,1.07703296257843,$SCV,Monthly
1949-02-01,-4.30559741050637,$SCV,Monthly
1949-03-01,7.31352656575524,$SCV,Monthly
1949-04-01,-4.49163190664334,$SCV,Monthly
1949-05-01,-4.17723119050847,$SCV,Monthly
1949-06-01,-1.69819897657823,$SCV,Monthly
1949-07-01,6.53024338876307,$SCV,Monthly
1949-08-01,2.28848266801664,$SCV,Monthly
1949-09-01,4.21051416821714,$SCV,Monthly
1949-10-01,3.1803302553576,$SCV,Monthly
1949-11-01,1.24310767541288,$SCV,Monthly
1949-12-01,7.7019300435908,$SCV,Monthly
1950-01-01,3.75507948989688,$SCV,Monthly
1950-02-01,0.793388740673163,$SCV,Monthly
1950-03-01,-1.16440434012344,$SCV,Monthly
1950-04-01,6.42602944719131,$SCV,Monthly
1950-05-01,3.28698672356027,$SCV,Monthly
1950-06-01,-7.23928032996874,$SCV,Monthly
1950-07-01,9.9257167257713,$SCV,Monthly
1950-08-01,4.86648762772874,$SCV,Monthly
1950-09-01,5.55648883608224,$SCV,Monthly
1950-10-01,-0.132720833034947,$SCV,Monthly
1950-11-01,5.39885547850687,$SCV,Monthly
1950-12-01,10.9677993412195,$SCV,Monthly
1951-01-01,8.23461041904329,$SCV,Monthly
1951-02-01,0.129555090085917,$SCV,Monthly
1951-03-01,-5.33750718637939,$SCV,Monthly
1951-04-01,5.70460957648163,$SCV,Monthly
1951-05-01,-2.52111868350098,$SCV,Monthly
1951-06-01,-7.2513894322526,$SCV,Monthly
1951-07-01,7.33872993887639,$SCV,Monthly
1951-08-01,4.18167030061861,$SCV,Monthly
1951-09-01,2.75957262978306,$SCV,Monthly
1951-10-01,-3.21040033036575,$SCV,Monthly
1951-11-01,1.04319018024575,$SCV,Monthly
1951-12-01,1.05849962965695,$SCV,Monthly
1952-01-01,1.58293701125923,$SCV,Monthly
1952-02-01,-2.08260334990242,$SCV,Monthly
1952-03-01,3.57102031804249,$SCV,Monthly
1952-04-01,-3.87541665662332,$SCV,Monthly
1952-05-01,3.11962760959274,$SCV,Monthly
1952-06-01,3.59679395099111,$SCV,Monthly
1952-07-01,0.755863116563248,$SCV,Monthly
1952-08-01,-0.606148140151235,$SCV,Monthly
1952-09-01,-2.1335217939871,$SCV,Monthly
1952-10-01,-0.900154974100033,$SCV,Monthly
1952-11-01,6.14107584254379,$SCV,Monthly
1952-12-01,2.22928097161966,$SCV,Monthly
1953-01-01,3.21838438539221,$SCV,Monthly
1953-02-01,0.693399958330604,$SCV,Monthly
1953-03-01,-1.61694566494052,$SCV,Monthly
1953-04-01,-1.84612860548545,$SCV,Monthly
1953-05-01,1.00430483616233,$SCV,Monthly
1953-06-01,-3.24647770675656,$SCV,Monthly
1953-07-01,1.57016596493677,$SCV,Monthly
1953-08-01,-6.17807509473857,$SCV,Monthly
1953-09-01,-1.4902379948282,$SCV,Monthly
1953-10-01,4.26491235240686,$SCV,Monthly
1953-11-01,2.25590878174072,$SCV,Monthly
1953-12-01,-2.0824242797399,$SCV,Monthly
1954-01-01,7.05793485956203,$SCV,Monthly
1954-02-01,1.75804743370807,$SCV,Monthly
1954-03-01,2.832371333383,$SCV,Monthly
1954-04-01,1.09189182771284,$SCV,Monthly
1954-05-01,4.92680620349517,$SCV,Monthly
1954-06-01,1.49664936365837,$SCV,Monthly
1954-07-01,7.31430618666485,$SCV,Monthly
1954-08-01,-1.43050133091212,$SCV,Monthly
1954-09-01,4.96994189292024,$SCV,Monthly
1954-10-01,-0.302896551669812,$SCV,Monthly
1954-11-01,10.685998131355,$SCV,Monthly
1954-12-01,9.96682635644503,$SCV,Monthly
1955-01-01,1.67452574424893,$SCV,Monthly
1955-02-01,4.39698091620549,$SCV,Monthly
1955-03-01,1.42745556388577,$SCV,Monthly
1955-04-01,1.76856348705902,$SCV,Monthly
1955-05-01,0.915904547313607,$SCV,Monthly
1955-06-01,2.87356610245624,$SCV,Monthly
1955-07-01,0.894461039831992,$SCV,Monthly
1955-08-01,0.809584952259131,$SCV,Monthly
1955-09-01,-0.720556666066327,$SCV,Monthly
1955-10-01,-1.20957802404995,$SCV,Monthly
1955-11-01,5.8489472886967,$SCV,Monthly
1955-12-01,1.34112059992589,$SCV,Monthly
1956-01-01,-2.8561232092418,$SCV,Monthly
1956-02-01,3.33686015602606,$SCV,Monthly
1956-03-01,5.13529910683077,$SCV,Monthly
1956-04-01,0.649714530123981,$SCV,Monthly
1956-05-01,-4.59194863080568,$SCV,Monthly
1956-06-01,2.13877469979519,$SCV,Monthly
1956-07-01,4.09748255089634,$SCV,Monthly
1956-08-01,-2.07684552352013,$SCV,Monthly
1956-09-01,-3.03956617842886,$SCV,Monthly
1956-10-01,1.08444047634472,$SCV,Monthly
1956-11-01,1.54475296009558,$SCV,Monthly
1956-12-01,2.69657010061207,$SCV,Monthly
1957-01-01,-0.703195043771836,$SCV,Monthly
1957-02-01,-2.59514686285011,$SCV,Monthly
1957-03-01,2.46746007890033,$SCV,Monthly
1957-04-01,2.44762162011156,$SCV,Monthly
1957-05-01,2.0739632269493,$SCV,Monthly
1957-06-01,-0.90894985071295,$SCV,Monthly
1957-07-01,0.582267176921798,$SCV,Monthly
1957-08-01,-5.2818882515495,$SCV,Monthly
1957-09-01,-4.74964342481015,$SCV,Monthly
1957-10-01,-5.75390530378898,$SCV,Monthly
1957-11-01,2.41061642308828,$SCV,Monthly
1957-12-01,-4.34689283110406,$SCV,Monthly
1958-01-01,10.5591950584478,$SCV,Monthly
1958-02-01,-0.21665052319397,$SCV,Monthly
1958-03-01,3.3125263619049,$SCV,Monthly
1958-04-01,2.84344030797565,$SCV,Monthly
1958-05-01,3.77120375689567,$SCV,Monthly
1958-06-01,2.81315924493403,$SCV,Monthly
1958-07-01,7.10486803452887,$SCV,Monthly
1958-08-01,2.86328343879219,$SCV,Monthly
1958-09-01,7.26533003720802,$SCV,Monthly
1958-10-01,3.14301138361345,$SCV,Monthly
1958-11-01,4.55730115127048,$SCV,Monthly
1958-12-01,3.89652123948213,$SCV,Monthly
1959-01-01,4.4960786899871,$SCV,Monthly
1959-02-01,3.22895458238619,$SCV,Monthly
1959-03-01,0.788966399711314,$SCV,Monthly
1959-04-01,3.86810843221669,$SCV,Monthly
1959-05-01,2.32009567118141,$SCV,Monthly
1959-06-01,1.70766034829373,$SCV,Monthly
1959-07-01,3.03767551185719,$SCV,Monthly
1959-08-01,-2.06204989789647,$SCV,Monthly
1959-09-01,-4.60985493884219,$SCV,Monthly
1959-10-01,2.17205037273275,$SCV,Monthly
1959-11-01,1.71606845018042,$SCV,Monthly
1959-12-01,2.08502456373558,$SCV,Monthly
1960-01-01,-5.29571984821067,$SCV,Monthly
1960-02-01,1.31357567495569,$SCV,Monthly
1960-03-01,-4.08954123275722,$SCV,Monthly
1960-04-01,-2.86373989980978,$SCV,Monthly
1960-05-01,2.43731473530085,$SCV,Monthly
1960-06-01,2.76317928671397,$SCV,Monthly
1960-07-01,-1.54940638574251,$SCV,Monthly
1960-08-01,3.58143771271981,$SCV,Monthly
1960-09-01,-6.09981433364866,$SCV,Monthly
1960-10-01,-1.93697564687703,$SCV,Monthly
1960-11-01,4.62653418673272,$SCV,Monthly
1960-12-01,3.23461311992133,$SCV,Monthly
1961-01-01,9.59409910915332,$SCV,Monthly
1961-02-01,5.25521195360199,$SCV,Monthly
1961-03-01,4.26276918169137,$SCV,Monthly
1961-04-01,0.662708751059465,$SCV,Monthly
1961-05-01,3.81444254726474,$SCV,Monthly
1961-06-01,-3.59496993096378,$SCV,Monthly
1961-07-01,1.25372796140023,$SCV,Monthly
1961-08-01,2.43873437180603,$SCV,Monthly
1961-09-01,-3.12931868214976,$SCV,Monthly
1961-10-01,2.18572722245676,$SCV,Monthly
1961-11-01,4.58078207891781,$SCV,Monthly
1961-12-01,0.390824620998307,$SCV,Monthly
1962-01-01,-0.996938487580858,$SCV,Monthly
1962-02-01,1.74729372485911,$SCV,Monthly
1962-03-01,-1.28385726864288,$SCV,Monthly
1962-04-01,-6.52857437266335,$SCV,Monthly
1962-05-01,-9.29075253372025,$SCV,Monthly
1962-06-01,-7.0116831007839,$SCV,Monthly
1962-07-01,4.96255092737563,$SCV,Monthly
1962-08-01,2.21042262250377,$SCV,Monthly
1962-09-01,-5.38823448572145,$SCV,Monthly
1962-10-01,-0.938595359708069,$SCV,Monthly
1962-11-01,13.0333717558467,$SCV,Monthly
1962-12-01,-0.838383484833962,$SCV,Monthly
1963-01-01,7.49004414921777,$SCV,Monthly
1963-02-01,-1.11255660142669,$SCV,Monthly
1963-03-01,2.77046468182175,$SCV,Monthly
1963-04-01,4.58981326026436,$SCV,Monthly
1963-05-01,3.72423842059646,$SCV,Monthly
1963-06-01,-1.81175317097202,$SCV,Monthly
1963-07-01,-1.69588774098081,$SCV,Monthly
1963-08-01,5.89870881611359,$SCV,Monthly
1963-09-01,-1.82317880713083,$SCV,Monthly
1963-10-01,2.62602057540515,$SCV,Monthly
1963-11-01,-0.0510817930818965,$SCV,Monthly
1963-12-01,1.85457374964559,$SCV,Monthly
1964-01-01,2.91138552270192,$SCV,Monthly
1964-02-01,3.69437227174198,$SCV,Monthly
1964-03-01,5.71051713477207,$SCV,Monthly
1964-04-01,0.0504244293514264,$SCV,Monthly
1964-05-01,1.91636833018835,$SCV,Monthly
1964-06-01,1.87687336462115,$SCV,Monthly
1964-07-01,2.35834576759235,$SCV,Monthly
1964-08-01,-0.497581255047973,$SCV,Monthly
1964-09-01,3.82996036185232,$SCV,Monthly
1964-10-01,1.83569278046601,$SCV,Monthly
1964-11-01,-0.68526848714832,$SCV,Monthly
1964-12-01,-1.17120764110747,$SCV,Monthly
1965-01-01,5.7853329501287,$SCV,Monthly
1965-02-01,3.80546325384243,$SCV,Monthly
1965-03-01,0.457129095298521,$SCV,Monthly
1965-04-01,4.78669094889399,$SCV,Monthly
1965-05-01,-1.06992712090422,$SCV,Monthly
1965-06-01,-8.45806272361835,$SCV,Monthly
1965-07-01,3.89170212949702,$SCV,Monthly
1965-08-01,4.51696241792914,$SCV,Monthly
1965-09-01,3.50311949358044,$SCV,Monthly
1965-10-01,5.3393718052007,$SCV,Monthly
1965-11-01,3.53069356342685,$SCV,Monthly
1965-12-01,3.79838052094146,$SCV,Monthly
1966-01-01,4.7471404390881,$SCV,Monthly
1966-02-01,2.04082410433837,$SCV,Monthly
1966-03-01,-3.24554976422261,$SCV,Monthly
1966-04-01,4.75245944097043,$SCV,Monthly
1966-05-01,-9.20486386307577,$SCV,Monthly
1966-06-01,-0.212937566529721,$SCV,Monthly
1966-07-01,-1.47916057506268,$SCV,Monthly
1966-08-01,-9.03704733352569,$SCV,Monthly
1966-09-01,-0.880266711225097,$SCV,Monthly
1966-10-01,2.53089406050156,$SCV,Monthly
1966-11-01,2.19026216452235,$SCV,Monthly
1966-12-01,1.63025157158868,$SCV,Monthly
1967-01-01,13.8843993085082,$SCV,Monthly
1967-02-01,1.64795459131649,$SCV,Monthly
1967-03-01,6.29430496407646,$SCV,Monthly
1967-04-01,3.66871095775029,$SCV,Monthly
1967-05-01,-0.978798623116545,$SCV,Monthly
1967-06-01,5.4828574324098,$SCV,Monthly
1967-07-01,7.7251521275628,$SCV,Monthly
1967-08-01,0.992657795798489,$SCV,Monthly
1967-09-01,3.75156116959681,$SCV,Monthly
1967-10-01,-3.20195293677977,$SCV,Monthly
1967-11-01,0.171775380366819,$SCV,Monthly
1967-12-01,6.32722860971553,$SCV,Monthly
1968-01-01,0.343449379360967,$SCV,Monthly
1968-02-01,-4.23780144907385,$SCV,Monthly
1968-03-01,-0.329731050640163,$SCV,Monthly
1968-04-01,11.8294997171576,$SCV,Monthly
1968-05-01,6.23151256964328,$SCV,Monthly
1968-06-01,1.39199074209057,$SCV,Monthly
1968-07-01,-1.61289119172805,$SCV,Monthly
1968-08-01,3.48119145033967,$SCV,Monthly
1968-09-01,5.48168192632853,$SCV,Monthly
1968-10-01,1.93220777078096,$SCV,Monthly
1968-11-01,8.27599578073519,$SCV,Monthly
1968-12-01,-1.64131521699128,$SCV,Monthly
1969-01-01,-0.583737974253007,$SCV,Monthly
1969-02-01,-6.54293855266686,$SCV,Monthly
1969-03-01,2.50240626921304,$SCV,Monthly
1969-04-01,1.05268349739916,$SCV,Monthly
1969-05-01,0.263861620841896,$SCV,Monthly
1969-06-01,-10.3061991070192,$SCV,Monthly
1969-07-01,-7.43635633285847,$SCV,Monthly
1969-08-01,4.36866246202388,$SCV,Monthly
1969-09-01,-2.41360094217328,$SCV,Monthly
1969-10-01,7.49971004702958,$SCV,Monthly
1969-11-01,-5.1491393304806,$SCV,Monthly
1969-12-01,-5.01334567999999,$SCV,Monthly
1970-01-01,-4.54993218125522,$SCV,Monthly
1970-02-01,6.05138144483638,$SCV,Monthly
1970-03-01,0.518582456178428,$SCV,Monthly
1970-04-01,-11.4128079050143,$SCV,Monthly
1970-05-01,-8.6304751233806,$SCV,Monthly
1970-06-01,-6.60829895563116,$SCV,Monthly
1970-07-01,8.39749089473706,$SCV,Monthly
1970-08-01,6.15800514193608,$SCV,Monthly
1970-09-01,7.25208097858155,$SCV,Monthly
1970-10-01,-4.62604908560141,$SCV,Monthly
1970-11-01,4.28579164535012,$SCV,Monthly
1970-12-01,9.5051187171714,$SCV,Monthly
1971-01-01,9.33060733831206,$SCV,Monthly
1971-02-01,1.8855825845268,$SCV,Monthly
1971-03-01,3.68297609768807,$SCV,Monthly
1971-04-01,4.4886087202348,$SCV,Monthly
1971-05-01,-4.36619854281484,$SCV,Monthly
1971-06-01,-1.40783822873908,$SCV,Monthly
1971-07-01,-4.80636720183242,$SCV,Monthly
1971-08-01,5.34841677017213,$SCV,Monthly
1971-09-01,-1.65864696887998,$SCV,Monthly
1971-10-01,-4.56899662802513,$SCV,Monthly
1971-11-01,-2.4628955845164,$SCV,Monthly
1971-12-01,11.1901142416824,$SCV,Monthly
1972-01-01,5.88469034108741,$SCV,Monthly
1972-02-01,2.08179766169171,$SCV,Monthly
1972-03-01,-0.0455775531051889,$SCV,Monthly
1972-04-01,0.836408368228782,$SCV,Monthly
1972-05-01,-1.47873325021212,$SCV,Monthly
1972-06-01,-3.15903301177728,$SCV,Monthly
1972-07-01,-2.11257806667867,$SCV,Monthly
1972-08-01,3.45273531738566,$SCV,Monthly
1972-09-01,-2.33568307477151,$SCV,Monthly
1972-10-01,0.641104229488387,$SCV,Monthly
1972-11-01,7.12822968290983,$SCV,Monthly
1972-12-01,-1.65203937915917,$SCV,Monthly
1973-01-01,-5.11620364738149,$SCV,Monthly
1973-02-01,-5.56316070115641,$SCV,Monthly
1973-03-01,-1.14509400742271,$SCV,Monthly
1973-04-01,-4.28335460838369,$SCV,Monthly
1973-05-01,-4.70900973739156,$SCV,Monthly
1973-06-01,-2.43872454687646,$SCV,Monthly
1973-07-01,6.87054229932944,$SCV,Monthly
1973-08-01,-3.21783618114206,$SCV,Monthly
1973-09-01,10.0245546869059,$SCV,Monthly
1973-10-01,0.763018714477636,$SCV,Monthly
1973-11-01,-15.5680114467089,$SCV,Monthly
1973-12-01,1.22709400805115,$SCV,Monthly
1974-01-01,8.49916925905569,$SCV,Monthly
1974-02-01,1.56011827373008,$SCV,Monthly
1974-03-01,-1.72796363585613,$SCV,Monthly
1974-04-01,-4.57045755930591,$SCV,Monthly
1974-05-01,-7.45916990268872,$SCV,Monthly
1974-06-01,-2.69639609987709,$SCV,Monthly
1974-07-01,-2.65718603272477,$SCV,Monthly
1974-08-01,-6.94130004782771,$SCV,Monthly
1974-09-01,-6.82851408813441,$SCV,Monthly
1974-10-01,9.01095540846388,$SCV,Monthly
1974-11-01,-3.6441708714184,$SCV,Monthly
1974-12-01,-5.19100092140245,$SCV,Monthly
1975-01-01,25.5264457699582,$SCV,Monthly
1975-02-01,3.44221680142995,$SCV,Monthly
1975-03-01,6.07573875843251,$SCV,Monthly
1975-04-01,3.82987505218689,$SCV,Monthly
1975-05-01,6.17074261652998,$SCV,Monthly
1975-06-01,6.37118117311548,$SCV,Monthly
1975-07-01,-3.97814312162867,$SCV,Monthly
1975-08-01,-4.61885562043492,$SCV,Monthly
1975-09-01,-3.89224249549009,$SCV,Monthly
1975-10-01,3.83722853654761,$SCV,Monthly
1975-11-01,3.77505924707202,$SCV,Monthly
1975-12-01,0.0399046921596328,$SCV,Monthly
1976-01-01,19.7811379254307,$SCV,Monthly
1976-02-01,8.01248619393231,$SCV,Monthly
1976-03-01,1.98668007033112,$SCV,Monthly
1976-04-01,-0.963854218186203,$SCV,Monthly
1976-05-01,-2.35119358755187,$SCV,Monthly
1976-06-01,5.281582647245,$SCV,Monthly
1976-07-01,0.903639460370675,$SCV,Monthly
1976-08-01,-1.20799433033717,$SCV,Monthly
1976-09-01,2.35666604903212,$SCV,Monthly
1976-10-01,-1.67157317260835,$SCV,Monthly
1976-11-01,4.23269749953695,$SCV,Monthly
1976-12-01,9.09727837045235,$SCV,Monthly
1977-01-01,1.45348336877292,$SCV,Monthly
1977-02-01,-1.09627715493017,$SCV,Monthly
1977-03-01,0.044333888386647,$SCV,Monthly
1977-04-01,2.25543100305742,$SCV,Monthly
1977-05-01,0.305009558929534,$SCV,Monthly
1977-06-01,5.94261525073844,$SCV,Monthly
1977-07-01,-0.445379824238063,$SCV,Monthly
1977-08-01,-1.18146066124683,$SCV,Monthly
1977-09-01,0.303969685130157,$SCV,Monthly
1977-10-01,-2.01487247408103,$SCV,Monthly
1977-11-01,7.19146032083579,$SCV,Monthly
1977-12-01,1.41124588773767,$SCV,Monthly
1978-01-01,-2.25521639578482,$SCV,Monthly
1978-02-01,1.53318781654597,$SCV,Monthly
1978-03-01,6.34920685656938,$SCV,Monthly
1978-04-01,6.77865035880061,$SCV,Monthly
1978-05-01,4.86871600916374,$SCV,Monthly
1978-06-01,0.844942432382809,$SCV,Monthly
1978-07-01,5.08660227371241,$SCV,Monthly
1978-08-01,7.81139849083057,$SCV,Monthly
1978-09-01,-0.675744034429861,$SCV,Monthly
1978-10-01,-17.7176009126715,$SCV,Monthly
1978-11-01,4.09650610625123,$SCV,Monthly
1978-12-01,1.63050447541099,$SCV,Monthly
1979-01-01,8.5171566235395,$SCV,Monthly
1979-02-01,-2.30813894263931,$SCV,Monthly
1979-03-01,8.65544149692005,$SCV,Monthly
1979-04-01,2.82950741436919,$SCV,Monthly
1979-05-01,-0.373223656596927,$SCV,Monthly
1979-06-01,6.26331701116439,$SCV,Monthly
1979-07-01,3.89791359585559,$SCV,Monthly
1979-08-01,6.99314301280092,$SCV,Monthly
1979-09-01,-1.40162002100801,$SCV,Monthly
1979-10-01,-11.1103688022257,$SCV,Monthly
1979-11-01,6.83696406372354,$SCV,Monthly
1979-12-01,4.54859494508469,$SCV,Monthly
1980-01-01,7.35715781089955,$SCV,Monthly
1980-02-01,-2.88637865989595,$SCV,Monthly
1980-03-01,-16.3640189084211,$SCV,Monthly
1980-04-01,6.69472873109426,$SCV,Monthly
1980-05-01,8.19987422370022,$SCV,Monthly
1980-06-01,4.30798836168148,$SCV,Monthly
1980-07-01,7.91813837185533,$SCV,Monthly
1980-08-01,3.34114521161621,$SCV,Monthly
1980-09-01,1.85451320519784,$SCV,Monthly
1980-10-01,2.28967168813767,$SCV,Monthly
1980-11-01,3.81413747093833,$SCV,Monthly
1980-12-01,-1.09063823596711,$SCV,Monthly
1981-01-01,1.03267683174027,$SCV,Monthly
1981-02-01,2.53508120643273,$SCV,Monthly
1981-03-01,7.51762059764604,$SCV,Monthly
1981-04-01,3.48622714733551,$SCV,Monthly
1981-05-01,2.01136719952751,$SCV,Monthly
1981-06-01,0.786222071435337,$SCV,Monthly
1981-07-01,-1.8727586728492,$SCV,Monthly
1981-08-01,-5.19901631151521,$SCV,Monthly
1981-09-01,-5.2898187164877,$SCV,Monthly
1981-10-01,6.79150934047392,$SCV,Monthly
1981-11-01,5.11205113234372,$SCV,Monthly
1981-12-01,-1.41431636176351,$SCV,Monthly
1982-01-01,-2.29191886937358,$SCV,Monthly
1982-02-01,-1.70439785363996,$SCV,Monthly
1982-03-01,0.640679787681857,$SCV,Monthly
1982-04-01,4.7687129149662,$SCV,Monthly
1982-05-01,-1.68571903934321,$SCV,Monthly
1982-06-01,-1.40307807132383,$SCV,Monthly
1982-07-01,-1.24856197332643,$SCV,Monthly
1982-08-01,9.46538750704688,$SCV,Monthly
1982-09-01,4.77815544299161,$SCV,Monthly
1982-10-01,12.5906593084579,$SCV,Monthly
1982-11-01,7.96795599673924,$SCV,Monthly
1982-12-01,0.43833572220415,$SCV,Monthly
1983-01-01,4.540668783213,$SCV,Monthly
1983-02-01,6.71684868933122,$SCV,Monthly
1983-03-01,6.24518793230798,$SCV,Monthly
1983-04-01,8.02912013635654,$SCV,Monthly
1983-05-01,4.49937466091309,$SCV,Monthly
1983-06-01,3.19986528451183,$SCV,Monthly
1983-07-01,0.933504571190931,$SCV,Monthly
1983-08-01,-1.52469453898764,$SCV,Monthly
1983-09-01,3.57016962367963,$SCV,Monthly
1983-10-01,-2.91902461328277,$SCV,Monthly
1983-11-01,4.22793890552675,$SCV,Monthly
1983-12-01,-0.141284713714172,$SCV,Monthly
1984-01-01,0.767103350646408,$SCV,Monthly
1984-02-01,-3.96127674241211,$SCV,Monthly
1984-03-01,1.85564306130947,$SCV,Monthly
1984-04-01,-0.0151984988420604,$SCV,Monthly
1984-05-01,-4.67247822384029,$SCV,Monthly
1984-06-01,1.42188191566293,$SCV,Monthly
1984-07-01,-2.9172014849794,$SCV,Monthly
1984-08-01,10.1602814958367,$SCV,Monthly
1984-09-01,1.81443393889321,$SCV,Monthly
1984-10-01,0.0903484746294675,$SCV,Monthly
1984-11-01,0.413595576587897,$SCV,Monthly
1984-12-01,1.89435160579569,$SCV,Monthly
1985-01-01,9.36421473567796,$SCV,Monthly
1985-02-01,2.14568973255567,$SCV,Monthly
1985-03-01,0.092049821487769,$SCV,Monthly
1985-04-01,0.990875831506003,$SCV,Monthly
1985-05-01,3.88514991845845,$SCV,Monthly
1985-06-01,2.82484220257047,$SCV,Monthly
1985-07-01,1.86704520976121,$SCV,Monthly
1985-08-01,0.245616001007477,$SCV,Monthly
1985-09-01,-3.91185041313601,$SCV,Monthly
1985-10-01,4.04556219031899,$SCV,Monthly
1985-11-01,6.8586379727908,$SCV,Monthly
1985-12-01,3.86339228973024,$SCV,Monthly
1986-01-01,1.52274678996575,$SCV,Monthly
1986-02-01,7.30248747057762,$SCV,Monthly
1986-03-01,5.27550362545416,$SCV,Monthly
1986-04-01,0.31322669211209,$SCV,Monthly
1986-05-01,4.56718825315879,$SCV,Monthly
1986-06-01,1.62547845664298,$SCV,Monthly
1986-07-01,-7.32431165820924,$SCV,Monthly
1986-08-01,5.23032887439211,$SCV,Monthly
1986-09-01,-4.55148425180076,$SCV,Monthly
1986-10-01,2.35198000942503,$SCV,Monthly
1986-11-01,-0.222488115664345,$SCV,Monthly
1986-12-01,-2.44593656253199,$SCV,Monthly
1987-01-01,9.97167075096427,$SCV,Monthly
1987-02-01,5.48627605136954,$SCV,Monthly
1987-03-01,2.71162968819684,$SCV,Monthly
1987-04-01,-3.31208840500435,$SCV,Monthly
1987-05-01,0.034617604747141,$SCV,Monthly
1987-06-01,3.85776286758997,$SCV,Monthly
1987-07-01,4.353819097916,$SCV,Monthly
1987-08-01,3.45973781289295,$SCV,Monthly
1987-09-01,-1.51936696431934,$SCV,Monthly
1987-10-01,-26.3817204498365,$SCV,Monthly
1987-11-01,-3.37300355604046,$SCV,Monthly
1987-12-01,6.05984927891865,$SCV,Monthly
1988-01-01,5.51630868858739,$SCV,Monthly
1988-02-01,7.35554947257621,$SCV,Monthly
1988-03-01,2.28270000623879,$SCV,Monthly
1988-04-01,2.15653253458418,$SCV,Monthly
1988-05-01,-0.590235405368136,$SCV,Monthly
1988-06-01,6.45189662152575,$SCV,Monthly
1988-07-01,-0.231727466272132,$SCV,Monthly
1988-08-01,-1.21956292799489,$SCV,Monthly
1988-09-01,2.7603087662392,$SCV,Monthly
1988-10-01,0.514119578881093,$SCV,Monthly
1988-11-01,-2.15230072678774,$SCV,Monthly
1988-12-01,3.19387814019347,$SCV,Monthly
1989-01-01,4.79568421391269,$SCV,Monthly
1989-02-01,0.865185635860077,$SCV,Monthly
1989-03-01,2.56245674751122,$SCV,Monthly
1989-04-01,4.30993636571112,$SCV,Monthly
1989-05-01,3.88960770276471,$SCV,Monthly
1989-06-01,-0.170212707319886,$SCV,Monthly
1989-07-01,3.81954297553302,$SCV,Monthly
1989-08-01,3.20317601033823,$SCV,Monthly
1989-09-01,-0.456148211394776,$SCV,Monthly
1989-10-01,-5.615778539732,$SCV,Monthly
1989-11-01,0.795844278459223,$SCV,Monthly
1989-12-01,0.155112701319633,$SCV,Monthly
1990-01-01,-7.81925955282074,$SCV,Monthly
1990-02-01,2.42205255228999,$SCV,Monthly
1990-03-01,2.2500035483414,$SCV,Monthly
1990-04-01,-4.11655164509037,$SCV,Monthly
1990-05-01,5.97084535501318,$SCV,Monthly
1990-06-01,-0.712421042617997,$SCV,Monthly
1990-07-01,-4.03391251797066,$SCV,Monthly
1990-08-01,-10.6038160935203,$SCV,Monthly
1990-09-01,-7.75430475986767,$SCV,Monthly
1990-10-01,-4.08795270740201,$SCV,Monthly
1990-11-01,7.23782014022379,$SCV,Monthly
1990-12-01,3.89431565312934,$SCV,Monthly
1991-01-01,6.90357482009676,$SCV,Monthly
1991-02-01,9.15247946948591,$SCV,Monthly
1991-03-01,4.65162029136849,$SCV,Monthly
1991-04-01,1.83617296163701,$SCV,Monthly
1991-05-01,4.02940233370752,$SCV,Monthly
1991-06-01,-3.40528698570829,$SCV,Monthly
1991-07-01,3.83938042540311,$SCV,Monthly
1991-08-01,3.76254627020997,$SCV,Monthly
1991-09-01,-0.455920982693191,$SCV,Monthly
1991-10-01,2.19559702211486,$SCV,Monthly
1991-11-01,-4.62799599894439,$SCV,Monthly
1991-12-01,8.07856224221818,$SCV,Monthly
1992-01-01,6.62828904115117,$SCV,Monthly
1992-02-01,4.62134770849981,$SCV,Monthly
1992-03-01,-0.832830644913448,$SCV,Monthly
1992-04-01,-0.570855873802696,$SCV,Monthly
1992-05-01,2.15317725896366,$SCV,Monthly
1992-06-01,-1.8323172791199,$SCV,Monthly
1992-07-01,3.91615412431991,$SCV,Monthly
1992-08-01,-1.90671382780021,$SCV,Monthly
1992-09-01,1.83715180401813,$SCV,Monthly
1992-10-01,2.04514945193007,$SCV,Monthly
1992-11-01,5.71701330431577,$SCV,Monthly
1992-12-01,4.14339379138947,$SCV,Monthly
1993-01-01,4.60612042857529,$SCV,Monthly
1993-02-01,1.22745151456536,$SCV,Monthly
1993-03-01,-0.8014571948998178506375227700,DFSVX,Monthly
1993-04-01,-2.1177622720039172481331864400,DFSVX,Monthly
1993-05-01,2.6825912956478239119559779900,DFSVX,Monthly
1993-06-01,0,DFSVX,Monthly
1993-07-01,3.0083429754582546738931855600,DFSVX,Monthly
1993-08-01,3.2101684895063553059414720700,DFSVX,Monthly
1993-09-01,3.4941001260167258563409325200,DFSVX,Monthly
1993-10-01,3.3705999557228248837724153200,DFSVX,Monthly
1993-11-01,-1.7775874069711409755314022600,DFSVX,Monthly
1993-12-01,2.0005451076587626056146088900,DFSVX,Monthly
1994-01-01,5.167806755023514322359982900,DFSVX,Monthly
1994-02-01,-0.3404644544946389552314650100,DFSVX,Monthly
1994-03-01,-3.3142973689577809504385070400,DFSVX,Monthly
1994-04-01,0.7014028056112224448897795600,DFSVX,Monthly
1994-05-01,0.2618486514794448808588635800,DFSVX,Monthly
1994-06-01,-1.8281535648994515539305301600,DFSVX,Monthly
1994-07-01,1.6866187815908486299547752100,DFSVX,Monthly
1994-08-01,3.4010046044370029300962745900,DFSVX,Monthly
1994-09-01,-0.3390345106770569780386600500,DFSVX,Monthly
1994-10-01,-1.4369129220614369129220614400,DFSVX,Monthly
1994-11-01,-3.4257160519266433134143828600,DFSVX,Monthly
1994-12-01,1.0455006134314823705126153500,DFSVX,Monthly
1995-01-01,0.9766140526843688961621707200,DFSVX,Monthly
1995-02-01,3.5288582183186951066499372600,DFSVX,Monthly
1995-03-01,1.1917386254607887693783770100,DFSVX,Monthly
1995-04-01,3.5331104346524277658565796700,DFSVX,Monthly
1995-05-01,2.7666650600086759531498529900,DFSVX,Monthly
1995-06-01,3.9538483185591670184325313100,DFSVX,Monthly
1995-07-01,5.4051615231907597906515069500,DFSVX,Monthly
1995-08-01,3.1760979368204776988271552100,DFSVX,Monthly
1995-09-01,1.261201460338533023564553600,DFSVX,Monthly
1995-10-01,-4.9082268108816781383153064600,DFSVX,Monthly
1995-11-01,3.7225333907798362774666092200,DFSVX,Monthly
1995-12-01,1.728005316939436736728420700,DFSVX,Monthly
1996-01-01,-0.3511637403021641486320947300,DFSVX,Monthly
1996-02-01,2.1881658744468119980331093300,DFSVX,Monthly
1996-03-01,2.7628518726441575106263533600,DFSVX,Monthly
1996-04-01,5.1781324384438287743395637400,DFSVX,Monthly
1996-05-01,3.9029457594420123172812940600,DFSVX,Monthly
1996-06-01,-2.0924087695493822752267371300,DFSVX,Monthly
1996-07-01,-6.2217359591539022611232676900,DFSVX,Monthly
1996-08-01,4.5539394882165357392859920700,DFSVX,Monthly
1996-09-01,3.3364329551794681048912032700,DFSVX,Monthly
1996-10-01,0.7414872939313224389892736300,DFSVX,Monthly
1996-11-01,4.7413177075889667000142918400,DFSVX,Monthly
1996-12-01,2.1968275626812212178065836600,DFSVX,Monthly
1997-01-01,2.5434760839814413031142561500,DFSVX,Monthly
1997-02-01,0,DFSVX,Monthly
1997-03-01,-2.6529084339702483643110575800,DFSVX,Monthly
1997-04-01,-0.4146325152143382598809603400,DFSVX,Monthly
1997-05-01,9.458733463165670539251897120,DFSVX,Monthly
1997-06-01,6.2517255130525476241602503100,DFSVX,Monthly
1997-07-01,5.9820423246816987614400785300,DFSVX,Monthly
1997-08-01,3.5250211119888855593996022800,DFSVX,Monthly
1997-09-01,7.691498039628450385495881900,DFSVX,Monthly
1997-10-01,-3.5503103161804232028539314900,DFSVX,Monthly
1997-11-01,-0.8512147543890760773186735200,DFSVX,Monthly
1997-12-01,0.1047602013439967294376165800,DFSVX,Monthly
1998-01-01,-1.2328347541987850324161519200,DFSVX,Monthly
1998-02-01,7.5436102855666106732135934900,DFSVX,Monthly
1998-03-01,4.0659393473350314797904551400,DFSVX,Monthly
1998-04-01,1.9327575855539648085715605200,DFSVX,Monthly
1998-05-01,-3.8329973042158439616700269600,DFSVX,Monthly
1998-06-01,-1.9716850015311771218581423300,DFSVX,Monthly
1998-07-01,-7.3725188638438986879415581300,DFSVX,Monthly
1998-08-01,-18.427333575468271675400819800,DFSVX,Monthly
1998-09-01,2.8368794326241134751773049600,DFSVX,Monthly
1998-10-01,4.2554507499613421988557290900,DFSVX,Monthly
1998-11-01,5.2950075642965204236006051400,DFSVX,Monthly
1998-12-01,2.3636466080685147622267297700,DFSVX,Monthly
1999-01-01,1.5604788771157286363010871100,DFSVX,Monthly
1999-02-01,-8.238035878814156414286488540,DFSVX,Monthly
1999-03-01,-1.9136495186344575039867698300,DFSVX,Monthly
1999-04-01,10.67622087071716745950502800,DFSVX,Monthly
1999-05-01,4.6871599564744287268770402600,DFSVX,Monthly
1999-06-01,6.1091910713821687498375906200,DFSVX,Monthly
1999-07-01,-0.4481559484743106235000244900,DFSVX,Monthly
1999-08-01,-2.7403999901601436619025362200,DFSVX,Monthly
1999-09-01,-2.6658572982269772618053974800,DFSVX,Monthly
1999-10-01,-3.4222903619780162669230569300,DFSVX,Monthly
1999-11-01,4.5256417155464672012054027900,DFSVX,Monthly
1999-12-01,5.7351729818780889621087314700,DFSVX,Monthly
2000-01-01,-0.7522640958223780309669880200,DFSVX,Monthly
2000-02-01,9.277111389113743959575146560,DFSVX,Monthly
2000-03-01,0.2985476666142898830501245800,DFSVX,Monthly
2000-04-01,-3.5159572087193948346090148200,DFSVX,Monthly
2000-05-01,-4.1543921504952332351372039600,DFSVX,Monthly
2000-06-01,4.9782187802516940948693126800,DFSVX,Monthly
2000-07-01,-0.1037416142195172556884985100,DFSVX,Monthly
2000-08-01,7.4033047170682174836148804600,DFSVX,Monthly
2000-09-01,-1.8543188654920498495917490300,DFSVX,Monthly
2000-10-01,-3.7765177222672242047419926900,DFSVX,Monthly
2000-11-01,-5.4354750637058609392064069900,DFSVX,Monthly
2000-12-01,7.8218607896446358540047638500,DFSVX,Monthly
2001-01-01,10.315972687106707725264426300,DFSVX,Monthly
2001-02-01,-1.919614863361449926168659100,DFSVX,Monthly
2001-03-01,-2.4583402078864873783204091700,DFSVX,Monthly
2001-04-01,6.1210250338294993234100135300,DFSVX,Monthly
2001-05-01,6.1564822378514076228805961200,DFSVX,Monthly
2001-06-01,0.6400030029466413918657682900,DFSVX,Monthly
2001-07-01,1.4061392711946589086568945600,DFSVX,Monthly
2001-08-01,-1.3425040459026040900397234100,DFSVX,Monthly
2001-09-01,-14.558401371956902658166498900,DFSVX,Monthly
2001-10-01,3.9292259359455449864735142700,DFSVX,Monthly
2001-11-01,7.8132544030900350567835925900,DFSVX,Monthly
2001-12-01,7.3385385229463190482680737600,DFSVX,Monthly
2002-01-01,1.541866202292845740821361200,DFSVX,Monthly
2002-02-01,-0.1572046160991818214298474400,DFSVX,Monthly
2002-03-01,9.858650921452853820003578460,DFSVX,Monthly
2002-04-01,4.5342019543973941368078175900,DFSVX,Monthly
2002-05-01,-3.150317836220865013087373800,DFSVX,Monthly
2002-06-01,-2.0752228049290563366687043500,DFSVX,Monthly
2002-07-01,-15.599947430674201603364436850,DFSVX,Monthly
2002-08-01,-1.253503581438804110868888200,DFSVX,Monthly
2002-09-01,-7.2794291571394780414728376600,DFSVX,Monthly
2002-10-01,1.6199323965220349072046599600,DFSVX,Monthly
2002-11-01,9.257128511955816823915817660,DFSVX,Monthly
2002-12-01,-4.0458775322636234825565810100,DFSVX,Monthly
2003-01-01,-3.4482070520623391136032566400,DFSVX,Monthly
2003-02-01,-4.1107781337191278288725844800,DFSVX,Monthly
2003-03-01,-0.2112251056125528062764031400,DFSVX,Monthly
2003-04-01,10.564171238498423258024104710,DFSVX,Monthly
2003-05-01,11.719314696516829787649690360,DFSVX,Monthly
2003-06-01,3.6493670000699447436525145100,DFSVX,Monthly
2003-07-01,7.0400674820750738085196119800,DFSVX,Monthly
2003-08-01,5.1380658176774681629050561100,DFSVX,Monthly
2003-09-01,-0.7810157702224620735144210600,DFSVX,Monthly
2003-10-01,9.998942390499644945382023660,DFSVX,Monthly
2003-11-01,4.1659226701462811620081038400,DFSVX,Monthly
2003-12-01,5.3719771091009784013291489800,DFSVX,Monthly
2004-01-01,4.8891280408449294223646010600,DFSVX,Monthly
2004-02-01,1.4149536501270594972500268400,DFSVX,Monthly
2004-03-01,0.9434739132992176930768778300,DFSVX,Monthly
2004-04-01,-3.1710699593273276073047653500,DFSVX,Monthly
2004-05-01,0.3779216715210745492622102400,DFSVX,Monthly
2004-06-01,6.6930455635491606714628297400,DFSVX,Monthly
2004-07-01,-5.332539165224427412285630800,DFSVX,Monthly
2004-08-01,-1.4922183838455785462445243800,DFSVX,Monthly
2004-09-01,4.9288985297662087249939744500,DFSVX,Monthly
2004-10-01,0.9624440105662110945216492500,DFSVX,Monthly
2004-11-01,10.003640169267870955999453970,DFSVX,Monthly
2004-12-01,3.5904117805216024487601083700,DFSVX,Monthly
2005-01-01,-3.57178509393655040229999800,DFSVX,Monthly
2005-02-01,2.7009399975154250693610501500,DFSVX,Monthly
2005-03-01,-1.950506526888765687213346100,DFSVX,Monthly
2005-04-01,-7.2797368150508892772694561500,DFSVX,Monthly
2005-05-01,6.6538047877235583053365709800,DFSVX,Monthly
2005-06-01,4.1719513462937935336313546100,DFSVX,Monthly
2005-07-01,7.1135594742672375078590461400,DFSVX,Monthly
2005-08-01,-1.6686698158034491433043575500,DFSVX,Monthly
2005-09-01,0.7940117490998673488724654200,DFSVX,Monthly
2005-10-01,-4.505630863524412942525710200,DFSVX,Monthly
2005-11-01,5.9339469409853817000541418500,DFSVX,Monthly
2005-12-01,0.2267384052112662968228745600,DFSVX,Monthly
2006-01-01,8.823720296318273269236118190,DFSVX,Monthly
2006-02-01,-0.3467548179324211494879615600,DFSVX,Monthly
2006-03-01,6.0948814622927834346439594100,DFSVX,Monthly
2006-04-01,0.9847215059308922124806601300,DFSVX,Monthly
2006-05-01,-4.3872388643291466509200593700,DFSVX,Monthly
2006-06-01,0.0484059422467033884159572700,DFSVX,Monthly
2006-07-01,-3.745474565808572048249053200,DFSVX,Monthly
2006-08-01,1.9456095954518667452421395600,DFSVX,Monthly
2006-09-01,1.1935426283440871184106500700,DFSVX,Monthly
2006-10-01,5.4327646026025521476515705200,DFSVX,Monthly
2006-11-01,3.0333694543600203977562468100,DFSVX,Monthly
2006-12-01,1.2790868526266133584923169700,DFSVX,Monthly
2007-01-01,2.2005879433436414309166571200,DFSVX,Monthly
2007-02-01,-0.2316077312154923158531756400,DFSVX,Monthly
2007-03-01,1.0873390895407265402098294900,DFSVX,Monthly
2007-04-01,1.8068138885390661461304254400,DFSVX,Monthly
2007-05-01,3.6477282649823907791716389700,DFSVX,Monthly
2007-06-01,-1.5430950358394001727030840800,DFSVX,Monthly
2007-07-01,-7.643875273632195546301776200,DFSVX,Monthly
2007-08-01,-0.7550782486508187734996873100,DFSVX,Monthly
2007-09-01,-0.2792796297016608969621533300,DFSVX,Monthly
2007-10-01,1.1147863261198570826767353700,DFSVX,Monthly
2007-11-01,-8.718126760020059406704470930,DFSVX,Monthly
2007-12-01,-1.2280775894856949668258462600,DFSVX,Monthly
2008-01-01,-3.9431123889716075370950351700,DFSVX,Monthly
2008-02-01,-2.83820621091453311240579400,DFSVX,Monthly
2008-03-01,0.838009315289544137602229800,DFSVX,Monthly
2008-04-01,1.6557254823516575439617391900,DFSVX,Monthly
2008-05-01,4.1367405168018747260806955100,DFSVX,Monthly
2008-06-01,-10.104098670422922321091146460,DFSVX,Monthly
2008-07-01,2.0723457922494840632882366400,DFSVX,Monthly
2008-08-01,4.1513390057379274194303258400,DFSVX,Monthly
2008-09-01,-6.9022540173275335226659956100,DFSVX,Monthly
2008-10-01,-22.136733984631424489323087620,DFSVX,Monthly
2008-11-01,-12.990812948659136838712077070,DFSVX,Monthly
2008-12-01,5.2679576511492041778879721900,DFSVX,Monthly
2009-01-01,-14.276625697114083058097352320,DFSVX,Monthly
2009-02-01,-12.706658876659981998768336780,DFSVX,Monthly
2009-03-01,10.397597771426504106219022470,DFSVX,Monthly
2009-04-01,19.655906931017532361133868590,DFSVX,Monthly
2009-05-01,3.2166625585407936899186591100,DFSVX,Monthly
2009-06-01,0.3555555555555555555555555600,DFSVX,Monthly
2009-07-01,13.443411816030564625940272070,DFSVX,Monthly
2009-08-01,5.1379760406469957581690206500,DFSVX,Monthly
2009-09-01,6.3355538067633921149178129300,DFSVX,Monthly
2009-10-01,-7.526814471997248194127396100,DFSVX,Monthly
2009-11-01,3.1087966094052932954596690600,DFSVX,Monthly
2009-12-01,7.9191901523930297133611736700,DFSVX,Monthly
2010-01-01,-3.1584918657185113150590571100,DFSVX,Monthly
2010-02-01,6.1548117154811715481171548100,DFSVX,Monthly
2010-03-01,8.861495408143155571321587640,DFSVX,Monthly
2010-04-01,8.104854404084108004381002380,DFSVX,Monthly
2010-05-01,-9.898602540378963585668712480,DFSVX,Monthly
2010-06-01,-10.145062215985651757752604340,DFSVX,Monthly
2010-07-01,8.689446903570098870640797580,DFSVX,Monthly
2010-08-01,-8.377262260452547243420176220,DFSVX,Monthly
2010-09-01,12.934884203967182469623013810,DFSVX,Monthly
2010-10-01,4.1684675157478504758839486900,DFSVX,Monthly
2010-11-01,4.4916047246596867882554423600,DFSVX,Monthly
2010-12-01,9.177466502205025091664836190,DFSVX,Monthly
2011-01-01,0.3126233275812704578693636900,DFSVX,Monthly
2011-02-01,6.2769510849860760763077302800,DFSVX,Monthly
2011-03-01,2.0541482180445670320098715300,DFSVX,Monthly
2011-04-01,1.2581792318634423897581792300,DFSVX,Monthly
2011-05-01,-3.1235732497945479704149077400,DFSVX,Monthly
2011-06-01,-1.8097185365641449514943228800,DFSVX,Monthly
2011-07-01,-2.8768478726389319628431763500,DFSVX,Monthly
2011-08-01,-10.576294381509921690869003270,DFSVX,Monthly
2011-09-01,-12.580450437429326894464329740,DFSVX,Monthly
2011-10-01,15.820544241504736340471883450,DFSVX,Monthly
2011-11-01,-0.68100328325873926223244800,DFSVX,Monthly
2011-12-01,0.9705947006205718730448604100,DFSVX,Monthly
2012-01-01,7.4263560698675330330078877300,DFSVX,Monthly
2012-02-01,3.1754939787209166374371565500,DFSVX,Monthly
2012-03-01,2.2981211612990957097205539100,DFSVX,Monthly
2012-04-01,-1.59957462835367880009748100,DFSVX,Monthly
2012-05-01,-7.1207174753274044054185898200,DFSVX,Monthly
2012-06-01,4.3843984582690272065418521800,DFSVX,Monthly
2012-07-01,-0.2399696554500205135350626600,DFSVX,Monthly
2012-08-01,4.2134504512194175661309971800,DFSVX,Monthly
2012-09-01,3.3148924446959487129848179100,DFSVX,Monthly
2012-10-01,-0.8215920147021728946704623300,DFSVX,Monthly
2012-11-01,1.84427569669004105657086800,DFSVX,Monthly
2012-12-01,3.6774096879838462251967492700,DFSVX,Monthly
2013-01-01,6.5619687970985568486033019700,DFSVX,Monthly
2013-02-01,1.7546918794642280518205654800,DFSVX,Monthly
2013-03-01,4.9048293020392360956847910900,DFSVX,Monthly
2013-04-01,-1.1065601045454270450791653300,DFSVX,Monthly
2013-05-01,5.3934343990505206230346633400,DFSVX,Monthly
2013-06-01,-0.7000475985929391550669282700,DFSVX,Monthly
2013-07-01,7.3350948160965230200855800,DFSVX,Monthly
2013-08-01,-4.1728389682816312303938654600,DFSVX,Monthly
2013-09-01,5.2439842231492321856848949200,DFSVX,Monthly
2013-10-01,3.5127793888141872006307342500,DFSVX,Monthly
2013-11-01,5.0749663512202247425477082300,DFSVX,Monthly
2013-12-01,2.7306939934661940083608885200,DFSVX,Monthly
2014-01-01,-5.1398165421382796717476826100,DFSVX,Monthly
2014-02-01,5.4478573866791658812200999600,DFSVX,Monthly
2014-03-01,1.18566762653885549736196200,DFSVX,Monthly
2014-04-01,-1.9252623838491877799318136200,DFSVX,Monthly
2014-05-01,0.825243191135086711393711600,DFSVX,Monthly
2014-06-01,4.4372226434045265562149607200,DFSVX,Monthly
2014-07-01,-5.7611037645992657598091345400,DFSVX,Monthly
2014-08-01,5.8262763838326349978902746600,DFSVX,Monthly
2014-09-01,-6.9784369451025299847468392600,DFSVX,Monthly
2014-10-01,4.6147098549149974332265090400,DFSVX,Monthly
2014-11-01,-0.2791805621724630776560266800,DFSVX,Monthly
2014-12-01,2.2846059030929608148523271300,DFSVX,Monthly
2015-01-01,-4.9468462745684179059860996900,DFSVX,Monthly
2015-02-01,5.8966610156998599543008771300,DFSVX,Monthly
2015-03-01,1.7758288670796501241270504200,DFSVX,Monthly
2015-04-01,-1.3399777506246238578957926800,DFSVX,Monthly
2015-05-01,1.3581770205136025657022177200,DFSVX,Monthly
2015-06-01,0.0469607717980048510933197200,DFSVX,Monthly
2015-07-01,-3.6653223050105953927131041100,DFSVX,Monthly
2015-08-01,-4.037049651831668180442022400,DFSVX,Monthly
2015-09-01,-4.512023188634414220784982600,DFSVX,Monthly
2015-10-01,5.2832916032110683771714720800,DFSVX,Monthly
2015-11-01,3.1739883004231657505430545400,DFSVX,Monthly
2015-12-01,-6.1555424595555386574910176200,DFSVX,Monthly
2016-01-01,-7.1827205509976704142611161800,DFSVX,Monthly
2016-02-01,1.165994641989993288846936600,DFSVX,Monthly
2016-03-01,8.767946325520187256625713270,DFSVX,Monthly
2016-04-01,1.8024406087141929181687005100,DFSVX,Monthly
2016-05-01,0.4744138018372575570124594500,DFSVX,Monthly
2016-06-01,-1.1537715726197401590071747100,DFSVX,Monthly
2016-07-01,4.8513977439921530161844041200,DFSVX,Monthly
2016-08-01,1.7353315371950306840293369300,DFSVX,Monthly
2016-09-01,1.205965922152439977563424700,DFSVX,Monthly
2016-10-01,-3.1350369108461101646791595700,DFSVX,Monthly
2016-11-01,14.870277267099388436573744040,DFSVX,Monthly
2016-12-01,3.4479098195001857666036557200,DFSVX,Monthly
2017-01-01,-0.5347783531194746148017176100,DFSVX,Monthly
2017-02-01,0.3225921649386360660421155400,DFSVX,Monthly
2017-03-01,-1.1359231748894531589896928400,DFSVX,Monthly
2017-04-01,0.4608700522479416871364447400,DFSVX,Monthly
2017-05-01,-3.5095613944264358020659939300,DFSVX,Monthly
2017-06-01,2.5876905171666646031176099100,DFSVX,Monthly
2017-07-01,0.765173733058160445104215700,DFSVX,Monthly
2017-08-01,-2.5495762018261449337852782500,DFSVX,Monthly
2017-09-01,7.9188977700573975672608537100,DFSVX,Monthly
2017-10-01,0.955902450876180642026300600,DFSVX,Monthly
2017-11-01,2.1245873036166868471124414300,DFSVX,Monthly
2017-12-01,0.1156180040061270177919170500,DFSVX,Monthly
2018-01-01,1.5031372058639636922669530500,DFSVX,Monthly
2018-02-01,-4.6767034440277551316194720700,DFSVX,Monthly
2018-03-01,0.9297622758269410593056051800,DFSVX,Monthly
2018-04-01,1.3230442445880598363989695800,DFSVX,Monthly
2018-05-01,6.2898411742622761924939692300,DFSVX,Monthly
2018-06-01,0.0625963861952237908231599600,DFSVX,Monthly
2018-07-01,1.6072664238933661380173203100,DFSVX,Monthly
2018-08-01,2.8420875223999697320946422400,DFSVX,Monthly
2018-09-01,-3.1913043478260869565217391300,DFSVX,Monthly
2018-10-01,-9.410000760041180413047834230,DFSVX,Monthly
2018-11-01,0.9068720921363740370681107500,DFSVX,Monthly
2018-12-01,-12.791101973559890853294431550,DFSVX,Monthly
2019-01-01,11.999843989027228248386803210,DFSVX,Monthly
2019-02-01,3.2738360102614503004530979800,DFSVX,Monthly
2019-03-01,-3.658993495788748014267302100,DFSVX,Monthly
2019-04-01,4.0445208409492179296720049200,DFSVX,Monthly
2019-05-01,-11.517616189102108859302229960,DFSVX,Monthly
2019-06-01,7.7727649076561734340413308300,DFSVX,Monthly
2019-07-01,0.3935341245825559335852369800,DFSVX,Monthly
2019-08-01,-7.996392428785607196401799100,DFSVX,Monthly
2019-09-01,5.9555182115622095761881118800,DFSVX,Monthly
2019-10-01,2.1252593752561398059592678400,AVUV,Monthly
2019-11-01,2.4073483474033037149368382600,AVUV,Monthly
2019-12-01,3.9289286708671485877512297200,AVUV,Monthly
2020-01-01,-8.752269728029528789577607330,AVUV,Monthly
2020-02-01,-11.272240116047680460015093160,AVUV,Monthly
2020-03-01,-28.867836658659738222461885390,AVUV,Monthly
2020-04-01,20.526524353474268189727950930,AVUV,Monthly
2020-05-01,4.9308982371474151880928828300,AVUV,Monthly
2020-06-01,3.2409589642009585282586010100,AVUV,Monthly
2020-07-01,2.6905699416229454549293247100,AVUV,Monthly
2020-08-01,8.317420992981437173454361350,AVUV,Monthly
2020-09-01,-4.6237617889554540601459161300,AVUV,Monthly
2020-10-01,4.6941816526405082751432260200,AVUV,Monthly
2020-11-01,18.344710911307166092045516650,AVUV,Monthly
2020-12-01,7.6833807839184679818978360100,AVUV,Monthly
2021-01-01,5.1548486939011429530326478100,AVUV,Monthly
2021-02-01,13.200538319825099250501350230,AVUV,Monthly
2021-03-01,7.1046716528957982535145083600,AVUV,Monthly
2021-04-01,2.3405086116501872670130728600,AVUV,Monthly
2021-05-01,4.8443312036376783221180159100,AVUV,Monthly
2021-06-01,-1.6794627681831625747764373600,AVUV,Monthly
2021-07-01,-3.4341838043154297754950683800,AVUV,Monthly
2021-08-01,2.8749971288788846268690998500,AVUV,Monthly
2021-09-01,0.2864841708076397639470904300,AVUV,Monthly
2021-10-01,4.0338290624930427232450965100,AVUV,Monthly
2021-11-01,-2.0848993261661017946612239200,AVUV,Monthly
2021-12-01,4.1752609708854569346814666300,AVUV,Monthly
2022-01-01,-3.147618797860065037239064300,AVUV,Monthly
2022-02-01,2.0199421906625058384723171800,AVUV,Monthly
2022-03-01,1.6415523750754755790884540600,AVUV,Monthly
2022-04-01,-5.9229036785586056075986552200,AVUV,Monthly
2022-05-01,4.4855390252026201843010991500,AVUV,Monthly
2022-06-01,-12.539963154867767947391420420,AVUV,Monthly
2022-07-01,10.795784166324965450210336080,AVUV,Monthly
2022-08-01,-2.2445127659661959243760254500,AVUV,Monthly
2022-09-01,-10.232030533580488570939816200,AVUV,Monthly
2022-10-01,15.588190731464256203833435640,AVUV,Monthly
2022-11-01,5.3499566219733353513349891800,AVUV,Monthly
2022-12-01,-6.9775883919363362562147573900,AVUV,Monthly
2023-01-01,9.918105237321066355579640900,AVUV,Monthly
2023-02-01,-1.2699388427160106633213109600,AVUV,Monthly
2023-03-01,-8.001631507925011626399932910,AVUV,Monthly
2023-04-01,-1.5393029837202653484874224700,AVUV,Monthly
2023-05-01,-3.6478585576334999803614613300,AVUV,Monthly
2023-06-01,10.998006926984228663272570570,AVUV,Monthly
2023-07-01,8.529790588414290248707408760,AVUV,Monthly
2023-08-01,-3.6091388655576436180819500800,AVUV,Monthly
2023-09-01,-3.548435225573006716474985300,AVUV,Monthly
2023-10-01,-5.0160602842364832982143251800,AVUV,Monthly
2023-11-01,8.535912774171651605786771880,AVUV,Monthly
2023-12-01,12.305298503416457249206567370,AVUV,Monthly
2024-01-01,-2.8952589250928802476357500,AVUV,Monthly
2024-02-01,2.1444692649582136629990888900,AVUV,Monthly
2024-03-01,5.5640389711384014226480406300,AVUV,Monthly
2024-04-01,-5.6877877108270952425376135200,AVUV,Monthly
2024-05-01,5.2840481436760830166883827100,AVUV,Monthly
2024-06-01,-3.1110928727474570981491540600,AVUV,Monthly
2024-07-01,10.387873383860900579580918410,AVUV,Monthly
