1926-07-01,1.79946573297573,$MCB,Monthly
1926-08-01,2.12549535235797,$MCB,Monthly
1926-09-01,0.017066337810086,$MCB,Monthly
1926-10-01,-3.02505309891144,$MCB,Monthly
1926-11-01,3.85352969205755,$MCB,Monthly
1926-12-01,3.22011317279513,$MCB,Monthly
1927-01-01,0.83197550843837,$MCB,Monthly
1927-02-01,4.73808304305751,$MCB,Monthly
1927-03-01,-1.63962180879786,$MCB,Monthly
1927-04-01,0.0184568603446659,$MCB,Monthly
1927-05-01,5.86608344054571,$MCB,Monthly
1927-06-01,-2.62561779095271,$MCB,Monthly
1927-07-01,6.58923579762505,$MCB,Monthly
1927-08-01,1.90518438460205,$MCB,Monthly
1927-09-01,4.10269525990377,$MCB,Monthly
1927-10-01,-3.56868495358658,$MCB,Monthly
1927-11-01,8.21495626663527,$MCB,Monthly
1927-12-01,4.23308406081655,$MCB,Monthly
1928-01-01,0.890570022199577,$MCB,Monthly
1928-02-01,-2.63580940547094,$MCB,Monthly
1928-03-01,10.0877766711972,$MCB,Monthly
1928-04-01,3.86733781268797,$MCB,Monthly
1928-05-01,1.70211853463936,$MCB,Monthly
1928-06-01,-4.87006641151706,$MCB,Monthly
1928-07-01,0.898450970787,$MCB,Monthly
1928-08-01,7.56143590539488,$MCB,Monthly
1928-09-01,3.63520429946889,$MCB,Monthly
1928-10-01,0.315014518115185,$MCB,Monthly
1928-11-01,9.84623624401381,$MCB,Monthly
1928-12-01,1.48487076965611,$MCB,Monthly
1929-01-01,4.86376444552321,$MCB,Monthly
1929-02-01,0.233226744616939,$MCB,Monthly
1929-03-01,-1.06316791276691,$MCB,Monthly
1929-04-01,0.486691639520032,$MCB,Monthly
1929-05-01,-4.18137922601598,$MCB,Monthly
1929-06-01,10.5141919392701,$MCB,Monthly
1929-07-01,3.65025166544342,$MCB,Monthly
1929-08-01,6.86192508319801,$MCB,Monthly
1929-09-01,-2.50319281996364,$MCB,Monthly
1929-10-01,-19.2913401796232,$MCB,Monthly
1929-11-01,-10.9543901915147,$MCB,Monthly
1929-12-01,1.77508705127967,$MCB,Monthly
1930-01-01,4.74302007108293,$MCB,Monthly
1930-02-01,2.2097329870026,$MCB,Monthly
1930-03-01,5.80574126518997,$MCB,Monthly
1930-04-01,-5.26033084427777,$MCB,Monthly
1930-05-01,-0.897184654486592,$MCB,Monthly
1930-06-01,-16.0315929355477,$MCB,Monthly
1930-07-01,4.76140405403936,$MCB,Monthly
1930-08-01,-0.952418098618307,$MCB,Monthly
1930-09-01,-13.3393278784064,$MCB,Monthly
1930-10-01,-10.6457214192643,$MCB,Monthly
1930-11-01,-2.78090338395768,$MCB,Monthly
1930-12-01,-10.1433592263583,$MCB,Monthly
1931-01-01,8.75761139212774,$MCB,Monthly
1931-02-01,11.793013158211,$MCB,Monthly
1931-03-01,-8.84765294529968,$MCB,Monthly
1931-04-01,-11.3475557335948,$MCB,Monthly
1931-05-01,-15.1921821290171,$MCB,Monthly
1931-06-01,15.8399794333263,$MCB,Monthly
1931-07-01,-7.84995226738965,$MCB,Monthly
1931-08-01,-0.720378623806771,$MCB,Monthly
1931-09-01,-31.7420422380279,$MCB,Monthly
1931-10-01,7.82241619250317,$MCB,Monthly
1931-11-01,-9.98158335619639,$MCB,Monthly
1931-12-01,-15.0282651916033,$MCB,Monthly
1932-01-01,3.10588402551079,$MCB,Monthly
1932-02-01,3.46922534232709,$MCB,Monthly
1932-03-01,-10.515116437223,$MCB,Monthly
1932-04-01,-19.0171559864311,$MCB,Monthly
1932-05-01,-24.7801939241455,$MCB,Monthly
1932-06-01,1.60295760964728,$MCB,Monthly
1932-07-01,37.0422972863179,$MCB,Monthly
1932-08-01,44.1326579889896,$MCB,Monthly
1932-09-01,-2.35004912799593,$MCB,Monthly
1932-10-01,-15.2550700563066,$MCB,Monthly
1932-11-01,-7.01770847319527,$MCB,Monthly
1932-12-01,3.12176743157451,$MCB,Monthly
1933-01-01,1.98700315703212,$MCB,Monthly
1933-02-01,-16.799620756408,$MCB,Monthly
1933-03-01,4.8290014225252,$MCB,Monthly
1933-04-01,46.7226046687929,$MCB,Monthly
1933-05-01,22.6080073915162,$MCB,Monthly
1933-06-01,14.8962440934352,$MCB,Monthly
1933-07-01,-10.6661570722486,$MCB,Monthly
1933-08-01,15.0185443620505,$MCB,Monthly
1933-09-01,-10.46267969343,$MCB,Monthly
1933-10-01,-8.25719508722097,$MCB,Monthly
1933-11-01,8.4199560646,$MCB,Monthly
1933-12-01,1.91498480401511,$MCB,Monthly
1934-01-01,15.2399277279766,$MCB,Monthly
1934-02-01,-2.72670543125074,$MCB,Monthly
1934-03-01,0.648736263821655,$MCB,Monthly
1934-04-01,-1.1232246727155,$MCB,Monthly
1934-05-01,-7.94823556146849,$MCB,Monthly
1934-06-01,3.3294643205306,$MCB,Monthly
1934-07-01,-14.3617930933498,$MCB,Monthly
1934-08-01,5.95035903454162,$MCB,Monthly
1934-09-01,-0.854800560573293,$MCB,Monthly
1934-10-01,-0.754087016136034,$MCB,Monthly
1934-11-01,9.19706421032815,$MCB,Monthly
1934-12-01,0.861699098674906,$MCB,Monthly
1935-01-01,-4.7589343356146,$MCB,Monthly
1935-02-01,-1.68970086773033,$MCB,Monthly
1935-03-01,-5.24855366547627,$MCB,Monthly
1935-04-01,9.59979111186837,$MCB,Monthly
1935-05-01,4.36386620941552,$MCB,Monthly
1935-06-01,7.55801069381253,$MCB,Monthly
1935-07-01,7.45779571097454,$MCB,Monthly
1935-08-01,3.37941496473319,$MCB,Monthly
1935-09-01,2.73398311997129,$MCB,Monthly
1935-10-01,9.19327903592441,$MCB,Monthly
1935-11-01,5.28880322948203,$MCB,Monthly
1935-12-01,4.90921819930592,$MCB,Monthly
1936-01-01,8.5343565278435,$MCB,Monthly
1936-02-01,4.4751890315878,$MCB,Monthly
1936-03-01,-0.0504180214666235,$MCB,Monthly
1936-04-01,-10.2194135053759,$MCB,Monthly
1936-05-01,4.67394322007716,$MCB,Monthly
1936-06-01,1.60653903806475,$MCB,Monthly
1936-07-01,6.06037135279371,$MCB,Monthly
1936-08-01,1.4138873677963,$MCB,Monthly
1936-09-01,2.11670925257209,$MCB,Monthly
1936-10-01,6.45425321484837,$MCB,Monthly
1936-11-01,3.27872035693345,$MCB,Monthly
1936-12-01,0.992281776344237,$MCB,Monthly
1937-01-01,3.23579742017668,$MCB,Monthly
1937-02-01,2.22214965249018,$MCB,Monthly
1937-03-01,1.09442009843957,$MCB,Monthly
1937-04-01,-8.16958879814208,$MCB,Monthly
1937-05-01,-2.37436055934131,$MCB,Monthly
1937-06-01,-4.6573929815949,$MCB,Monthly
1937-07-01,9.59882579406892,$MCB,Monthly
1937-08-01,-4.56203147237595,$MCB,Monthly
1937-09-01,-16.3820474356068,$MCB,Monthly
1937-10-01,-10.0149061749246,$MCB,Monthly
1937-11-01,-8.47066241871682,$MCB,Monthly
1937-12-01,-5.3897971086785,$MCB,Monthly
1938-01-01,-0.560213833376213,$MCB,Monthly
1938-02-01,9.27725558466168,$MCB,Monthly
1938-03-01,-25.0084829325308,$MCB,Monthly
1938-04-01,15.6779028304535,$MCB,Monthly
1938-05-01,-5.15223742105687,$MCB,Monthly
1938-06-01,26.5441136168271,$MCB,Monthly
1938-07-01,7.56144928862017,$MCB,Monthly
1938-08-01,-3.99014816119304,$MCB,Monthly
1938-09-01,0.359376509811909,$MCB,Monthly
1938-10-01,10.9437931275824,$MCB,Monthly
1938-11-01,-1.87025137668056,$MCB,Monthly
1938-12-01,4.72061398379711,$MCB,Monthly
1939-01-01,-7.92866666062064,$MCB,Monthly
1939-02-01,4.7963061968356,$MCB,Monthly
1939-03-01,-16.0526027463843,$MCB,Monthly
1939-04-01,-0.349880770867163,$MCB,Monthly
1939-05-01,8.174988252532,$MCB,Monthly
1939-06-01,-7.67234096752885,$MCB,Monthly
1939-07-01,12.5047796476254,$MCB,Monthly
1939-08-01,-10.1782223055674,$MCB,Monthly
1939-09-01,20.598739468617,$MCB,Monthly
1939-10-01,-0.68651249230688,$MCB,Monthly
1939-11-01,-5.99437852677806,$MCB,Monthly
1939-12-01,2.83387695278941,$MCB,Monthly
1940-01-01,-2.80423536731949,$MCB,Monthly
1940-02-01,0.758550824602742,$MCB,Monthly
1940-03-01,2.44848984934608,$MCB,Monthly
1940-04-01,-0.668317475930121,$MCB,Monthly
1940-05-01,-23.7977745822324,$MCB,Monthly
1940-06-01,7.21620282398396,$MCB,Monthly
1940-07-01,3.1164155120827,$MCB,Monthly
1940-08-01,2.78655487146924,$MCB,Monthly
1940-09-01,3.23654279803026,$MCB,Monthly
1940-10-01,4.48887476138069,$MCB,Monthly
1940-11-01,-1.61116921933308,$MCB,Monthly
1940-12-01,-0.740855473535206,$MCB,Monthly
1941-01-01,-3.05216487372604,$MCB,Monthly
1941-02-01,-1.92923666479317,$MCB,Monthly
1941-03-01,1.50209620093925,$MCB,Monthly
1941-04-01,-4.65102571010177,$MCB,Monthly
1941-05-01,1.6153727653986,$MCB,Monthly
1941-06-01,5.7234798402412,$MCB,Monthly
1941-07-01,7.82549320331402,$MCB,Monthly
1941-08-01,-0.319146702648361,$MCB,Monthly
1941-09-01,-0.702377433771421,$MCB,Monthly
1941-10-01,-5.00906117783522,$MCB,Monthly
1941-11-01,-2.46142764260286,$MCB,Monthly
1941-12-01,-6.18217248078063,$MCB,Monthly
1942-01-01,4.76495038563214,$MCB,Monthly
1942-02-01,-2.42504098111992,$MCB,Monthly
1942-03-01,-5.88391344805575,$MCB,Monthly
1942-04-01,-5.25023161612936,$MCB,Monthly
1942-05-01,4.74538976766077,$MCB,Monthly
1942-06-01,2.93658481005593,$MCB,Monthly
1942-07-01,4.75455386428727,$MCB,Monthly
1942-08-01,2.25439092720431,$MCB,Monthly
1942-09-01,2.90060722402079,$MCB,Monthly
1942-10-01,7.19085318200895,$MCB,Monthly
1942-11-01,-0.326501991391566,$MCB,Monthly
1942-12-01,6.71770825278617,$MCB,Monthly
1943-01-01,8.59771546950461,$MCB,Monthly
1943-02-01,7.7599465520266,$MCB,Monthly
1943-03-01,9.53289130866691,$MCB,Monthly
1943-04-01,1.35909381216858,$MCB,Monthly
1943-05-01,5.27407421812409,$MCB,Monthly
1943-06-01,1.80938019327452,$MCB,Monthly
1943-07-01,-5.73819190249428,$MCB,Monthly
1943-08-01,1.54327701238106,$MCB,Monthly
1943-09-01,2.52295359499829,$MCB,Monthly
1943-10-01,-1.25977558939674,$MCB,Monthly
1943-11-01,-7.71610421392994,$MCB,Monthly
1943-12-01,8.07312914115288,$MCB,Monthly
1944-01-01,2.33829230480747,$MCB,Monthly
1944-02-01,0.837263539351542,$MCB,Monthly
1944-03-01,2.91260570257365,$MCB,Monthly
1944-04-01,-2.44946011827937,$MCB,Monthly
1944-05-01,5.79666893073377,$MCB,Monthly
1944-06-01,7.01413794340186,$MCB,Monthly
1944-07-01,-1.30844632232822,$MCB,Monthly
1944-08-01,1.9515306460828,$MCB,Monthly
1944-09-01,0.0863489746356472,$MCB,Monthly
1944-10-01,-0.0719345168319093,$MCB,Monthly
1944-11-01,1.94117962287939,$MCB,Monthly
1944-12-01,5.09475641109361,$MCB,Monthly
1945-01-01,2.69663715919034,$MCB,Monthly
1945-02-01,7.50734413004287,$MCB,Monthly
1945-03-01,-3.82708084619345,$MCB,Monthly
1945-04-01,8.19598572441353,$MCB,Monthly
1945-05-01,1.37309633341307,$MCB,Monthly
1945-06-01,1.14628374387637,$MCB,Monthly
1945-07-01,-3.55592463228342,$MCB,Monthly
1945-08-01,7.28045051697644,$MCB,Monthly
1945-09-01,5.93331645227571,$MCB,Monthly
1945-10-01,5.08074707447035,$MCB,Monthly
1945-11-01,8.90381807812422,$MCB,Monthly
1945-12-01,1.72124993004749,$MCB,Monthly
1946-01-01,7.09612968472237,$MCB,Monthly
1946-02-01,-6.07987334591019,$MCB,Monthly
1946-03-01,7.31728859522549,$MCB,Monthly
1946-04-01,4.15938845877272,$MCB,Monthly
1946-05-01,5.90923180517209,$MCB,Monthly
1946-06-01,-5.47421932795258,$MCB,Monthly
1946-07-01,-3.83378695523996,$MCB,Monthly
1946-08-01,-6.47140907974518,$MCB,Monthly
1946-09-01,-11.5044689830061,$MCB,Monthly
1946-10-01,-1.36619594648902,$MCB,Monthly
1946-11-01,0.410610498701978,$MCB,Monthly
1946-12-01,5.88832662858963,$MCB,Monthly
1947-01-01,0.838554630753853,$MCB,Monthly
1947-02-01,-1.40927630731074,$MCB,Monthly
1947-03-01,-1.44591338832228,$MCB,Monthly
1947-04-01,-7.01209157465836,$MCB,Monthly
1947-05-01,-2.99638019680646,$MCB,Monthly
1947-06-01,6.29451079638261,$MCB,Monthly
1947-07-01,5.13313824796113,$MCB,Monthly
1947-08-01,-2.54269317904322,$MCB,Monthly
1947-09-01,0.53817393893905,$MCB,Monthly
1947-10-01,2.37440086934865,$MCB,Monthly
1947-11-01,-2.63654665581143,$MCB,Monthly
1947-12-01,3.22652550624741,$MCB,Monthly
1948-01-01,-3.32098908269239,$MCB,Monthly
1948-02-01,-4.93594143279716,$MCB,Monthly
1948-03-01,10.3100046810791,$MCB,Monthly
1948-04-01,4.12866907750745,$MCB,Monthly
1948-05-01,7.76980890222811,$MCB,Monthly
1948-06-01,-0.957652919400837,$MCB,Monthly
1948-07-01,-4.8403640803957,$MCB,Monthly
1948-08-01,0.169283188079401,$MCB,Monthly
1948-09-01,-3.79912169954863,$MCB,Monthly
1948-10-01,5.42918565225997,$MCB,Monthly
1948-11-01,-9.70775600033224,$MCB,Monthly
1948-12-01,3.04460839339545,$MCB,Monthly
1949-01-01,1.2798904696426,$MCB,Monthly
1949-02-01,-1.90051633337811,$MCB,Monthly
1949-03-01,4.31804737031352,$MCB,Monthly
1949-04-01,-2.57685540277931,$MCB,Monthly
1949-05-01,-1.88728182660213,$MCB,Monthly
1949-06-01,0.460290564701921,$MCB,Monthly
1949-07-01,5.7253690975414,$MCB,Monthly
1949-08-01,2.01417379597647,$MCB,Monthly
1949-09-01,3.90641438604667,$MCB,Monthly
1949-10-01,2.64813792474658,$MCB,Monthly
1949-11-01,2.12812503022328,$MCB,Monthly
1949-12-01,6.04333838699729,$MCB,Monthly
1950-01-01,2.25591899333234,$MCB,Monthly
1950-02-01,1.77032216816348,$MCB,Monthly
1950-03-01,0.88042661971749,$MCB,Monthly
1950-04-01,3.52275358411774,$MCB,Monthly
1950-05-01,3.81309761744107,$MCB,Monthly
1950-06-01,-7.10474275885851,$MCB,Monthly
1950-07-01,2.49171451523613,$MCB,Monthly
1950-08-01,4.2075060758877,$MCB,Monthly
1950-09-01,5.95248304073804,$MCB,Monthly
1950-10-01,-1.2122311457342,$MCB,Monthly
1950-11-01,3.89640323000029,$MCB,Monthly
1950-12-01,6.23020406249635,$MCB,Monthly
1951-01-01,6.61013383335827,$MCB,Monthly
1951-02-01,2.09439129261826,$MCB,Monthly
1951-03-01,-2.73709582477329,$MCB,Monthly
1951-04-01,4.65700567316834,$MCB,Monthly
1951-05-01,-1.85445527808311,$MCB,Monthly
1951-06-01,-3.05241914432953,$MCB,Monthly
1951-07-01,7.50958288142006,$MCB,Monthly
1951-08-01,3.67296319842741,$MCB,Monthly
1951-09-01,2.17790156713924,$MCB,Monthly
1951-10-01,-2.43682649844531,$MCB,Monthly
1951-11-01,1.29139144393478,$MCB,Monthly
1951-12-01,2.29910356586176,$MCB,Monthly
1952-01-01,1.89922693123433,$MCB,Monthly
1952-02-01,-2.15576258785356,$MCB,Monthly
1952-03-01,4.16514928512089,$MCB,Monthly
1952-04-01,-4.81129933945842,$MCB,Monthly
1952-05-01,2.91547897778595,$MCB,Monthly
1952-06-01,3.18118493996363,$MCB,Monthly
1952-07-01,1.34663927090608,$MCB,Monthly
1952-08-01,-0.125197091526893,$MCB,Monthly
1952-09-01,-1.56279424205963,$MCB,Monthly
1952-10-01,-1.13147674760504,$MCB,Monthly
1952-11-01,6.46256047228563,$MCB,Monthly
1952-12-01,2.32273989674633,$MCB,Monthly
1953-01-01,0.579316566801725,$MCB,Monthly
1953-02-01,0.380863329866262,$MCB,Monthly
1953-03-01,-1.00449596732238,$MCB,Monthly
1953-04-01,-2.26413081507143,$MCB,Monthly
1953-05-01,0.734107293882922,$MCB,Monthly
1953-06-01,-2.83431699425542,$MCB,Monthly
1953-07-01,1.85427593631362,$MCB,Monthly
1953-08-01,-4.32985141518363,$MCB,Monthly
1953-09-01,0.211417148210033,$MCB,Monthly
1953-10-01,4.33673917546844,$MCB,Monthly
1953-11-01,3.11304366690729,$MCB,Monthly
1953-12-01,0.335419220684449,$MCB,Monthly
1954-01-01,5.70418618889687,$MCB,Monthly
1954-02-01,1.97719238033294,$MCB,Monthly
1954-03-01,3.66115334659718,$MCB,Monthly
1954-04-01,2.53645664571714,$MCB,Monthly
1954-05-01,3.98787045662232,$MCB,Monthly
1954-06-01,1.81176911830088,$MCB,Monthly
1954-07-01,6.38572972763643,$MCB,Monthly
1954-08-01,-2.07756395791361,$MCB,Monthly
1954-09-01,4.87758777336073,$MCB,Monthly
1954-10-01,-0.733056822485891,$MCB,Monthly
1954-11-01,9.87271875644892,$MCB,Monthly
1954-12-01,6.32208777307549,$MCB,Monthly
1955-01-01,0.572489267302343,$MCB,Monthly
1955-02-01,3.39058200603341,$MCB,Monthly
1955-03-01,0.213675764536161,$MCB,Monthly
1955-04-01,2.34967575719503,$MCB,Monthly
1955-05-01,1.22051858635883,$MCB,Monthly
1955-06-01,4.74693520515292,$MCB,Monthly
1955-07-01,0.0389342862580391,$MCB,Monthly
1955-08-01,0.720602351647011,$MCB,Monthly
1955-09-01,-2.1561832186308,$MCB,Monthly
1955-10-01,-1.99627810079074,$MCB,Monthly
1955-11-01,6.52519748270206,$MCB,Monthly
1955-12-01,2.06767318784838,$MCB,Monthly
1956-01-01,-2.85694790067689,$MCB,Monthly
1956-02-01,3.74893368829201,$MCB,Monthly
1956-03-01,6.21890387931317,$MCB,Monthly
1956-04-01,-0.149586821538756,$MCB,Monthly
1956-05-01,-3.64652592406447,$MCB,Monthly
1956-06-01,3.36434737337475,$MCB,Monthly
1956-07-01,4.92805127294559,$MCB,Monthly
1956-08-01,-1.9771797266493,$MCB,Monthly
1956-09-01,-4.77953169710219,$MCB,Monthly
1956-10-01,0.96866501112009,$MCB,Monthly
1956-11-01,1.15739367813833,$MCB,Monthly
1956-12-01,2.87176848886733,$MCB,Monthly
1957-01-01,-1.58683143701009,$MCB,Monthly
1957-02-01,-1.81694416703817,$MCB,Monthly
1957-03-01,2.36508800675492,$MCB,Monthly
1957-04-01,3.3676236974673,$MCB,Monthly
1957-05-01,3.36230318450637,$MCB,Monthly
1957-06-01,-2.66410188610123,$MCB,Monthly
1957-07-01,0.197765206503891,$MCB,Monthly
1957-08-01,-5.22384296432055,$MCB,Monthly
1957-09-01,-4.88674456168898,$MCB,Monthly
1957-10-01,-4.18321230530852,$MCB,Monthly
1957-11-01,3.60409135174914,$MCB,Monthly
1957-12-01,-2.59187414164794,$MCB,Monthly
1958-01-01,6.49830736400479,$MCB,Monthly
1958-02-01,-0.452950106408106,$MCB,Monthly
1958-03-01,3.20544508062794,$MCB,Monthly
1958-04-01,3.77556936802858,$MCB,Monthly
1958-05-01,2.84760229816015,$MCB,Monthly
1958-06-01,3.07418811101386,$MCB,Monthly
1958-07-01,4.81206538271346,$MCB,Monthly
1958-08-01,2.12285823199316,$MCB,Monthly
1958-09-01,4.35014430899575,$MCB,Monthly
1958-10-01,3.2443207728945,$MCB,Monthly
1958-11-01,4.20578370268936,$MCB,Monthly
1958-12-01,4.12052687496239,$MCB,Monthly
1959-01-01,1.38656253049655,$MCB,Monthly
1959-02-01,2.21556479745166,$MCB,Monthly
1959-03-01,0.571372828261451,$MCB,Monthly
1959-04-01,3.04300739805935,$MCB,Monthly
1959-05-01,0.0226577776238978,$MCB,Monthly
1959-06-01,0.829996753955508,$MCB,Monthly
1959-07-01,2.88092402616688,$MCB,Monthly
1959-08-01,-1.88004986842949,$MCB,Monthly
1959-09-01,-5.01271325823713,$MCB,Monthly
1959-10-01,3.13194428218808,$MCB,Monthly
1959-11-01,1.91713867534361,$MCB,Monthly
1959-12-01,1.37839817891275,$MCB,Monthly
1960-01-01,-5.01166570938294,$MCB,Monthly
1960-02-01,1.72227659005596,$MCB,Monthly
1960-03-01,-1.25101449330787,$MCB,Monthly
1960-04-01,-0.396945641422576,$MCB,Monthly
1960-05-01,2.97073460795096,$MCB,Monthly
1960-06-01,2.44494922944985,$MCB,Monthly
1960-07-01,-1.61489684914964,$MCB,Monthly
1960-08-01,3.38123701562215,$MCB,Monthly
1960-09-01,-5.46923499995355,$MCB,Monthly
1960-10-01,-1.07383935050769,$MCB,Monthly
1960-11-01,6.38283849327588,$MCB,Monthly
1960-12-01,5.03925409524595,$MCB,Monthly
1961-01-01,6.72155925483629,$MCB,Monthly
1961-02-01,4.95639413900251,$MCB,Monthly
1961-03-01,3.17022922731794,$MCB,Monthly
1961-04-01,-0.170255053251762,$MCB,Monthly
1961-05-01,3.60101786187264,$MCB,Monthly
1961-06-01,-3.07203871842326,$MCB,Monthly
1961-07-01,2.38662633383401,$MCB,Monthly
1961-08-01,4.18893192170431,$MCB,Monthly
1961-09-01,-2.44724897190919,$MCB,Monthly
1961-10-01,3.15547930385757,$MCB,Monthly
1961-11-01,3.63045477333742,$MCB,Monthly
1961-12-01,-1.46359215727148,$MCB,Monthly
1962-01-01,-2.0400688473773,$MCB,Monthly
1962-02-01,1.22755772365501,$MCB,Monthly
1962-03-01,-0.363886710172053,$MCB,Monthly
1962-04-01,-6.66683881976008,$MCB,Monthly
1962-05-01,-8.94916521402738,$MCB,Monthly
1962-06-01,-7.7186616816106,$MCB,Monthly
1962-07-01,5.91293088829373,$MCB,Monthly
1962-08-01,2.58393971525778,$MCB,Monthly
1962-09-01,-5.6287584872264,$MCB,Monthly
1962-10-01,-0.795132110977205,$MCB,Monthly
1962-11-01,13.0646089908084,$MCB,Monthly
1962-12-01,1.18358117238332,$MCB,Monthly
1963-01-01,5.19596325875578,$MCB,Monthly
1963-02-01,-1.55710207122859,$MCB,Monthly
1963-03-01,3.03943458574922,$MCB,Monthly
1963-04-01,4.70339281527786,$MCB,Monthly
1963-05-01,2.71675097638898,$MCB,Monthly
1963-06-01,-1.24285275076274,$MCB,Monthly
1963-07-01,-0.928004027331102,$MCB,Monthly
1963-08-01,5.81290093109914,$MCB,Monthly
1963-09-01,-2.21053033417854,$MCB,Monthly
1963-10-01,1.46601352906326,$MCB,Monthly
1963-11-01,-0.288371968587968,$MCB,Monthly
1963-12-01,1.56183969154177,$MCB,Monthly
1964-01-01,1.30396778542218,$MCB,Monthly
1964-02-01,2.38229072256047,$MCB,Monthly
1964-03-01,2.39384569051186,$MCB,Monthly
1964-04-01,-0.855585989766828,$MCB,Monthly
1964-05-01,1.18919152710622,$MCB,Monthly
1964-06-01,1.51819788405121,$MCB,Monthly
1964-07-01,3.06283260396808,$MCB,Monthly
1964-08-01,-0.72561639190791,$MCB,Monthly
1964-09-01,3.34085287852367,$MCB,Monthly
1964-10-01,1.14834100844639,$MCB,Monthly
1964-11-01,0.357563652386872,$MCB,Monthly
1964-12-01,-0.391953623133189,$MCB,Monthly
1965-01-01,4.82669184903907,$MCB,Monthly
1965-02-01,2.68869539098462,$MCB,Monthly
1965-03-01,-0.423239467153329,$MCB,Monthly
1965-04-01,2.97673998150308,$MCB,Monthly
1965-05-01,-0.531884172555209,$MCB,Monthly
1965-06-01,-6.40295427230444,$MCB,Monthly
1965-07-01,2.93507090600071,$MCB,Monthly
1965-08-01,3.85922625901212,$MCB,Monthly
1965-09-01,3.05388397189559,$MCB,Monthly
1965-10-01,3.64833044930041,$MCB,Monthly
1965-11-01,2.39596135992464,$MCB,Monthly
1965-12-01,1.6927400284809,$MCB,Monthly
1966-01-01,3.20813493833669,$MCB,Monthly
1966-02-01,-0.230468819682967,$MCB,Monthly
1966-03-01,-1.01836103618904,$MCB,Monthly
1966-04-01,2.70678314284214,$MCB,Monthly
1966-05-01,-5.94922457692278,$MCB,Monthly
1966-06-01,0.525362873592431,$MCB,Monthly
1966-07-01,-1.2603929887096,$MCB,Monthly
1966-08-01,-8.1019620411184,$MCB,Monthly
1966-09-01,-1.24666992380285,$MCB,Monthly
1966-10-01,4.16234025414595,$MCB,Monthly
1966-11-01,2.55405198778612,$MCB,Monthly
1966-12-01,2.36201090030451,$MCB,Monthly
1967-01-01,8.75243494085591,$MCB,Monthly
1967-02-01,0.611776343824033,$MCB,Monthly
1967-03-01,4.85627483846623,$MCB,Monthly
1967-04-01,4.1180256522279,$MCB,Monthly
1967-05-01,-2.74627618282185,$MCB,Monthly
1967-06-01,3.02891993115189,$MCB,Monthly
1967-07-01,5.47769449366025,$MCB,Monthly
1967-08-01,-0.147083699900676,$MCB,Monthly
1967-09-01,2.03630808975747,$MCB,Monthly
1967-10-01,-4.90713459765174,$MCB,Monthly
1967-11-01,0.773749252612579,$MCB,Monthly
1967-12-01,2.97863193979135,$MCB,Monthly
1968-01-01,-3.1698745667674,$MCB,Monthly
1968-02-01,-4.09899678814909,$MCB,Monthly
1968-03-01,-0.185099910148133,$MCB,Monthly
1968-04-01,10.1734778319406,$MCB,Monthly
1968-05-01,3.75551203286256,$MCB,Monthly
1968-06-01,1.84706688040281,$MCB,Monthly
1968-07-01,-3.30423435396491,$MCB,Monthly
1968-08-01,1.90186181349905,$MCB,Monthly
1968-09-01,6.04178067718611,$MCB,Monthly
1968-10-01,1.04216228545906,$MCB,Monthly
1968-11-01,7.29219471997721,$MCB,Monthly
1968-12-01,-3.19773265144423,$MCB,Monthly
1969-01-01,-0.343979181358996,$MCB,Monthly
1969-02-01,-7.11638663188274,$MCB,Monthly
1969-03-01,1.90326707798296,$MCB,Monthly
1969-04-01,1.39987896428109,$MCB,Monthly
1969-05-01,-0.0320912418258949,$MCB,Monthly
1969-06-01,-7.68449926953394,$MCB,Monthly
1969-07-01,-6.72033910792738,$MCB,Monthly
1969-08-01,5.32397536204159,$MCB,Monthly
1969-09-01,-1.77423457603399,$MCB,Monthly
1969-10-01,7.22333686205019,$MCB,Monthly
1969-11-01,-3.67862782485979,$MCB,Monthly
1969-12-01,-1.97083887875507,$MCB,Monthly
1970-01-01,-7.59626063485329,$MCB,Monthly
1970-02-01,6.38992078708759,$MCB,Monthly
1970-03-01,-0.34394660596443,$MCB,Monthly
1970-04-01,-11.5261215968847,$MCB,Monthly
1970-05-01,-8.15243823736203,$MCB,Monthly
1970-06-01,-4.29836851913157,$MCB,Monthly
1970-07-01,8.18098378667664,$MCB,Monthly
1970-08-01,5.76919094225492,$MCB,Monthly
1970-09-01,5.92243316286569,$MCB,Monthly
1970-10-01,-3.45620595965005,$MCB,Monthly
1970-11-01,5.61295208365701,$MCB,Monthly
1970-12-01,8.05638613180668,$MCB,Monthly
1971-01-01,7.13385453912463,$MCB,Monthly
1971-02-01,2.39586179802232,$MCB,Monthly
1971-03-01,4.85493920916016,$MCB,Monthly
1971-04-01,3.7603150223974,$MCB,Monthly
1971-05-01,-3.29733157127261,$MCB,Monthly
1971-06-01,0.523245429789552,$MCB,Monthly
1971-07-01,-4.37782459557124,$MCB,Monthly
1971-08-01,4.75681281517499,$MCB,Monthly
1971-09-01,-0.292878468174353,$MCB,Monthly
1971-10-01,-3.92532989007958,$MCB,Monthly
1971-11-01,-1.32093148405686,$MCB,Monthly
1971-12-01,10.0770802133053,$MCB,Monthly
1972-01-01,2.65948249505941,$MCB,Monthly
1972-02-01,2.32986843870327,$MCB,Monthly
1972-03-01,1.06688556915758,$MCB,Monthly
1972-04-01,0.167765324535218,$MCB,Monthly
1972-05-01,0.308742478839615,$MCB,Monthly
1972-06-01,-3.80964250870356,$MCB,Monthly
1972-07-01,-2.33960907514055,$MCB,Monthly
1972-08-01,3.70862166959463,$MCB,Monthly
1972-09-01,-1.74066169709182,$MCB,Monthly
1972-10-01,0.643174952012708,$MCB,Monthly
1972-11-01,7.20779695782174,$MCB,Monthly
1972-12-01,-1.1552531082811,$MCB,Monthly
1973-01-01,-5.68618155520633,$MCB,Monthly
1973-02-01,-4.98389216761835,$MCB,Monthly
1973-03-01,-2.20015498001306,$MCB,Monthly
1973-04-01,-5.41003316853416,$MCB,Monthly
1973-05-01,-3.4194275978385,$MCB,Monthly
1973-06-01,-3.31215488084483,$MCB,Monthly
1973-07-01,8.62987159575576,$MCB,Monthly
1973-08-01,-1.8790505329387,$MCB,Monthly
1973-09-01,10.2301145185123,$MCB,Monthly
1973-10-01,-1.01087346208516,$MCB,Monthly
1973-11-01,-15.8986042871711,$MCB,Monthly
1973-12-01,3.24405676759812,$MCB,Monthly
1974-01-01,2.15592771191656,$MCB,Monthly
1974-02-01,0.736119859280348,$MCB,Monthly
1974-03-01,-3.29415062339397,$MCB,Monthly
1974-04-01,-6.07566139005525,$MCB,Monthly
1974-05-01,-6.47753976499975,$MCB,Monthly
1974-06-01,-3.26989942531123,$MCB,Monthly
1974-07-01,-5.48200574958721,$MCB,Monthly
1974-08-01,-9.52912843855212,$MCB,Monthly
1974-09-01,-7.81538547844047,$MCB,Monthly
1974-10-01,15.4734872322172,$MCB,Monthly
1974-11-01,-1.62788433513343,$MCB,Monthly
1974-12-01,-2.6563891349012,$MCB,Monthly
1975-01-01,17.650391721013,$MCB,Monthly
1975-02-01,3.91457851614653,$MCB,Monthly
1975-03-01,5.03635424148505,$MCB,Monthly
1975-04-01,4.78135753322792,$MCB,Monthly
1975-05-01,5.6655773934203,$MCB,Monthly
1975-06-01,7.43160359137176,$MCB,Monthly
1975-07-01,-6.24244266943064,$MCB,Monthly
1975-08-01,-3.23139824499721,$MCB,Monthly
1975-09-01,-3.7920453208668,$MCB,Monthly
1975-10-01,6.12505550634231,$MCB,Monthly
1975-11-01,3.98170904220733,$MCB,Monthly
1975-12-01,-0.623464569679773,$MCB,Monthly
1976-01-01,14.6080913393775,$MCB,Monthly
1976-02-01,2.58947369069929,$MCB,Monthly
1976-03-01,1.78782211511254,$MCB,Monthly
1976-04-01,-1.47982201566683,$MCB,Monthly
1976-05-01,-1.58504035767375,$MCB,Monthly
1976-06-01,5.49531424830933,$MCB,Monthly
1976-07-01,-0.0625832380505889,$MCB,Monthly
1976-08-01,-0.593205102787803,$MCB,Monthly
1976-09-01,2.51214947387434,$MCB,Monthly
1976-10-01,-1.83399349068065,$MCB,Monthly
1976-11-01,3.32175247729209,$MCB,Monthly
1976-12-01,7.27439752093407,$MCB,Monthly
1977-01-01,-2.57601044924659,$MCB,Monthly
1977-02-01,-2.23432905595926,$MCB,Monthly
1977-03-01,0.0353858468920569,$MCB,Monthly
1977-04-01,1.60107980407107,$MCB,Monthly
1977-05-01,-0.704470025647568,$MCB,Monthly
1977-06-01,5.43528181480726,$MCB,Monthly
1977-07-01,-1.83860581022036,$MCB,Monthly
1977-08-01,-1.71830266081128,$MCB,Monthly
1977-09-01,0.468926287058724,$MCB,Monthly
1977-10-01,-3.57075586875386,$MCB,Monthly
1977-11-01,6.51111744432121,$MCB,Monthly
1977-12-01,0.444258967443551,$MCB,Monthly
1978-01-01,-5.42916793719851,$MCB,Monthly
1978-02-01,-0.594540050138809,$MCB,Monthly
1978-03-01,4.99762320601183,$MCB,Monthly
1978-04-01,7.17444018636169,$MCB,Monthly
1978-05-01,3.58231218776955,$MCB,Monthly
1978-06-01,-0.284657029102758,$MCB,Monthly
1978-07-01,6.25057567804244,$MCB,Monthly
1978-08-01,5.7827583811335,$MCB,Monthly
1978-09-01,-1.55161039954199,$MCB,Monthly
1978-10-01,-14.5609230883006,$MCB,Monthly
1978-11-01,3.11985825687933,$MCB,Monthly
1978-12-01,1.13337736312774,$MCB,Monthly
1979-01-01,6.5163039416657,$MCB,Monthly
1979-02-01,-3.63663250567583,$MCB,Monthly
1979-03-01,8.02954247099879,$MCB,Monthly
1979-04-01,1.41863812108455,$MCB,Monthly
1979-05-01,-1.23436089969852,$MCB,Monthly
1979-06-01,6.0887593599135,$MCB,Monthly
1979-07-01,2.90551401541702,$MCB,Monthly
1979-08-01,6.93138398897092,$MCB,Monthly
1979-09-01,-0.696484811462475,$MCB,Monthly
1979-10-01,-8.74045107001124,$MCB,Monthly
1979-11-01,7.64177889128931,$MCB,Monthly
1979-12-01,3.53642142379385,$MCB,Monthly
1980-01-01,6.42942387367504,$MCB,Monthly
1980-02-01,-2.76319020948008,$MCB,Monthly
1980-03-01,-13.7201364599029,$MCB,Monthly
1980-04-01,6.6415463340179,$MCB,Monthly
1980-05-01,8.2284447824534,$MCB,Monthly
1980-06-01,4.54687465678129,$MCB,Monthly
1980-07-01,8.04144533345193,$MCB,Monthly
1980-08-01,2.90811390902018,$MCB,Monthly
1980-09-01,2.86483481068294,$MCB,Monthly
1980-10-01,0.999556043277066,$MCB,Monthly
1980-11-01,8.43864065574353,$MCB,Monthly
1980-12-01,-2.26626800363103,$MCB,Monthly
1981-01-01,-2.49698030508528,$MCB,Monthly
1981-02-01,2.26449565223846,$MCB,Monthly
1981-03-01,8.25400841401666,$MCB,Monthly
1981-04-01,0.87106577223703,$MCB,Monthly
1981-05-01,2.81076012170305,$MCB,Monthly
1981-06-01,-2.06152140162485,$MCB,Monthly
1981-07-01,-1.59687361758876,$MCB,Monthly
1981-08-01,-5.87831752573527,$MCB,Monthly
1981-09-01,-6.35946504672551,$MCB,Monthly
1981-10-01,6.66998404913748,$MCB,Monthly
1981-11-01,3.94312292495671,$MCB,Monthly
1981-12-01,-2.29593440183349,$MCB,Monthly
1982-01-01,-4.03320534176754,$MCB,Monthly
1982-02-01,-3.68678236194948,$MCB,Monthly
1982-03-01,-0.697607256057073,$MCB,Monthly
1982-04-01,4.90390371485082,$MCB,Monthly
1982-05-01,-3.59522149735409,$MCB,Monthly
1982-06-01,-2.03940949573055,$MCB,Monthly
1982-07-01,-2.35973105249291,$MCB,Monthly
1982-08-01,11.7859922059168,$MCB,Monthly
1982-09-01,3.07655901752991,$MCB,Monthly
1982-10-01,14.1962851213272,$MCB,Monthly
1982-11-01,7.19497563248087,$MCB,Monthly
1982-12-01,0.709640055959163,$MCB,Monthly
1983-01-01,3.29653671038855,$MCB,Monthly
1983-02-01,4.57304530367243,$MCB,Monthly
1983-03-01,3.796442530755,$MCB,Monthly
1983-04-01,6.41780175504365,$MCB,Monthly
1983-05-01,3.71135545389338,$MCB,Monthly
1983-06-01,4.1767319949582,$MCB,Monthly
1983-07-01,-2.94679822488312,$MCB,Monthly
1983-08-01,-1.31869756830048,$MCB,Monthly
1983-09-01,3.48471740036544,$MCB,Monthly
1983-10-01,-3.90927101187325,$MCB,Monthly
1983-11-01,4.76361179860532,$MCB,Monthly
1983-12-01,-1.74463383642079,$MCB,Monthly
1984-01-01,-3.76331877345882,$MCB,Monthly
1984-02-01,-5.4907010319569,$MCB,Monthly
1984-03-01,1.73384716947655,$MCB,Monthly
1984-04-01,-0.801379782619614,$MCB,Monthly
1984-05-01,-5.10488825910298,$MCB,Monthly
1984-06-01,3.66413951135982,$MCB,Monthly
1984-07-01,-3.26471703140111,$MCB,Monthly
1984-08-01,11.8131789013197,$MCB,Monthly
1984-09-01,-0.0679495122280921,$MCB,Monthly
1984-10-01,-0.663352045956006,$MCB,Monthly
1984-11-01,-0.645236967426684,$MCB,Monthly
1984-12-01,2.57369895716849,$MCB,Monthly
1985-01-01,10.5874141630846,$MCB,Monthly
1985-02-01,1.23064931149254,$MCB,Monthly
1985-03-01,-0.702097177375542,$MCB,Monthly
1985-04-01,-0.42301930933971,$MCB,Monthly
1985-05-01,5.23403447634446,$MCB,Monthly
1985-06-01,2.2483730603243,$MCB,Monthly
1985-07-01,0.575814168350145,$MCB,Monthly
1985-08-01,-0.435478517058293,$MCB,Monthly
1985-09-01,-4.69411138087351,$MCB,Monthly
1985-10-01,4.51625912797648,$MCB,Monthly
1985-11-01,7.1488996620719,$MCB,Monthly
1985-12-01,3.98285859696454,$MCB,Monthly
1986-01-01,1.90392865039416,$MCB,Monthly
1986-02-01,7.56782126627219,$MCB,Monthly
1986-03-01,6.22962189797164,$MCB,Monthly
1986-04-01,-0.62268405427163,$MCB,Monthly
1986-05-01,5.11726666332675,$MCB,Monthly
1986-06-01,1.38308197117373,$MCB,Monthly
1986-07-01,-6.74765843099269,$MCB,Monthly
1986-08-01,6.88838322836656,$MCB,Monthly
1986-09-01,-6.93036362677544,$MCB,Monthly
1986-10-01,5.03147571294015,$MCB,Monthly
1986-11-01,0.677594520583914,$MCB,Monthly
1986-12-01,-3.07430146763748,$MCB,Monthly
1987-01-01,12.2915507339183,$MCB,Monthly
1987-02-01,5.68049658066272,$MCB,Monthly
1987-03-01,1.23094671618409,$MCB,Monthly
1987-04-01,-2.3072554389978,$MCB,Monthly
1987-05-01,0.555601762913305,$MCB,Monthly
1987-06-01,4.02259481031693,$MCB,Monthly
1987-07-01,4.39436224682101,$MCB,Monthly
1987-08-01,3.61864223604104,$MCB,Monthly
1987-09-01,-1.65828887455008,$MCB,Monthly
1987-10-01,-25.1811918809385,$MCB,Monthly
1987-11-01,-5.38825002721494,$MCB,Monthly
1987-12-01,8.76499616068651,$MCB,Monthly
1988-01-01,3.86762570656016,$MCB,Monthly
1988-02-01,7.42259936379397,$MCB,Monthly
1988-03-01,0.592981726661428,$MCB,Monthly
1988-04-01,0.42248285251809,$MCB,Monthly
1988-05-01,-0.0134405354348626,$MCB,Monthly
1988-06-01,6.64568113385662,$MCB,Monthly
1988-07-01,-1.96897361574154,$MCB,Monthly
1988-08-01,-1.83345647602797,$MCB,Monthly
1988-09-01,3.34202399021442,$MCB,Monthly
1988-10-01,0.438059259166645,$MCB,Monthly
1988-11-01,-2.16568946970615,$MCB,Monthly
1988-12-01,2.1553962011941,$MCB,Monthly
1989-01-01,5.84042581517875,$MCB,Monthly
1989-02-01,-0.0630619796130994,$MCB,Monthly
1989-03-01,1.40762585020251,$MCB,Monthly
1989-04-01,5.38014910076184,$MCB,Monthly
1989-05-01,3.96785317026585,$MCB,Monthly
1989-06-01,-0.154733327252536,$MCB,Monthly
1989-07-01,6.91574343385292,$MCB,Monthly
1989-08-01,3.35308395778134,$MCB,Monthly
1989-09-01,-1.21873909094702,$MCB,Monthly
1989-10-01,-4.1080479238164,$MCB,Monthly
1989-11-01,1.32739897571374,$MCB,Monthly
1989-12-01,2.04633002964572,$MCB,Monthly
1990-01-01,-7.69099400957788,$MCB,Monthly
1990-02-01,1.83524542708098,$MCB,Monthly
1990-03-01,2.62078143108843,$MCB,Monthly
1990-04-01,-4.59043695970917,$MCB,Monthly
1990-05-01,9.3439805237946,$MCB,Monthly
1990-06-01,-0.997431247533628,$MCB,Monthly
1990-07-01,-2.36787419473044,$MCB,Monthly
1990-08-01,-10.3500114621968,$MCB,Monthly
1990-09-01,-7.19248223692417,$MCB,Monthly
1990-10-01,-2.88613571859586,$MCB,Monthly
1990-11-01,9.00998217983001,$MCB,Monthly
1990-12-01,4.12507095905359,$MCB,Monthly
1991-01-01,6.06165005816663,$MCB,Monthly
1991-02-01,8.20820695307311,$MCB,Monthly
1991-03-01,3.93909983791571,$MCB,Monthly
1991-04-01,0.895124675764083,$MCB,Monthly
1991-05-01,5.09671171096142,$MCB,Monthly
1991-06-01,-4.62025079349912,$MCB,Monthly
1991-07-01,4.66547612102063,$MCB,Monthly
1991-08-01,2.4349645720266,$MCB,Monthly
1991-09-01,-0.69217324694244,$MCB,Monthly
1991-10-01,1.99025171311045,$MCB,Monthly
1991-11-01,-3.71149308807319,$MCB,Monthly
1991-12-01,10.6512296680143,$MCB,Monthly
1992-01-01,1.18938316826711,$MCB,Monthly
1992-02-01,1.91241357851587,$MCB,Monthly
1992-03-01,-2.88901864734415,$MCB,Monthly
1992-04-01,1.00343997035854,$MCB,Monthly
1992-05-01,0.689925810855725,$MCB,Monthly
1992-06-01,-1.7923565873757,$MCB,Monthly
1992-07-01,4.19496176379312,$MCB,Monthly
1992-08-01,-2.0918556608986,$MCB,Monthly
1992-09-01,1.58922499326088,$MCB,Monthly
1992-10-01,2.6706797757094,$MCB,Monthly
1992-11-01,4.84914528388242,$MCB,Monthly
1992-12-01,2.86170743692135,$MCB,Monthly
1993-01-01,2.34750549955118,$MCB,Monthly
1993-02-01,0.0772321795177582,$MCB,Monthly
1993-03-01,3.41365106443102,$MCB,Monthly
1993-04-01,-2.81836562250392,$MCB,Monthly
1993-05-01,3.65379780025338,$MCB,Monthly
1993-06-01,1.40952991055948,$MCB,Monthly
1993-07-01,0.116306184622465,$MCB,Monthly
1993-08-01,4.74438645623458,$MCB,Monthly
1993-09-01,0.414669825830531,$MCB,Monthly
1993-10-01,0.743368915310504,$MCB,Monthly
1993-11-01,-2.73409537836757,$MCB,Monthly
1993-12-01,4.16581007283811,$MCB,Monthly
1994-01-01,3.23203907690623,$MCB,Monthly
1994-02-01,-1.51967385167141,$MCB,Monthly
1994-03-01,-4.62626663109615,$MCB,Monthly
1994-04-01,0.791446176683457,$MCB,Monthly
1994-05-01,-0.284924500614577,$MCB,Monthly
1994-06-01,-3.31282831736216,$MCB,Monthly
1994-07-01,3.51329855118234,$MCB,Monthly
1994-08-01,5.08747480184159,$MCB,Monthly
1994-09-01,-1.95769267006308,$MCB,Monthly
1994-10-01,0.534242306146962,$MCB,Monthly
1994-11-01,-4.15343080577971,$MCB,Monthly
1994-12-01,1.30735574573745,$MCB,Monthly
1995-01-01,1.5330119800687,$MCB,Monthly
1995-02-01,4.61868009276924,$MCB,Monthly
1995-03-01,2.54695789815067,$MCB,Monthly
1995-04-01,1.6721343062942,$MCB,Monthly
1995-05-01,2.59630891711645,$MCB,Monthly
1995-06-01,3.99502407258639,$MCB,Monthly
1995-07-01,5.48437178864257,$MCB,Monthly
1995-08-01,1.47143667858469,$MCB,Monthly
1995-09-01,2.46383217827027,$MCB,Monthly
1995-10-01,-2.20970613628238,$MCB,Monthly
1995-11-01,4.43312514115645,$MCB,Monthly
1995-12-01,-0.0407403044982617,$MCB,Monthly
1996-01-01,1.85409245870394,$MCB,Monthly
1996-02-01,2.30928511486051,$MCB,Monthly
1996-03-01,1.3903712491003,$MCB,Monthly
1996-04-01,3.5674866319178,$MCB,Monthly
1996-05-01,1.47650743287261,$MCB,Monthly
1996-06-01,-1.8445876282985,$MCB,Monthly
1996-07-01,-6.30429278748126,$MCB,Monthly
1996-08-01,5.3270572960962,$MCB,Monthly
1996-09-01,4.52759551964034,$MCB,Monthly
1996-10-01,0.233932302933188,$MCB,Monthly
1996-11-01,5.97071701964299,$MCB,Monthly
1996-12-01,-0.619678102584458,$MCB,Monthly
1997-01-01,3.36986751303735,$MCB,Monthly
1997-02-01,0.0451760907414743,$MCB,Monthly
1997-03-01,-4.81574191270274,$MCB,Monthly
1997-04-01,2.49748591238769,$MCB,Monthly
1997-05-01,7.61924601218807,$MCB,Monthly
1997-06-01,3.32786936547158,$MCB,Monthly
1997-07-01,7.19019713783403,$MCB,Monthly
1997-08-01,-0.351656298906454,$MCB,Monthly
1997-09-01,5.32069264054786,$MCB,Monthly
1997-10-01,-5.02581432278951,$MCB,Monthly
1997-11-01,2.17769216632892,$MCB,Monthly
1997-12-01,2.20523557624606,$MCB,Monthly
1998-01-01,-1.46042938406111,$MCB,Monthly
1998-02-01,7.75041185584468,$MCB,Monthly
1998-03-01,4.61978482620171,$MCB,Monthly
1998-04-01,0.213260320887513,$MCB,Monthly
1998-05-01,-3.20773868213561,$MCB,Monthly
1998-06-01,1.12691934282647,$MCB,Monthly
1998-07-01,-5.0625288078918,$MCB,Monthly
1998-08-01,-15.8293520788672,$MCB,Monthly
1998-09-01,6.48516601386374,$MCB,Monthly
1998-10-01,7.47011777818134,$MCB,Monthly
1998-11-01,5.45278085748244,$MCB,Monthly
1998-12-01,5.96655889957482,$MCB,Monthly
1999-01-01,0.418446929976779,$MCB,Monthly
1999-02-01,-2.61835136138562,$MCB,Monthly
1999-03-01,4.23308264852837,$MCB,Monthly
1999-04-01,6.76063710994454,$MCB,Monthly
1999-05-01,-0.661638791384487,$MCB,Monthly
1999-06-01,3.81990473388634,$MCB,Monthly
1999-07-01,-3.33777724263675,$MCB,Monthly
1999-08-01,-2.11991882220424,$MCB,Monthly
1999-09-01,-4.09008322824632,$MCB,Monthly
1999-10-01,5.62961100562969,$MCB,Monthly
1999-11-01,2.3812802670593,$MCB,Monthly
1999-12-01,7.6977911555578,$MCB,Monthly
2000-01-01,-3.68379027647406,$MCB,Monthly
2000-02-01,6.67547925417322,$MCB,Monthly
2000-03-01,5.68136889750901,$MCB,Monthly
2000-04-01,-4.19435117727306,$MCB,Monthly
2000-05-01,-2.69365523654235,$MCB,Monthly
2000-06-01,2.88396741485321,$MCB,Monthly
2000-07-01,-1.54971429511108,$MCB,Monthly
2000-08-01,9.37435882104032,$MCB,Monthly
2000-09-01,-0.868924420884126,$MCB,Monthly
2000-10-01,-1.3702623223742,$MCB,Monthly
2000-11-01,-8.21039729608626,$MCB,Monthly
2000-12-01,6.57004399484247,$MCB,Monthly
2001-01-01,2.3711053812464,$MCB,Monthly
2001-02-01,-4.83604576015509,$MCB,Monthly
2001-03-01,-5.42743630471475,$MCB,Monthly
2001-04-01,8.60885686160949,$MCB,Monthly
2001-05-01,3.05379820307512,$MCB,Monthly
2001-06-01,-0.955509459101712,$MCB,Monthly
2001-07-01,-3.47348928973494,$MCB,Monthly
2001-08-01,-4.88381247837892,$MCB,Monthly
2001-09-01,-12.5989381894007,$MCB,Monthly
2001-10-01,4.00644123364756,$MCB,Monthly
2001-11-01,8.60206892243103,$MCB,Monthly
2001-12-01,4.2428023888047063018094304300,VIMAX,Monthly
2002-01-01,-0.5039861177476548550159696200,VIMAX,Monthly
2002-02-01,0.1124799684550560377730482800,VIMAX,Monthly
2002-03-01,6.429402809092309207187600200,VIMAX,Monthly
2002-04-01,-0.4756414635997874440142716200,VIMAX,Monthly
2002-05-01,-1.6811630129835459119826663600,VIMAX,Monthly
2002-06-01,-7.3434219522010870882810719600,VIMAX,Monthly
2002-07-01,-9.654149266852962416402398820,VIMAX,Monthly
2002-08-01,0.494655232832596273867549400,VIMAX,Monthly
2002-09-01,-8.066017481318389966541690320,VIMAX,Monthly
2002-10-01,4.3519011943199272750070530700,VIMAX,Monthly
2002-11-01,6.2221194197534943660575620400,VIMAX,Monthly
2002-12-01,-5.9207140150336815551772311600,VIMAX,Monthly
2003-01-01,-2.9233174016292421919620043900,VIMAX,Monthly
2003-02-01,-2.4137236990818870086237594600,VIMAX,Monthly
2003-03-01,0.847850230049182928764080600,VIMAX,Monthly
2003-04-01,7.2414747877742887528239077200,VIMAX,Monthly
2003-05-01,7.7758576680348671065641347600,VIMAX,Monthly
2003-06-01,0.6871018674797190613600479100,VIMAX,Monthly
2003-07-01,2.9708217074384097938701793100,VIMAX,Monthly
2003-08-01,4.8147311816663690882547551300,VIMAX,Monthly
2003-09-01,-1.4877664464702183677405940500,VIMAX,Monthly
2003-10-01,7.4759059122695486331849968200,VIMAX,Monthly
2003-11-01,2.8808775130190772958175696600,VIMAX,Monthly
2003-12-01,2.7015465992065773587075260200,VIMAX,Monthly
2004-01-01,2.6027157994679469380077568700,VIMAX,Monthly
2004-02-01,2.1931710298017219742685974300,VIMAX,Monthly
2004-03-01,-0.1601729013078651301458214100,VIMAX,Monthly
2004-04-01,-4.0582339024671974399671439600,VIMAX,Monthly
2004-05-01,2.608121786668212484560400600,VIMAX,Monthly
2004-06-01,2.6561209856155751597062274600,VIMAX,Monthly
2004-07-01,-4.5397973093107331239257986100,VIMAX,Monthly
2004-08-01,0.0498895777346140542266450300,VIMAX,Monthly
2004-09-01,3.8058955589389678228628543400,VIMAX,Monthly
2004-10-01,2.9300119130475625221501556400,VIMAX,Monthly
2004-11-01,7.0150875926640366051464579200,VIMAX,Monthly
2004-12-01,4.2305388815344449634549820800,VIMAX,Monthly
2005-01-01,-2.8623973996124708516343539800,VIMAX,Monthly
2005-02-01,3.7450251065809297188024649100,VIMAX,Monthly
2005-03-01,-1.14736795488766201175046500,VIMAX,Monthly
2005-04-01,-3.5384288002269850929033558700,VIMAX,Monthly
2005-05-01,5.1650469655276510269717974600,VIMAX,Monthly
2005-06-01,2.9299681849212351390092611500,VIMAX,Monthly
2005-07-01,5.3139569806355653442407253800,VIMAX,Monthly
2005-08-01,-0.3347473523215883184717051900,VIMAX,Monthly
2005-09-01,1.3819790880709350074685460900,VIMAX,Monthly
2005-10-01,-3.2102855472470906839727640600,VIMAX,Monthly
2005-11-01,5.0540325688121166256461170500,VIMAX,Monthly
2005-12-01,1.3258940077851869964907179200,VIMAX,Monthly
2006-01-01,5.5638805955547004045480264200,VIMAX,Monthly
2006-02-01,-1.0304310015925264018016709900,VIMAX,Monthly
2006-03-01,2.9798916232785206827234021300,VIMAX,Monthly
2006-04-01,1.0342198869087222140550240100,VIMAX,Monthly
2006-05-01,-3.6922199971499073719895896600,VIMAX,Monthly
2006-06-01,-0.1791190768047025766668587700,VIMAX,Monthly
2006-07-01,-2.2971503290002356131637542700,VIMAX,Monthly
2006-08-01,2.0327105415717094220477546400,VIMAX,Monthly
2006-09-01,1.6203178339831613415204879700,VIMAX,Monthly
2006-10-01,3.7203556779552676287160814400,VIMAX,Monthly
2006-11-01,3.8259975972426205796615052400,VIMAX,Monthly
2006-12-01,-0.2800515477925558923103108500,VIMAX,Monthly
2007-01-01,3.6553408711142729694104552600,VIMAX,Monthly
2007-02-01,0.03224092411067631219177400,VIMAX,Monthly
2007-03-01,0.8752042073986363579774718300,VIMAX,Monthly
2007-04-01,3.6661254669219081679108775700,VIMAX,Monthly
2007-05-01,4.3486657698163573326772304500,VIMAX,Monthly
2007-06-01,-1.9506778187091654475986684500,VIMAX,Monthly
2007-07-01,-4.1098121960112015266346549200,VIMAX,Monthly
2007-08-01,0.4402179921745016031215702800,VIMAX,Monthly
2007-09-01,2.8794149351024172319224423900,VIMAX,Monthly
2007-10-01,1.7342277395539886194158871500,VIMAX,Monthly
2007-11-01,-5.033962477106109654680614200,VIMAX,Monthly
2007-12-01,-0.0278214833172391904758689100,VIMAX,Monthly
2008-01-01,-6.5260885482735747991499927700,VIMAX,Monthly
2008-02-01,-2.2551707492618376953438326100,VIMAX,Monthly
2008-03-01,-2.0475605374402831808160965900,VIMAX,Monthly
2008-04-01,6.746730790421891439448487400,VIMAX,Monthly
2008-05-01,4.3919090903948730421797489700,VIMAX,Monthly
2008-06-01,-7.5920251631623007713126945600,VIMAX,Monthly
2008-07-01,-3.9171709353597898489539356400,VIMAX,Monthly
2008-08-01,1.5273383029167569348878792400,VIMAX,Monthly
2008-09-01,-12.923594779590211355969134360,VIMAX,Monthly
2008-10-01,-21.928923848459694579291516460,VIMAX,Monthly
2008-11-01,-9.182723870616919359937045890,VIMAX,Monthly
2008-12-01,4.8764637301600823656264679900,VIMAX,Monthly
2009-01-01,-6.9921046402064583207623362100,VIMAX,Monthly
2009-02-01,-9.567619361310316949380923150,VIMAX,Monthly
2009-03-01,8.894223473090241849813059610,VIMAX,Monthly
2009-04-01,14.157390491297330032509901200,VIMAX,Monthly
2009-05-01,4.1336585863921992537528772200,VIMAX,Monthly
2009-06-01,-0.4295056528485923298603413900,VIMAX,Monthly
2009-07-01,8.991948690832725007439058590,VIMAX,Monthly
2009-08-01,4.9723746054567274170010586600,VIMAX,Monthly
2009-09-01,6.2301547949383383634359873400,VIMAX,Monthly
2009-10-01,-4.373786869480366220105469700,VIMAX,Monthly
2009-11-01,4.9451662694275704807759608300,VIMAX,Monthly
2009-12-01,6.2459412877657688648944647100,VIMAX,Monthly
2010-01-01,-3.5430801075082307891811170100,VIMAX,Monthly
2010-02-01,5.1954012752161753447930385500,VIMAX,Monthly
2010-03-01,7.0689326758238269593007259400,VIMAX,Monthly
2010-04-01,3.596555651350171898117103600,VIMAX,Monthly
2010-05-01,-7.3028430523550219430215320500,VIMAX,Monthly
2010-06-01,-6.1603502466135174292025239300,VIMAX,Monthly
2010-07-01,6.8814762194823580230456813400,VIMAX,Monthly
2010-08-01,-4.4554111569986991500271536600,VIMAX,Monthly
2010-09-01,10.606566315824259347994910860,VIMAX,Monthly
2010-10-01,4.0452523296912766917338161500,VIMAX,Monthly
2010-11-01,2.1782360179243942045798808600,VIMAX,Monthly
2010-12-01,6.8274943371198282306520602800,VIMAX,Monthly
2011-01-01,2.2783594654319688519414921600,VIMAX,Monthly
2011-02-01,4.0309377656543988188708024200,VIMAX,Monthly
2011-03-01,1.716520130942608764451653100,VIMAX,Monthly
2011-04-01,2.7371537538785764029417019400,VIMAX,Monthly
2011-05-01,-0.4099087908577918160201582900,VIMAX,Monthly
2011-06-01,-2.3811984391425975090426384900,VIMAX,Monthly
2011-07-01,-3.4731120383451427903903509300,VIMAX,Monthly
2011-08-01,-7.009203826754759176408150200,VIMAX,Monthly
2011-09-01,-9.885908878935438741093409390,VIMAX,Monthly
2011-10-01,13.167110955994295445382500020,VIMAX,Monthly
2011-11-01,-0.6471184088437743433768733600,VIMAX,Monthly
2011-12-01,-0.2649219283105206117288162800,VIMAX,Monthly
2012-01-01,6.5731610791376557867482325200,VIMAX,Monthly
2012-02-01,4.3468901960833678454494988100,VIMAX,Monthly
2012-03-01,1.9790358518539964943138156100,VIMAX,Monthly
2012-04-01,-0.6034229851989249347011394200,VIMAX,Monthly
2012-05-01,-7.2054155762083111671266526500,VIMAX,Monthly
2012-06-01,2.4989098371168398101834038700,VIMAX,Monthly
2012-07-01,0.0105107209353540611423652100,VIMAX,Monthly
2012-08-01,3.065554982809270482491479700,VIMAX,Monthly
2012-09-01,2.0708450174199108974592422600,VIMAX,Monthly
2012-10-01,-1.1537423185927221825127344600,VIMAX,Monthly
2012-11-01,1.5192605711755589993358423700,VIMAX,Monthly
2012-12-01,2.4605483819355144562106298600,VIMAX,Monthly
2013-01-01,6.6980830892661327262884666100,VIMAX,Monthly
2013-02-01,1.3510085405595269843954285600,VIMAX,Monthly
2013-03-01,4.3841802833292686579297538500,VIMAX,Monthly
2013-04-01,1.7292244569210479663808023800,VIMAX,Monthly
2013-05-01,1.8193979124569628082107608600,VIMAX,Monthly
2013-06-01,-1.166096825509889118408243700,VIMAX,Monthly
2013-07-01,5.6362178572822793514851039200,VIMAX,Monthly
2013-08-01,-2.490979107917159404469510900,VIMAX,Monthly
2013-09-01,4.5323796936950944569696027400,VIMAX,Monthly
2013-10-01,3.3818607764390896921017402900,VIMAX,Monthly
2013-11-01,2.0284013963300475334919581500,VIMAX,Monthly
2013-12-01,2.9840959268121785803995187800,VIMAX,Monthly
2014-01-01,-2.3055731711387426153621007900,VIMAX,Monthly
2014-02-01,6.0127039691362404766222264300,VIMAX,Monthly
2014-03-01,-0.2778948412206549493046431500,VIMAX,Monthly
2014-04-01,-0.8390736878390662301428480300,VIMAX,Monthly
2014-05-01,2.3019501437726511910860120600,VIMAX,Monthly
2014-06-01,3.014144424077867848145933600,VIMAX,Monthly
2014-07-01,-2.5177460178506860524863455600,VIMAX,Monthly
2014-08-01,4.7466356916028944765474517200,VIMAX,Monthly
2014-09-01,-3.1987295473429989205811777300,VIMAX,Monthly
2014-10-01,3.4351913578315640344987200600,VIMAX,Monthly
2014-11-01,2.8220202270894086988893714700,VIMAX,Monthly
2014-12-01,0.2848962018365508928557959100,VIMAX,Monthly
2015-01-01,-1.9676981895010466159667790600,VIMAX,Monthly
2015-02-01,6.0215811110036965938856587800,VIMAX,Monthly
2015-03-01,0.3350592866783177563330185400,VIMAX,Monthly
2015-04-01,-0.4137831551236048251861735700,VIMAX,Monthly
2015-05-01,1.0576952325495495886982179100,VIMAX,Monthly
2015-06-01,-1.8067255196217128130594506600,VIMAX,Monthly
2015-07-01,1.2498795736469186910458262400,VIMAX,Monthly
2015-08-01,-5.1196714091188582937408137100,VIMAX,Monthly
2015-09-01,-3.6748784790546361817123702900,VIMAX,Monthly
2015-10-01,5.9723282623372853870762163800,VIMAX,Monthly
2015-11-01,0.2808158769262830412664624900,VIMAX,Monthly
2015-12-01,-2.6561611687465395240166310700,VIMAX,Monthly
2016-01-01,-7.4367361254069550233689395200,VIMAX,Monthly
2016-02-01,1.2276447408305547135495604700,VIMAX,Monthly
2016-03-01,7.970065162058886711757162290,VIMAX,Monthly
2016-04-01,0.5396105006997602652230829700,VIMAX,Monthly
2016-05-01,1.8488159677011910410683913500,VIMAX,Monthly
2016-06-01,-0.0719801988213794438388850600,VIMAX,Monthly
2016-07-01,4.6402485326600521900909533500,VIMAX,Monthly
2016-08-01,0.1560464296196816990690003900,VIMAX,Monthly
2016-09-01,0.3640329794201896344771558800,VIMAX,Monthly
2016-10-01,-3.0755646552689954962020211100,VIMAX,Monthly
2016-11-01,4.692079569138964243013137500,VIMAX,Monthly
2016-12-01,0.6590056398461722123198861700,VIMAX,Monthly
2017-01-01,2.982786763309597635707885700,VIMAX,Monthly
2017-02-01,3.0929036028845443355902258900,VIMAX,Monthly
2017-03-01,0.0222125365231568921820265700,VIMAX,Monthly
2017-04-01,1.1771966644695771969226975300,VIMAX,Monthly
2017-05-01,0.911211584082733239155873900,VIMAX,Monthly
2017-06-01,0.660687243722080131011959900,VIMAX,Monthly
2017-07-01,1.7265877043990391863234806400,VIMAX,Monthly
2017-08-01,-0.5676544995248448413092917400,VIMAX,Monthly
2017-09-01,2.2595477302676929076842632100,VIMAX,Monthly
2017-10-01,1.4444364147369558920070469800,VIMAX,Monthly
2017-11-01,3.1671144507341743053360535600,VIMAX,Monthly
2017-12-01,0.9418848024751748481013466200,VIMAX,Monthly
2018-01-01,4.359200613939531554939827600,VIMAX,Monthly
2018-02-01,-4.0570293216379487467617632800,VIMAX,Monthly
2018-03-01,-0.1129888360370084368442355900,VIMAX,Monthly
2018-04-01,-0.1518567970860968262389232800,VIMAX,Monthly
2018-05-01,1.7832605610898279082753122200,VIMAX,Monthly
2018-06-01,0.9215935679046768540601866500,VIMAX,Monthly
2018-07-01,2.5823961515959175713449912200,VIMAX,Monthly
2018-08-01,2.5123066862823400485875786500,VIMAX,Monthly
2018-09-01,-0.469545115180040255859721600,VIMAX,Monthly
2018-10-01,-8.394772997174043174280901610,VIMAX,Monthly
2018-11-01,2.4051112339835571728998455800,VIMAX,Monthly
2018-12-01,-9.886492771027261254977748880,VIMAX,Monthly
2019-01-01,10.564778624184602405197263040,VIMAX,Monthly
2019-02-01,4.2303327564645678267629298500,VIMAX,Monthly
2019-03-01,1.322138174871130550152598800,VIMAX,Monthly
2019-04-01,3.7530654455331149483084924400,VIMAX,Monthly
2019-05-01,-6.0578589047441290475040282900,VIMAX,Monthly
2019-06-01,7.0736488035742509678036922400,VIMAX,Monthly
2019-07-01,1.3235756553557645579028615500,VIMAX,Monthly
2019-08-01,-2.7174749412645812600670968800,VIMAX,Monthly
2019-09-01,2.0653907706260925046600349600,VIMAX,Monthly
2019-10-01,1.0982044973842925293989400800,VIMAX,Monthly
2019-11-01,3.2207028465340842600253159300,VIMAX,Monthly
2019-12-01,2.4165600605179672616807994100,VIMAX,Monthly
2020-01-01,-0.2447421289036442069156207600,VIMAX,Monthly
2020-02-01,-8.754315785903098643419774230,VIMAX,Monthly
2020-03-01,-18.430398085594855407923687210,VIMAX,Monthly
2020-04-01,14.403054796884003007920205480,VIMAX,Monthly
2020-05-01,7.1282882456316072225307995600,VIMAX,Monthly
2020-06-01,1.9438234956630387202883091200,VIMAX,Monthly
2020-07-01,6.474154709577569742810764900,VIMAX,Monthly
2020-08-01,3.146694856980650971122057700,VIMAX,Monthly
2020-09-01,-1.7104695025029062181205665300,VIMAX,Monthly
2020-10-01,-0.0916726566871075611356209800,VIMAX,Monthly
2020-11-01,13.451668485051715257329670150,VIMAX,Monthly
2020-12-01,4.1184447346207279563270496800,VIMAX,Monthly
2021-01-01,-0.5226001237780192980812770800,VIMAX,Monthly
2021-02-01,5.2497139095275631670904054100,VIMAX,Monthly
2021-03-01,2.3705340538648347080315925400,VIMAX,Monthly
2021-04-01,4.8206137692785623455310678100,VIMAX,Monthly
2021-05-01,0.8146856036650657672211378400,VIMAX,Monthly
2021-06-01,1.8051923522105977088123795300,VIMAX,Monthly
2021-07-01,1.2825379167077577332204777500,VIMAX,Monthly
2021-08-01,3.0195832294255604715217982200,VIMAX,Monthly
2021-09-01,-4.1526422938366196263703087200,VIMAX,Monthly
2021-10-01,6.6057124695743351047792148500,VIMAX,Monthly
2021-11-01,-2.5144140930700554203910837600,VIMAX,Monthly
2021-12-01,3.8958312854287493037124414300,VIMAX,Monthly
2022-01-01,-7.8614898660135711153052022600,VIMAX,Monthly
2022-02-01,-0.9908851826814192359583893100,VIMAX,Monthly
2022-03-01,2.691444657353793277546362400,VIMAX,Monthly
2022-04-01,-8.048468041398353421977962630,VIMAX,Monthly
2022-05-01,-0.3174936119903893825559665900,VIMAX,Monthly
2022-06-01,-9.401995198515557000889518030,VIMAX,Monthly
2022-07-01,9.610528253888889827316231060,VIMAX,Monthly
2022-08-01,-2.9700170441761621939830667800,VIMAX,Monthly
2022-09-01,-9.875291739030652153369560990,VIMAX,Monthly
2022-10-01,8.520460109604032413328534100,VIMAX,Monthly
2022-11-01,6.1458546893173730972452556700,VIMAX,Monthly
2022-12-01,-5.3527321683323197901009336100,VIMAX,Monthly
2023-01-01,7.953405710249337478855493210,VIMAX,Monthly
2023-02-01,-2.7004000814537091383874561300,VIMAX,Monthly
2023-03-01,-1.1243342479329177368199941800,VIMAX,Monthly
2023-04-01,-0.7540589029726962975240954500,VIMAX,Monthly
2023-05-01,-2.6419300344100135217200223800,VIMAX,Monthly
2023-06-01,8.420571951373220479172463670,VIMAX,Monthly
2023-07-01,3.535538303088693386242108900,VIMAX,Monthly
2023-08-01,-3.5919465494820860051118783900,VIMAX,Monthly
2023-09-01,-4.894223059019644687711046900,VIMAX,Monthly
2023-10-01,-4.7341843367842179249073636800,VIMAX,Monthly
2023-11-01,10.008135660600445428444585720,VIMAX,Monthly
2023-12-01,7.1204071598672915080826071900,VIMAX,Monthly
2024-01-01,-1.4926897201629339258879257700,VIMAX,Monthly
2024-02-01,5.0322424522023821948500523400,VIMAX,Monthly
2024-03-01,4.2545250728242328866421089800,VIMAX,Monthly
2024-04-01,-5.8576859456165297890246379800,AVMC,Monthly
2024-05-01,3.3887681550325467651032916700,AVMC,Monthly
2024-06-01,-1.7751694916657970539176468400,AVMC,Monthly
2024-07-01,5.2040472175379426644182124800,AVMC,Monthly
2024-08-01,-7.1634661622799987176610136900,AVMC,Monthly
