2019-09-27,-0.5544485743132027306501587600,AVUS,Daily
2019-09-30,0.5635485122542455518702402800,AVUS,Daily
2019-10-01,-1.3301404102302997505226519500,AVUS,Daily
2019-10-02,-1.7987769536474256163243555600,AVUS,Daily
2019-10-03,0.5166394277875327786013186100,AVUS,Daily
2019-10-04,1.447564168574652454454827300,AVUS,Daily
2019-10-07,-0.3047588029853447536714786100,AVUS,Daily
2019-10-08,-1.7228366407371751267518004300,AVUS,Daily
2019-10-09,0.9331699209536699452010104500,AVUS,Daily
2019-10-10,0.6408506471185088866049897400,AVUS,Daily
2019-10-11,1.4378101226103225991253093900,AVUS,Daily
2019-10-14,-0.2159367943119672710500937400,AVUS,Daily
2019-10-15,1.0178324345438727456477994500,AVUS,Daily
2019-10-16,-0.2300983595145735327886978900,AVUS,Daily
2019-10-17,0.3916141394614316442943883200,AVUS,Daily
2019-10-18,-0.2613855042074675397597948600,AVUS,Daily
2019-10-21,0.6333370865049403776823669600,AVUS,Daily
2019-10-22,-0.2150332429656094585916399200,AVUS,Daily
2019-10-23,0.1838893312876738295778330800,AVUS,Daily
2019-10-24,0.3019355296478812564302258200,AVUS,Daily
2019-10-25,0.5174592493998626452867163800,AVUS,Daily
2019-10-28,0.5793909252912035295468007600,AVUS,Daily
2019-10-29,-0.0116826662968196908529096100,AVUS,Daily
2019-10-30,-0.0194733855053447674388332600,AVUS,Daily
2019-10-31,-0.5295084460128028597080714700,AVUS,Daily
2019-11-01,1.2662638942960219858511004300,AVUS,Daily
2019-11-04,0.6435480989077529357655490500,AVUS,Daily
2019-11-05,0.0556645170039791191280253100,AVUS,Daily
2019-11-06,-0.0920859479800647476754664500,AVUS,Daily
2019-11-07,0.2708597128808932594431928400,AVUS,Daily
2019-11-08,0.3064949835559527082196866500,AVUS,Daily
2019-11-11,-0.1394234385065383093589873600,AVUS,Daily
2019-11-12,0.2008519528319224851448553100,AVUS,Daily
2019-11-13,-0.2080473856209150326797385600,AVUS,Daily
2019-11-14,0.1529939535152177303515852200,AVUS,Daily
2019-11-15,0.5844126516950051386705342800,AVUS,Daily
2019-11-18,0.003779039173194990700719200,AVUS,Daily
2019-11-19,-0.024664409622614216126866900,AVUS,Daily
2019-11-20,-0.4386836604510839369882244100,AVUS,Daily
2019-11-21,-0.1888648331557899124175821300,AVUS,Daily
2019-11-22,0.2942933952390359299290922900,AVUS,Daily
2019-11-25,0.9813414827352286483447852700,AVUS,Daily
2019-11-26,0.2302051998389512609494364300,AVUS,Daily
2019-11-27,0.4951511289723745598001909400,AVUS,Daily
2019-11-29,-0.6069738547600710271066477100,AVUS,Daily
2019-12-02,-0.8971733714328817146571595300,AVUS,Daily
2019-12-03,-0.7987781238584341303137824300,AVUS,Daily
2019-12-04,0.8818946744336091562117589400,AVUS,Daily
2019-12-05,0.1900358577022885441829810400,AVUS,Daily
2019-12-06,1.0243080856322046716372651200,AVUS,Daily
2019-12-09,-0.3004236831827029251176942400,AVUS,Daily
2019-12-10,0,AVUS,Daily
2019-12-11,0.2184649977399825203819721700,AVUS,Daily
2019-12-12,1.1350054451949572829683631800,AVUS,Daily
2019-12-13,-0.1672486170972940796136819400,AVUS,Daily
2019-12-16,0.4839057234229249987951149800,AVUS,Daily
2019-12-17,0.3463465836254073907883502300,AVUS,Daily
2019-12-18,0.0350977750538761710203774500,AVUS,Daily
2019-12-19,0.3025997595945013165439103300,AVUS,Daily
2019-12-20,0.4506799272927984516846315300,AVUS,Daily
2019-12-23,0.0477954425605188480416508200,AVUS,Daily
2019-12-24,-0.0606020719875834306805530400,AVUS,Daily
2019-12-26,0.3565813502897296966765457900,AVUS,Daily
2019-12-27,-0.0934277192856372848467426100,AVUS,Daily
2019-12-30,-0.3849678405051691325146332300,AVUS,Daily
2019-12-31,0.1104186804781264263475808200,AVUS,Daily
2020-01-02,0.7316014218831621317270666500,AVUS,Daily
2020-01-03,-0.3978198909556297721992703300,AVUS,Daily
2020-01-06,0.1465840523662393659160331100,AVUS,Daily
2020-01-07,-0.2414911390172740587912606700,AVUS,Daily
2020-01-08,0.5171608989127027474686082800,AVUS,Daily
2020-01-09,0.456116424957710254691754200,AVUS,Daily
2020-01-10,-0.4177334330057828096010907200,AVUS,Daily
2020-01-13,0.7185905900610850620671682900,AVUS,Daily
2020-01-14,-0.0688169053246211594605866800,AVUS,Daily
2020-01-15,0.0543726509043945622711769300,AVUS,Daily
2020-01-16,0.968925555356001398166547900,AVUS,Daily
2020-01-17,0.3031147488621242934957136800,AVUS,Daily
2020-01-21,-0.4470436180252166618899892100,AVUS,Daily
2020-01-22,-0.2155613703451222966958812900,AVUS,Daily
2020-01-23,0.3780377243027350052298353800,AVUS,Daily
2020-01-24,-1.1764836370652870873649202800,AVUS,Daily
2020-01-27,-1.4772125194428630421312667600,AVUS,Daily
2020-01-28,0.9210098346849019752648011300,AVUS,Daily
2020-01-29,-0.0912760350780225212425996300,AVUS,Daily
2020-01-30,0.4201754334702750717337057800,AVUS,Daily
2020-01-31,-1.6918454202989637526817894400,AVUS,Daily
2020-02-03,0.351583873709209867632164100,AVUS,Daily
2020-02-04,1.6042893257835977097536032600,AVUS,Daily
2020-02-05,1.0961945344705032443247781100,AVUS,Daily
2020-02-06,0.3177465435803195842246565100,AVUS,Daily
2020-02-07,-1.0397143519011467064485684200,AVUS,Daily
2020-02-10,0.470161800216618039766783700,AVUS,Daily
2020-02-11,0.6299623642396943078071651900,AVUS,Daily
2020-02-12,0.8227461591892424876423103500,AVUS,Daily
2020-02-13,-0.0709552168730786903002459300,AVUS,Daily
2020-02-14,-0.0355122644141744666818862100,AVUS,Daily
2020-02-18,-0.3764955576857017659804204100,AVUS,Daily
2020-02-19,0.5740056309500004181774912500,AVUS,Daily
2020-02-20,-0.1949680993936635745688721600,AVUS,Daily
2020-02-21,-1.1898373089259480465671338800,AVUS,Daily
2020-02-24,-3.2710211417345394466395284100,AVUS,Daily
2020-02-25,-3.2887338398491706047520135500,AVUS,Daily
2020-02-26,-0.7262409603998934710015774500,AVUS,Daily
2020-02-27,-3.9692726766202007903670150700,AVUS,Daily
2020-02-28,-1.1507240241495388959504717400,AVUS,Daily
2020-03-02,3.8919502708286774916977466700,AVUS,Daily
2020-03-03,-2.8434495700341327780130672100,AVUS,Daily
2020-03-04,3.7729782024752449658589871900,AVUS,Daily
2020-03-05,-3.587152176119315631162080900,AVUS,Daily
2020-03-06,-1.8068040917544947303161810300,AVUS,Daily
2020-03-09,-8.106489391880663973696406410,AVUS,Daily
2020-03-10,4.0338018115679261631479905200,AVUS,Daily
2020-03-11,-5.08384443821726861086026600,AVUS,Daily
2020-03-12,-9.914795836889848728605642220,AVUS,Daily
2020-03-13,8.702207613741078736685822420,AVUS,Daily
2020-03-16,-11.742286491658224806289527270,AVUS,Daily
2020-03-17,4.6533198183868498750724713800,AVUS,Daily
2020-03-18,-6.5130393809819923199712800300,AVUS,Daily
2020-03-19,2.5187826526720010971726375400,AVUS,Daily
2020-03-20,-4.5478057780527638891211406700,AVUS,Daily
2020-03-23,-2.7382549238192731895580636100,AVUS,Daily
2020-03-24,9.904716159827084146378073310,AVUS,Daily
2020-03-25,1.3892515670427714996520110700,AVUS,Daily
2020-03-26,6.495789080354330952609945800,AVUS,Daily
2020-03-27,-4.0028191147311899224237505900,AVUS,Daily
2020-03-30,2.9535556983246995479582226300,AVUS,Daily
2020-03-31,-1.4199371720994567764469857300,AVUS,Daily
2020-04-01,-4.5755971613350823131816373700,AVUS,Daily
2020-04-02,1.768329250068840465350661900,AVUS,Daily
2020-04-03,-2.1908996770987710930542146300,AVUS,Daily
2020-04-06,7.4665205113976507636248329100,AVUS,Daily
2020-04-07,0.5750186131942937682236971500,AVUS,Daily
2020-04-08,3.596928342923304426426488700,AVUS,Daily
2020-04-09,2.0924139527139689730280275900,AVUS,Daily
2020-04-13,-1.5720415209688831859875697300,AVUS,Daily
2020-04-14,2.6268504567136345503779506400,AVUS,Daily
2020-04-15,-2.8316365119567376240776219100,AVUS,Daily
2020-04-16,0.2294955361656460774413440400,AVUS,Daily
2020-04-17,3.1821976993613388185679648500,AVUS,Daily
2020-04-20,-1.6862454190148252305716405200,AVUS,Daily
2020-04-21,-2.8661919791288279230519296900,AVUS,Daily
2020-04-22,1.974915350903375948555846700,AVUS,Daily
2020-04-23,0.3189760255142115600143498100,AVUS,Daily
2020-04-24,1.4013130814540205674458330400,AVUS,Daily
2020-04-27,2.2017277853452146319562289300,AVUS,Daily
2020-04-28,0.2629755466712954582154612500,AVUS,Daily
2020-04-29,3.4098546311939550340679130400,AVUS,Daily
2020-04-30,-1.8178076522922495922326262400,AVUS,Daily
2020-05-01,-3.0570488352951368134783064800,AVUS,Daily
2020-05-04,0.3997193264400435157192755100,AVUS,Daily
2020-05-05,0.7741807002476880375390513200,AVUS,Daily
2020-05-06,-0.8560419188817902914024112400,AVUS,Daily
2020-05-07,1.3947641635939734078348330700,AVUS,Daily
2020-05-08,2.205227470298464213271515500,AVUS,Daily
2020-05-11,-0.2990783596189325265974699200,AVUS,Daily
2020-05-12,-2.3141066298548669925008394600,AVUS,Daily
2020-05-13,-2.3250972118814961721911955200,AVUS,Daily
2020-05-14,1.2576142095670808644077010500,AVUS,Daily
2020-05-15,0.3548253564147592655122186200,AVUS,Daily
2020-05-18,4.280649196247630484377210700,AVUS,Daily
2020-05-19,-1.243996358552114960311728100,AVUS,Daily
2020-05-20,1.8669667435085751104213211900,AVUS,Daily
2020-05-21,-0.431845737938882689736014500,AVUS,Daily
2020-05-22,0.0952213441372157764178579400,AVUS,Daily
2020-05-26,1.9298146397688315815269934400,AVUS,Daily
2020-05-27,2.1753144674858717506347474400,AVUS,Daily
2020-05-28,-0.6738111768617508402707656500,AVUS,Daily
2020-05-29,0.2247751164118593442753828200,AVUS,Daily
2020-06-01,0.5504499381690818568626691300,AVUS,Daily
2020-06-02,0.8921300233979084607689471100,AVUS,Daily
2020-06-03,2.0498518262950556774244894500,AVUS,Daily
2020-06-04,-0.0906163753449862005519779200,AVUS,Daily
2020-06-05,3.1064153224068142370375764900,AVUS,Daily
2020-06-08,1.3706779408168008110568399400,AVUS,Daily
2020-06-09,-0.5789641555194309188403017200,AVUS,Daily
2020-06-10,-1.2139713033133884641712319800,AVUS,Daily
2020-06-11,-7.0084426025143311001437034400,AVUS,Daily
2020-06-12,1.598194437745809455744432700,AVUS,Daily
2020-06-15,1.028361838881347396113509500,AVUS,Daily
2020-06-16,2.0720334539436939491275024700,AVUS,Daily
2020-06-17,-0.8080715927409567460523386300,AVUS,Daily
2020-06-18,0.0198927772975103018428348200,AVUS,Daily
2020-06-19,-0.4469395575992273941827202600,AVUS,Daily
2020-06-22,-0.2295046403029046012364819400,AVUS,Daily
2020-06-23,0.0662514203179091391498541300,AVUS,Daily
2020-06-24,-1.9458443405164995810037787100,AVUS,Daily
2020-06-25,1.1866023655003640096988458200,AVUS,Daily
2020-06-26,-2.4464099259429727097309299800,AVUS,Daily
2020-06-29,1.5854592714815086023377171200,AVUS,Daily
2020-06-30,1.9075786475848372661981673500,AVUS,Daily
2020-07-01,-0.184162920651109954327765100,AVUS,Daily
2020-07-02,0.4252091462082105401626492300,AVUS,Daily
2020-07-06,1.7175721295997190937053623400,AVUS,Daily
2020-07-07,-1.3744177023471362213026020300,AVUS,Daily
2020-07-08,0.6768629948428683827902423900,AVUS,Daily
2020-07-09,-0.9887008013360900789789219400,AVUS,Daily
2020-07-10,1.4379545897734981728203300400,AVUS,Daily
2020-07-13,-0.7284882281159341205207825400,AVUS,Daily
2020-07-14,1.3486879649273571984853774500,AVUS,Daily
2020-07-15,1.6829934217540236561815369800,AVUS,Daily
2020-07-16,-0.230968839463525246146210100,AVUS,Daily
2020-07-17,0.1022533487410553827072874900,AVUS,Daily
2020-07-20,0.4374402721470063503142541200,AVUS,Daily
2020-07-21,0.4930746494398364292741102500,AVUS,Daily
2020-07-22,0.5842260383407552343942656300,AVUS,Daily
2020-07-23,-0.8029293226222545632119100500,AVUS,Daily
2020-07-24,-0.9108195574498266898448588700,AVUS,Daily
2020-07-27,0.8033454272984236444950328700,AVUS,Daily
2020-07-28,-0.8429246109871002846225787100,AVUS,Daily
2020-07-29,1.3640070222623701974858011700,AVUS,Daily
2020-07-30,-0.4117142171048506265737937200,AVUS,Daily
2020-07-31,0.2756243709927518524269784700,AVUS,Daily
2020-08-03,1.1184255024031157220603095700,AVUS,Daily
2020-08-04,0.2831277429248014312127371500,AVUS,Daily
2020-08-05,1.0540127266790376145839140500,AVUS,Daily
2020-08-06,0.3166413750246775758956137600,AVUS,Daily
2020-08-07,0.5198634830519476565880308300,AVUS,Daily
2020-08-10,0.5725871717808408678549698500,AVUS,Daily
2020-08-11,-0.5160760887789197566181746100,AVUS,Daily
2020-08-12,1.1759826071979063959323058600,AVUS,Daily
2020-08-13,-0.1204410458451892487837191500,AVUS,Daily
2020-08-14,0.0018358488327286627020061800,AVUS,Daily
2020-08-17,0.281304851015872457613444200,AVUS,Daily
2020-08-18,-0.2094666597294083867598571700,AVUS,Daily
2020-08-19,-0.2008303562807762865694699200,AVUS,Daily
2020-08-20,-0.1005978986474719916410286200,AVUS,Daily
2020-08-21,0.1666311246332246153858073200,AVUS,Daily
2020-08-24,1.3234254483802004213861190100,AVUS,Daily
2020-08-25,0.1299059436692560704358538100,AVUS,Daily
2020-08-26,0.5873538524405193918065881500,AVUS,Daily
2020-08-27,0.3188589291774299871778085700,AVUS,Daily
2020-08-28,0.5642191169268190504036625900,AVUS,Daily
2020-08-31,-0.1988629800635542644445650700,AVUS,Daily
2020-09-01,0.6529183818147909142456989800,AVUS,Daily
2020-09-02,1.5112066749246266389323860100,AVUS,Daily
2020-09-03,-3.3970750755175716495984675500,AVUS,Daily
2020-09-04,-0.5010328392153243824414664100,AVUS,Daily
2020-09-08,-2.7951582910605524052177565600,AVUS,Daily
2020-09-09,1.898978102650246233556091200,AVUS,Daily
2020-09-10,-1.6386496989427835551159219700,AVUS,Daily
2020-09-11,-0.0167379652849486158233761100,AVUS,Daily
2020-09-14,1.666227655944378948022769800,AVUS,Daily
2020-09-15,0.215843346684468179795282600,AVUS,Daily
2020-09-16,0.0219143486852838873544554200,AVUS,Daily
2020-09-17,-0.8175446250185796822246973700,AVUS,Daily
2020-09-18,-0.868385948099255007456153500,AVUS,Daily
2020-09-21,-1.770598144272414212847163600,AVUS,Daily
2020-09-22,0.9860018595964691651563108400,AVUS,Daily
2020-09-23,-2.3752673887813088314694626600,AVUS,Daily
2020-09-24,0.3654494748767170610936804400,AVUS,Daily
2020-09-25,1.3951086963108579960901566700,AVUS,Daily
2020-09-28,1.9089187130252957976336189300,AVUS,Daily
2020-09-29,-0.5434105846404308187577717700,AVUS,Daily
2020-09-30,0.844728363921330604907432100,AVUS,Daily
2020-10-01,0.5547447417947986297247443200,AVUS,Daily
2020-10-02,-0.3659739761315420683024785300,AVUS,Daily
2020-10-05,1.9896584373964661885686415900,AVUS,Daily
2020-10-06,-1.0912346814555340179173989800,AVUS,Daily
2020-10-07,1.8863539849428017003471741400,AVUS,Daily
2020-10-08,0.921200346689930754762301800,AVUS,Daily
2020-10-09,0.6814991255257395520253574100,AVUS,Daily
2020-10-12,1.4509573293100682903166495600,AVUS,Daily
2020-10-13,-0.616672787366874770473742200,AVUS,Daily
2020-10-14,-0.5433617815038607527581028500,AVUS,Daily
2020-10-15,0.2643503900329314080401530200,AVUS,Daily
2020-10-16,-0.1406089819661430468960321700,AVUS,Daily
2020-10-19,-1.6264884088905249470837427600,AVUS,Daily
2020-10-20,0.7049999754808858416449986900,AVUS,Daily
2020-10-21,-0.4708425065527455043811389600,AVUS,Daily
2020-10-22,0.8301304517591934854094435200,AVUS,Daily
2020-10-23,0.3895049586252458783877096300,AVUS,Daily
2020-10-26,-1.9576662822856363135783296100,AVUS,Daily
2020-10-27,-0.6476037485703190653451409100,AVUS,Daily
2020-10-28,-3.2228827711245765542249153100,AVUS,Daily
2020-10-29,1.3732333191148911263707929100,AVUS,Daily
2020-10-30,-1.3546310738575947852685548600,AVUS,Daily
2020-11-02,1.4780277738829895172020472200,AVUS,Daily
2020-11-03,2.0648960672607012904434427300,AVUS,Daily
2020-11-04,1.2463814363974376647441282400,AVUS,Daily
2020-11-05,2.3550341369936690709716607900,AVUS,Daily
2020-11-06,-0.3311913500006889867760471500,AVUS,Daily
2020-11-09,1.9062817468605459902384423700,AVUS,Daily
2020-11-10,0.2917426413128418859077884900,AVUS,Daily
2020-11-11,0.3422260892652041163806786400,AVUS,Daily
2020-11-12,-1.1425670766539487085095039600,AVUS,Daily
2020-11-13,1.7077664991786821749121497200,AVUS,Daily
2020-11-16,1.5264712297224337727625401800,AVUS,Daily
2020-11-17,-0.1169394990847868596699597900,AVUS,Daily
2020-11-18,-1.0035322133769976679916874200,AVUS,Daily
2020-11-19,0.4933540381519524738934081700,AVUS,Daily
2020-11-20,-0.4404814054009608827986668400,AVUS,Daily
2020-11-23,1.1077397790465314427689436300,AVUS,Daily
2020-11-24,1.86217008539530603080033300,AVUS,Daily
2020-11-25,-0.3738137505392043003616816500,AVUS,Daily
2020-11-27,0.2024398951267669255885068300,AVUS,Daily
2020-11-30,-1.0445880646997477989538019200,AVUS,Daily
2020-12-01,1.3610030082199018370347821600,AVUS,Daily
2020-12-02,0.2128654768890883358072422200,AVUS,Daily
2020-12-03,0.0391999287649800650450136100,AVUS,Daily
2020-12-04,1.3311906926664427384504087100,AVUS,Daily
2020-12-07,-0.1998732527655872763446505400,AVUS,Daily
2020-12-08,0.4538500903818646549877884900,AVUS,Daily
2020-12-09,-0.5595170003177629488401652400,AVUS,Daily
2020-12-10,0.0549797958623698575740378100,AVUS,Daily
2020-12-11,-0.4072503473099912857385217400,AVUS,Daily
2020-12-14,-0.405648984500747144611177800,AVUS,Daily
2020-12-15,1.6129079344395847719015408900,AVUS,Daily
2020-12-16,0.0705578310573433210548623900,AVUS,Daily
2020-12-17,0.6592632336070397971258710300,AVUS,Daily
2020-12-18,-0.2555892747130031421005230600,AVUS,Daily
2020-12-21,-0.4532296290564850776520535400,AVUS,Daily
2020-12-22,0.0209186462357842337954416600,AVUS,Daily
2020-12-23,0.4342836600244990922226447500,AVUS,Daily
2020-12-24,0.1088962189093221151500981500,AVUS,Daily
2020-12-28,0.5007574454128514358530434900,AVUS,Daily
2020-12-29,-0.4791530793777429883737668200,AVUS,Daily
2020-12-30,0.4798641026205300528648466500,AVUS,Daily
2020-12-31,0.286510004861825839634647500,AVUS,Daily
2021-01-04,-1.2698324844721843002559503500,AVUS,Daily
2021-01-05,1.1736231056426272474743168100,AVUS,Daily
2021-01-06,1.8147243449508358473397817400,AVUS,Daily
2021-01-07,1.5872638594422947110219526300,AVUS,Daily
2021-01-08,0.1398182991414527129348788800,AVUS,Daily
2021-01-11,-0.2408800266323170792624034100,AVUS,Daily
2021-01-12,0.8012540693857014445864954900,AVUS,Daily
2021-01-13,-0.2776633399304014917674454200,AVUS,Daily
2021-01-14,0.2555226524478964051841757200,AVUS,Daily
2021-01-15,-1.0224827602787205141664229100,AVUS,Daily
2021-01-19,0.880375941432418471264349200,AVUS,Daily
2021-01-20,1.069858295543177410114647400,AVUS,Daily
2021-01-21,-0.2722011318446736707225519400,AVUS,Daily
2021-01-22,-0.0758045313273373435416768900,AVUS,Daily
2021-01-25,-0.0455172229139055116001981300,AVUS,Daily
2021-01-26,-0.5222673562413460354877120900,AVUS,Daily
2021-01-27,-2.4814483621168157331930102800,AVUS,Daily
2021-01-28,1.0798108716115277786224172700,AVUS,Daily
2021-01-29,-1.9554074608386784779647137500,AVUS,Daily
2021-02-01,1.4890960606770240766994097700,AVUS,Daily
2021-02-02,1.3380832931602212653304681100,AVUS,Daily
2021-02-03,0.2610449020452710042133563100,AVUS,Daily
2021-02-04,1.4548156630885479829253934900,AVUS,Daily
2021-02-05,0.573600732544985059937804700,AVUS,Daily
2021-02-08,1.1556017650543327657677567100,AVUS,Daily
2021-02-09,0.0445198232421214560615679400,AVUS,Daily
2021-02-10,0,AVUS,Daily
2021-02-11,0.0741718784534431280658008300,AVUS,Daily
2021-02-12,0.6964685520666585213817619800,AVUS,Daily
2021-02-16,-0.014699215562682416724152300,AVUS,Daily
2021-02-17,-0.1619006483755365384086215900,AVUS,Daily
2021-02-18,-0.7813500406995081839534156700,AVUS,Daily
2021-02-19,0.7280760604927052721452306800,AVUS,Daily
2021-02-22,-0.4720581807950761801725648500,AVUS,Daily
2021-02-23,0.1185859597212467185717630300,AVUS,Daily
2021-02-24,1.4655648239565274851709903400,AVUS,Daily
2021-02-25,-2.7866764941594352358521646800,AVUS,Daily
2021-02-26,-0.1800741292555202083714924200,AVUS,Daily
2021-03-01,2.6311342996511717880248806600,AVUS,Daily
2021-03-02,-1.0401200138477516636534984800,AVUS,Daily
2021-03-03,-0.9178826584158030987382708900,AVUS,Daily
2021-03-04,-1.6883022118863292384680386300,AVUS,Daily
2021-03-05,2.4012031234986095827854505300,AVUS,Daily
2021-03-08,0.1632618196475951381209958100,AVUS,Daily
2021-03-09,0.859376750717716454069881800,AVUS,Daily
2021-03-10,0.9549063678271124038154286900,AVUS,Daily
2021-03-11,1.3387797246787735624131138900,AVUS,Daily
2021-03-12,0.2297514042751497026307395400,AVUS,Daily
2021-03-15,0.6733646519896013755291060800,AVUS,Daily
2021-03-16,-0.7257612511826240578241510900,AVUS,Daily
2021-03-17,0.5447095424439843470531484800,AVUS,Daily
2021-03-18,-1.6823564010462618062331280700,AVUS,Daily
2021-03-19,0.1304923925128314473263375900,AVUS,Daily
2021-03-22,0.0868967648789225227044986800,AVUS,Daily
2021-03-23,-1.6911844826152958406463287300,AVUS,Daily
2021-03-24,-0.5753375613589826273346712200,AVUS,Daily
2021-03-25,1.1277302353350912980745310700,AVUS,Daily
2021-03-26,1.8341806816874972709991617700,AVUS,Daily
2021-03-29,-0.8213015725345666369392305700,AVUS,Daily
2021-03-30,0.2469892429905290090959021600,AVUS,Daily
2021-03-31,0.5217196933125821806841472200,AVUS,Daily
2021-04-01,1.1966414157512416737087847300,AVUS,Daily
2021-04-05,1.1112856005784823436894490900,AVUS,Daily
2021-04-06,-0.0563531911526228077324196400,AVUS,Daily
2021-04-07,-0.2115064033201689628608168800,AVUS,Daily
2021-04-08,0.4097425737766825255206457500,AVUS,Daily
2021-04-09,0.6331808714153954299166609700,AVUS,Daily
2021-04-12,0.0698814681378595819066477300,AVUS,Daily
2021-04-13,-0.1257427223965517594757952900,AVUS,Daily
2021-04-14,0.1678827034494889713831303800,AVUS,Daily
2021-04-15,0.7681593472606482379836446400,AVUS,Daily
2021-04-16,0.3742246916556418340480716600,AVUS,Daily
2021-04-19,-0.5799408802907632941579535900,AVUS,Daily
2021-04-20,-1.2222237583231404952664241700,AVUS,Daily
2021-04-21,1.3357754091685097149713274100,AVUS,Daily
2021-04-22,-0.8325269367474924167705677700,AVUS,Daily
2021-04-23,1.3711920941459055116263250100,AVUS,Daily
2021-04-26,0.3864719907233995535824043100,AVUS,Daily
2021-04-27,0.1787699034406255289876212400,AVUS,Daily
2021-04-28,0.0685962390853604696412028400,AVUS,Daily
2021-04-29,0.5074941395449366702957992100,AVUS,Daily
2021-04-30,-0.9961940673892286016021577900,AVUS,Daily
2021-05-03,0.6064863450308529022929325900,AVUS,Daily
2021-05-04,-0.4795338594975122521224092500,AVUS,Daily
2021-05-05,0.2615706499671486072956776800,AVUS,Daily
2021-05-06,0.6590686718452038155229223900,AVUS,Daily
2021-05-07,0.8320660656196939119696770500,AVUS,Daily
2021-05-10,-1.0010351674872078217442437500,AVUS,Daily
2021-05-11,-0.8882525387388096831811462200,AVUS,Daily
2021-05-12,-2.3989788272201601881010430600,AVUS,Daily
2021-05-13,1.4125894330134185413223519700,AVUS,Daily
2021-05-14,1.8108587892686844013765521700,AVUS,Daily
2021-05-17,-0.0273951629689647638855200400,AVUS,Daily
2021-05-18,-1.067442258301209402715000900,AVUS,Daily
2021-05-19,-0.4980047343713855196416116800,AVUS,Daily
2021-05-20,0.7229307384020301318009553700,AVUS,Daily
2021-05-21,0.1104185027569193425738748200,AVUS,Daily
2021-05-24,0.7583097776051296712320020200,AVUS,Daily
2021-05-25,-0.6705063379523419476226244800,AVUS,Daily
2021-05-26,0.7439127489566558020012520300,AVUS,Daily
2021-05-27,0.4375957536219279859691975100,AVUS,Daily
2021-05-28,0.068088027420088578629260900,AVUS,Daily
2021-06-01,0.3945221086340682350043108800,AVUS,Daily
2021-06-02,-0.0677601149934021924912648100,AVUS,Daily
2021-06-03,-0.3254321464099376516737880600,AVUS,Daily
2021-06-04,0.6530463521780186394055097100,AVUS,Daily
2021-06-07,0.1216464375821633945771947100,AVUS,Daily
2021-06-08,0.2160211565216222734773238600,AVUS,Daily
2021-06-09,-0.47153738464583033970283800,AVUS,Daily
2021-06-10,0,AVUS,Daily
2021-06-11,0.4466833449627574782870141900,AVUS,Daily
2021-06-14,-0.269492342898967833172563200,AVUS,Daily
2021-06-15,0.0270121465468410866074825100,AVUS,Daily
2021-06-16,-0.5133044894717168759236034400,AVUS,Daily
2021-06-17,-0.8961279703178060442757496300,AVUS,Daily
2021-06-18,-1.6166772416287929900920739500,AVUS,Daily
2021-06-21,1.8103543872345889411572447400,AVUS,Daily
2021-06-22,0.4526059344533279599426335100,AVUS,Daily
2021-06-23,0.0409463369007532128607450700,AVUS,Daily
2021-06-24,0.8189053006512794272254994400,AVUS,Daily
2021-06-25,0.4873493981016387942172718600,AVUS,Daily
2021-06-28,-0.3098430598659697555673143200,AVUS,Daily
2021-06-29,0.0135274279191426943134533800,AVUS,Daily
2021-06-30,0.2701872377650516048164683600,AVUS,Daily
2021-07-01,0.5929313181084265945818383900,AVUS,Daily
2021-07-02,0.3214954746656442864215613600,AVUS,Daily
2021-07-06,-0.7477521183310192810713315500,AVUS,Daily
2021-07-07,0.1076265107038191807142739700,AVUS,Daily
2021-07-08,-1.1691939989987565201944350200,AVUS,Daily
2021-07-09,1.7541633601572063197963592800,AVUS,Daily
2021-07-12,0.3875251855762768453561979500,AVUS,Daily
2021-07-13,-0.8253475090668600336648865200,AVUS,Daily
2021-07-14,-0.2416211041104059913393974900,AVUS,Daily
2021-07-15,-0.4170807831979923883635797200,AVUS,Daily
2021-07-16,-0.9999059702668383109323259800,AVUS,Daily
2021-07-19,-1.637739295417997947531418800,AVUS,Daily
2021-07-20,1.7898989518217886810671859100,AVUS,Daily
2021-07-21,1.2949498465813318352781178100,AVUS,Daily
2021-07-22,-0.2556396813531522988166329500,AVUS,Daily
2021-07-23,0.9039398922264552699188202200,AVUS,Daily
2021-07-26,0.37434795778197787164031300,AVUS,Daily
2021-07-27,-0.6527004835261749708322557500,AVUS,Daily
2021-07-28,0.3083890047571851653834287900,AVUS,Daily
2021-07-29,0.6282487769618370190343498300,AVUS,Daily
2021-07-30,-0.5711922873842166541465470300,AVUS,Daily
2021-08-02,-0.2404773362046545054320990800,AVUS,Daily
2021-08-03,0.9508640255627357691203797600,AVUS,Daily
2021-08-04,-0.7429190227414119481406647300,AVUS,Daily
2021-08-05,0.8152916981244855372241313400,AVUS,Daily
2021-08-06,0.4109708592611473438651513600,AVUS,Daily
2021-08-09,-0.1452315102297367415026736100,AVUS,Daily
2021-08-10,0.4099117147238839995026181600,AVUS,Daily
2021-08-11,0.5135554956547368177722151700,AVUS,Daily
2021-08-12,0.0786048582237766143565161500,AVUS,Daily
2021-08-13,-0.1309051991933941707381329700,AVUS,Daily
2021-08-16,-0.0262153571041152358067262500,AVUS,Daily
2021-08-17,-0.9964721919675578663269010800,AVUS,Daily
2021-08-18,-1.0462171012573867875859900700,AVUS,Daily
2021-08-19,-0.4416421519681960594125534300,AVUS,Daily
2021-08-20,1.0350837049675730426502525300,AVUS,Daily
2021-08-23,1.0377981351387009533400964600,AVUS,Daily
2021-08-24,0.4081832590787923719747277300,AVUS,Daily
2021-08-25,0.511481473665227125784920700,AVUS,Daily
2021-08-26,-0.8089785369479660533054616200,AVUS,Daily
2021-08-27,1.3022968505570207263749853400,AVUS,Daily
2021-08-30,-0.0129715624274080972943166100,AVUS,Daily
2021-08-31,-0.1818154184034440437876882300,AVUS,Daily
2021-09-01,-0.0520690726838031468209180100,AVUS,Daily
2021-09-02,0.4816518004337450610627298100,AVUS,Daily
2021-09-03,-0.194309232978042813008565900,AVUS,Daily
2021-09-07,-0.5711367668361174255782032400,AVUS,Daily
2021-09-08,-0.4046936110464290668966028100,AVUS,Daily
2021-09-09,-0.2097365534667275892938344300,AVUS,Daily
2021-09-10,-0.6830455775938540858725476600,AVUS,Daily
2021-09-13,0.4232180659277118557166915500,AVUS,Daily
2021-09-14,-0.8297128922564992479299150500,AVUS,Daily
2021-09-15,1.0757227199798843181774659400,AVUS,Daily
2021-09-16,-0.1576778615889040914968180200,AVUS,Daily
2021-09-17,-0.7369416748609425312550147100,AVUS,Daily
2021-09-20,-1.9222969041774487585125423200,AVUS,Daily
2021-09-21,-0.0800141921024226856689426600,AVUS,Daily
2021-09-22,1.1263259031351241934040670100,AVUS,Daily
2021-09-23,1.5163805357247943076392551400,AVUS,Daily
2021-09-24,0.0925440045295753206441150800,AVUS,Daily
2021-09-27,0.4490170323826021307398931300,AVUS,Daily
2021-09-28,-1.8800709737748724570150148200,AVUS,Daily
2021-09-29,0.0669823682419549974513481100,AVUS,Daily
2021-09-30,-1.3122908550833817917917764300,AVUS,Daily
2021-10-01,1.2619132959675987747777899600,AVUS,Daily
2021-10-04,-0.9915874946891454227831055400,AVUS,Daily
2021-10-05,0.9744233089059056500650099500,AVUS,Daily
2021-10-06,0.0804171640384494565558836500,AVUS,Daily
2021-10-07,1.0312189174447332114095036400,AVUS,Daily
2021-10-08,-0.1723339940781505183689452500,AVUS,Daily
2021-10-11,-0.6241207460568689451553012600,AVUS,Daily
2021-10-12,-0.0801143759374050068422910400,AVUS,Daily
2021-10-13,0.2273027391665547657798358900,AVUS,Daily
2021-10-14,1.6010751477702775009763331300,AVUS,Daily
2021-10-15,0.6565905550542973031090109900,AVUS,Daily
2021-10-18,0.3783655672928638095957704400,AVUS,Daily
2021-10-19,0.5718398328588986092424198500,AVUS,Daily
2021-10-20,0.5169499602346184434908889600,AVUS,Daily
2021-10-21,0.1414227503671500664124449900,AVUS,Daily
2021-10-22,0.0256902877338972982269288200,AVUS,Daily
2021-10-25,0.5262148111058893996955660500,AVUS,Daily
2021-10-26,-0.1787250194944334963510862700,AVUS,Daily
2021-10-27,-1.0744566394084239628266409100,AVUS,Daily
2021-10-28,1.215410709045025592166075200,AVUS,Daily
2021-10-29,0.0510846744113818623989916700,AVUS,Daily
2021-11-01,0.7661049689625210787926232500,AVUS,Daily
2021-11-02,0.2280630086921056990674349300,AVUS,Daily
2021-11-03,0.8849711352603884222882828800,AVUS,Daily
2021-11-04,0.1002754769154939578869103600,AVUS,Daily
2021-11-05,0.6509681455936159220131815800,AVUS,Daily
2021-11-08,0.1467643056978184097475959700,AVUS,Daily
2021-11-09,-0.2459046296773045085361559200,AVUS,Daily
2021-11-10,-0.9337660414238800604553239400,AVUS,Daily
2021-11-11,0.3267521659440198659033198500,AVUS,Daily
2021-11-12,0.6764288679067775588981777500,AVUS,Daily
2021-11-15,-0.0497562281798072662238159300,AVUS,Daily
2021-11-16,0.373441766606870685333524900,AVUS,Daily
2021-11-17,-0.5829152012827984270423251400,AVUS,Daily
2021-11-18,0.1746485198537942390938236800,AVUS,Daily
2021-11-19,-0.4483132215040908581462248300,AVUS,Daily
2021-11-22,0.0250314815509771790028479300,AVUS,Daily
2021-11-23,0.3376385131451435250278879400,AVUS,Daily
2021-11-24,0.0249669736145958771386004600,AVUS,Daily
2021-11-26,-2.4797711555590284547263028100,AVUS,Daily
2021-11-29,0.7794566630294418221937443800,AVUS,Daily
2021-11-30,-2.1427529001408550223433177700,AVUS,Daily
2021-12-01,-1.3345526896064363872035613300,AVUS,Daily
2021-12-02,1.7728081776164996829214777900,AVUS,Daily
2021-12-03,-0.8645187634079305191480805400,AVUS,Daily
2021-12-06,1.3276034020574388687719739700,AVUS,Daily
2021-12-07,2.0038821503639499240870611100,AVUS,Daily
2021-12-08,0.2392484144660355531617742400,AVUS,Daily
2021-12-09,-0.8165857422226688944443746500,AVUS,Daily
2021-12-10,0.6966479072261997982661975800,AVUS,Daily
2021-12-13,-1.1949797277183096229397533800,AVUS,Daily
2021-12-14,-0.5601590474551160644878445400,AVUS,Daily
2021-12-15,1.4082795936816918985316429500,AVUS,Daily
2021-12-16,-0.8094810076726779940967261100,AVUS,Daily
2021-12-17,-0.8939902157052514351624749800,AVUS,Daily
2021-12-20,-1.3788801446476374295025369700,AVUS,Daily
2021-12-21,2.1037699224952571785278575100,AVUS,Daily
2021-12-22,0.8958073611638082666692173900,AVUS,Daily
2021-12-23,0.6468969618095102411965789900,AVUS,Daily
2021-12-27,1.398863504350164995431620300,AVUS,Daily
2021-12-28,-0.1740084056110517980460018500,AVUS,Daily
2021-12-29,0.2614352729276718147237119800,AVUS,Daily
2021-12-30,-0.3228224086163663729472166100,AVUS,Daily
2021-12-31,-0.1370454187166253280160176400,AVUS,Daily
2022-01-03,0.5114819248586742392651733900,AVUS,Daily
2022-01-04,0.570929985059342600766977800,AVUS,Daily
2022-01-05,-1.9252252589267000816328203900,AVUS,Daily
2022-01-06,0.3019957005551762303428152200,AVUS,Daily
2022-01-07,-0.3888897426407099487583945100,AVUS,Daily
2022-01-10,-0.2770810330953179411047548800,AVUS,Daily
2022-01-11,0.9724453921299219453050761800,AVUS,Daily
2022-01-12,0.137593981545500993618895700,AVUS,Daily
2022-01-13,-0.9492700047534815427212994600,AVUS,Daily
2022-01-14,0.0882441649674984998099235600,AVUS,Daily
2022-01-18,-1.9654520216595496622774440200,AVUS,Daily
2022-01-19,-1.220932722424484347206236700,AVUS,Daily
2022-01-20,-1.4832149826363752271749911900,AVUS,Daily
2022-01-21,-1.8753340854411477006216062800,AVUS,Daily
2022-01-24,0.9555735292412290144839373400,AVUS,Daily
2022-01-25,-1.1198389763528348739532431900,AVUS,Daily
2022-01-26,-0.4449216177125522788849149300,AVUS,Daily
2022-01-27,-0.6094278626724203982390151100,AVUS,Daily
2022-01-28,1.8803725637635231740567796500,AVUS,Daily
2022-01-31,1.9392715434160162928854131900,AVUS,Daily
2022-02-01,1.0102239996774866622756911600,AVUS,Daily
2022-02-02,0.6494432823218911978228022700,AVUS,Daily
2022-02-03,-2.1163957371469235352872838900,AVUS,Daily
2022-02-04,0.4614264461746700626412233200,AVUS,Daily
2022-02-07,-0.1574708752446220610443156700,AVUS,Daily
2022-02-08,1.1040892386059142189643499100,AVUS,Daily
2022-02-09,1.4820716937910159879607485400,AVUS,Daily
2022-02-10,-1.5372798032230785199334909800,AVUS,Daily
2022-02-11,-1.5742875727446196534190241400,AVUS,Daily
2022-02-14,-0.5287602313245393708394077200,AVUS,Daily
2022-02-15,1.807338529438503075849809300,AVUS,Daily
2022-02-16,0.15660097429464858819960100,AVUS,Daily
2022-02-17,-2.098245813411694036090298800,AVUS,Daily
2022-02-18,-0.6655962403243947344310385500,AVUS,Daily
2022-02-22,-1.2329366278419477243550683900,AVUS,Daily
2022-02-23,-1.60109516368437673337767400,AVUS,Daily
2022-02-24,1.2548406384453729487094517600,AVUS,Daily
2022-02-25,2.4240662669721607296118833400,AVUS,Daily
2022-02-28,0.01330566013672531969125900,AVUS,Daily
2022-03-01,-1.8612197265774597602180844300,AVUS,Daily
2022-03-02,2.3571054811628576414713990200,AVUS,Daily
2022-03-03,-0.5426066054712111441051586600,AVUS,Daily
2022-03-04,-1.0379377226315566275498638700,AVUS,Daily
2022-03-07,-2.9985120293909091416670854200,AVUS,Daily
2022-03-08,-0.3465383506806366048508749700,AVUS,Daily
2022-03-09,2.3786244511185996807899704600,AVUS,Daily
2022-03-10,-0.0543586650730485112298457600,AVUS,Daily
2022-03-11,-1.1555170325194761795359134500,AVUS,Daily
2022-03-14,-0.8664501968887002404696260600,AVUS,Daily
2022-03-15,1.7203226661739292863291444400,AVUS,Daily
2022-03-16,2.3322186942780760625764727400,AVUS,Daily
2022-03-17,1.2928321022820820681771706600,AVUS,Daily
2022-03-18,1.0526092930882348923801484500,AVUS,Daily
2022-03-21,-0.039036506567878713249690500,AVUS,Daily
2022-03-22,0.9600808079169041480991681900,AVUS,Daily
2022-03-23,-1.2549964400113791058401492800,AVUS,Daily
2022-03-24,1.2578713601444480885612619900,AVUS,Daily
2022-03-25,0.6469621258314410358681010600,AVUS,Daily
2022-03-28,0.1285926280835545972995814300,AVUS,Daily
2022-03-29,1.348209405644747951434155600,AVUS,Daily
2022-03-30,-0.8488418362221305324167034100,AVUS,Daily
2022-03-31,-1.4822447559662540575289483400,AVUS,Daily
2022-04-01,0.1815798737963485850223188600,AVUS,Daily
2022-04-04,0.4919797477338964383234117200,AVUS,Daily
2022-04-05,-1.391401530635039499506214500,AVUS,Daily
2022-04-06,-1.0321259584804429077349938100,AVUS,Daily
2022-04-07,0.3696181960330717203064249200,AVUS,Daily
2022-04-08,0.0657762344514975496276310800,AVUS,Daily
2022-04-11,-1.2881272817248795790802251400,AVUS,Daily
2022-04-12,-0.1198247936285685024133813400,AVUS,Daily
2022-04-13,1.333150981511899008372267100,AVUS,Daily
2022-04-14,-0.9341020095286903246463444400,AVUS,Daily
2022-04-18,0.0531201269604028221304717800,AVUS,Daily
2022-04-19,1.6193311764052013048192325800,AVUS,Daily
2022-04-20,0.2481815009254580676024504200,AVUS,Daily
2022-04-21,-1.7850321924880957390676641100,AVUS,Daily
2022-04-22,-2.8787497389040934482333849300,AVUS,Daily
2022-04-25,0.3961153714652705487500180300,AVUS,Daily
2022-04-26,-2.6122377466762889362490838300,AVUS,Daily
2022-04-27,0.2514779336031152083916027300,AVUS,Daily
2022-04-28,2.299328444105987339210234800,AVUS,Daily
2022-04-29,-3.2693069438171287525366625400,AVUS,Daily
2022-05-02,0.7886250922057361443570089500,AVUS,Daily
2022-05-03,0.9221903517870240449584791600,AVUS,Daily
2022-05-04,2.9765898031032538088416864700,AVUS,Daily
2022-05-05,-3.3745583112636838437640001200,AVUS,Daily
2022-05-06,-0.6261362592107033277073108600,AVUS,Daily
2022-05-09,-3.4024049221460772571926843800,AVUS,Daily
2022-05-10,0.0724732711673718430988190300,AVUS,Daily
2022-05-11,-1.5208814764124152316955340200,AVUS,Daily
2022-05-12,0.1765093774698637605830640800,AVUS,Daily
2022-05-13,2.3785184198959315548438517400,AVUS,Daily
2022-05-16,-0.1720899802568612194962270700,AVUS,Daily
2022-05-17,2.3272493876422632200640679900,AVUS,Daily
2022-05-18,-3.9309173070492244270491430400,AVUS,Daily
2022-05-19,-0.4384283624514592847969042900,AVUS,Daily
2022-05-20,-0.220164316423984509183997200,AVUS,Daily
2022-05-23,1.941751416713796555421855900,AVUS,Daily
2022-05-24,-0.9668126179331245242343234800,AVUS,Daily
2022-05-25,1.4133717581163329109442906500,AVUS,Daily
2022-05-26,2.1695402897202211007083861100,AVUS,Daily
2022-05-27,2.3484857307564649776105931900,AVUS,Daily
2022-05-31,-0.7969254598973493897074877200,AVUS,Daily
2022-06-01,-0.56785921977640059323696100,AVUS,Daily
2022-06-02,1.7551092211835310980085104400,AVUS,Daily
2022-06-03,-1.2320159189947407629627729700,AVUS,Daily
2022-06-06,0.4573740919198822001303626600,AVUS,Daily
2022-06-07,1.089926467490232680369597800,AVUS,Daily
2022-06-08,-1.2146689351111291953718985800,AVUS,Daily
2022-06-09,-2.3348956894189419800103089200,AVUS,Daily
2022-06-10,-2.9000045103436237506494601900,AVUS,Daily
2022-06-13,-4.0937974402153372924846404200,AVUS,Daily
2022-06-14,-0.1671104809894726844261586200,AVUS,Daily
2022-06-15,1.0499258187463486268474235200,AVUS,Daily
2022-06-16,-3.8247500699500178869405070200,AVUS,Daily
2022-06-17,-0.0469697691674097874107404200,AVUS,Daily
2022-06-21,2.2854282484204709302438711200,AVUS,Daily
2022-06-22,-0.5382237806736904782853313700,AVUS,Daily
2022-06-23,0.432912231711087946802847300,AVUS,Daily
2022-06-24,3.1250014878163315733987009700,AVUS,Daily
2022-06-27,0.1791448660399289453074925200,AVUS,Daily
2022-06-28,-1.564595419720682903479619900,AVUS,Daily
2022-06-29,-0.6055197949151069081629611500,AVUS,Daily
2022-06-30,-0.9442648092770669305246815800,AVUS,Daily
2022-07-01,0.9993911814993990275071521500,AVUS,Daily
2022-07-05,-0.1978972980505939116056642900,AVUS,Daily
2022-07-06,0.0152530544634683055680567700,AVUS,Daily
2022-07-07,1.9185573377070954563521012700,AVUS,Daily
2022-07-08,-0.1616227622605836530076380900,AVUS,Daily
2022-07-11,-1.1390778166912910609585868300,AVUS,Daily
2022-07-12,-0.712561787082643163323581600,AVUS,Daily
2022-07-13,-0.4122727246252749468681361700,AVUS,Daily
2022-07-14,-0.6439680317450632674090687600,AVUS,Daily
2022-07-15,1.9598734325634169580573944400,AVUS,Daily
2022-07-18,-0.3329925546728181583846841800,AVUS,Daily
2022-07-19,2.8549931264306237593954828400,AVUS,Daily
2022-07-20,0.7234537526899298220940005900,AVUS,Daily
2022-07-21,0.5570160141348480461522373400,AVUS,Daily
2022-07-22,-1.0349904963193525234345977300,AVUS,Daily
2022-07-25,0.5450092348323023394351711400,AVUS,Daily
2022-07-26,-1.0840948674003410818807953300,AVUS,Daily
2022-07-27,2.4289171254673827922515647400,AVUS,Daily
2022-07-28,1.1278086213411621079557015400,AVUS,Daily
2022-07-29,1.5155997461766195059288100600,AVUS,Daily
2022-08-01,-0.3521237705397667831603787200,AVUS,Daily
2022-08-02,-0.7208411241099863379697197200,AVUS,Daily
2022-08-03,1.1816661006207522706171094200,AVUS,Daily
2022-08-04,-0.4080444372431862163662518700,AVUS,Daily
2022-08-05,0.2119076392055786663233187100,AVUS,Daily
2022-08-08,0.1691792596692341993257247200,AVUS,Daily
2022-08-09,-0.520740531370376539702457200,AVUS,Daily
2022-08-10,2.207109161034517512839433100,AVUS,Daily
2022-08-11,0.456820534219298687506127500,AVUS,Daily
2022-08-12,1.6673395499987356801571961500,AVUS,Daily
2022-08-15,0.1084573844360160117863917700,AVUS,Daily
2022-08-16,0.3655389288002356064423287600,AVUS,Daily
2022-08-17,-0.8093811446735419561907853200,AVUS,Daily
2022-08-18,0.5303906257557856111458582600,AVUS,Daily
2022-08-19,-1.2987027476779592065000267100,AVUS,Daily
2022-08-22,-1.9051352034169503480761002800,AVUS,Daily
2022-08-23,0.0558743873479299108458538200,AVUS,Daily
2022-08-24,0.3910030711592478056824148100,AVUS,Daily
2022-08-25,1.4327593854186130518598037700,AVUS,Daily
2022-08-26,-3.0581443564815279524759910800,AVUS,Daily
2022-08-29,-0.5800060872128134225521755400,AVUS,Daily
2022-08-30,-1.3801948182442536010981592800,AVUS,Daily
2022-08-31,-0.6925191893365223218037418600,AVUS,Daily
2022-09-01,-0.1598124547672339834070637400,AVUS,Daily
2022-09-02,-0.6257513982345385608497929600,AVUS,Daily
2022-09-06,-0.6443048014596190872429158900,AVUS,Daily
2022-09-07,1.6654374662121815740268880400,AVUS,Daily
2022-09-08,0.7973098694165779297203385100,AVUS,Daily
2022-09-09,1.7115048556788861518333379300,AVUS,Daily
2022-09-12,1.060539313512459208624724600,AVUS,Daily
2022-09-13,-4.0576644628943184562111674900,AVUS,Daily
2022-09-14,0.3645874208469433441672176800,AVUS,Daily
2022-09-15,-0.9444988049021481801496913200,AVUS,Daily
2022-09-16,-1.1441723037985480040764890700,AVUS,Daily
2022-09-19,0.9051699476846343232734078300,AVUS,Daily
2022-09-20,-1.2331141723306505212805697500,AVUS,Daily
2022-09-21,-1.6447350748542494566541314800,AVUS,Daily
2022-09-22,-1.1553665293448678026030744500,AVUS,Daily
2022-09-23,-2.1993208859618292817325397200,AVUS,Daily
2022-09-26,-1.2266051214263031963025069500,AVUS,Daily
2022-09-27,0.0955171656310801481202535600,AVUS,Daily
2022-09-28,2.3540703670537919268674858500,AVUS,Daily
2022-09-29,-1.8803557338358421015519084800,AVUS,Daily
2022-09-30,-1.2511836597719568887698002900,AVUS,Daily
2022-10-03,2.9190101265126666615076110600,AVUS,Daily
2022-10-04,3.4907182308421328135448749500,AVUS,Daily
2022-10-05,-0.1656066276041344615133474600,AVUS,Daily
2022-10-06,-0.7541693692901353327250140200,AVUS,Daily
2022-10-07,-2.4772038489591662408680830500,AVUS,Daily
2022-10-10,-0.6389315326741695553876112100,AVUS,Daily
2022-10-11,-0.517565341718713018108749100,AVUS,Daily
2022-10-12,-0.2837829854831100245765064100,AVUS,Daily
2022-10-13,2.6719607163035488127098742100,AVUS,Daily
2022-10-14,-2.4176248396633824204988053600,AVUS,Daily
2022-10-17,2.3512588490740295239405127700,AVUS,Daily
2022-10-18,1.1717548069313512589506739500,AVUS,Daily
2022-10-19,-0.8229047881951022772090886900,AVUS,Daily
2022-10-20,-0.9219497582654232875050616100,AVUS,Daily
2022-10-21,2.4813941214259956105331283700,AVUS,Daily
2022-10-24,1.1047259507829977628635346800,AVUS,Daily
2022-10-25,1.6015282328010425468456919100,AVUS,Daily
2022-10-26,-0.1767507771695526482747251800,AVUS,Daily
2022-10-27,-0.2509072111468797269518675100,AVUS,Daily
2022-10-28,2.2192817100293489241233939800,AVUS,Daily
2022-10-31,-0.4052747681204255214188643600,AVUS,Daily
2022-11-01,0.0290627978731641613928181800,AVUS,Daily
2022-11-02,-2.4988981568830703949110135800,AVUS,Daily
2022-11-03,-0.596056496946979195157754200,AVUS,Daily
2022-11-04,1.4090896709795239180525831400,AVUS,Daily
2022-11-07,1.0938532856874907811121909100,AVUS,Daily
2022-11-08,0.4825562526963376641857608200,AVUS,Daily
2022-11-09,-2.2555404789481145767057800300,AVUS,Daily
2022-11-10,5.2255426276972435784572647100,AVUS,Daily
2022-11-11,1.0186812206803253853878686700,AVUS,Daily
2022-11-14,-0.7983014275881712438661185200,AVUS,Daily
2022-11-15,0.8611934641593334004880067300,AVUS,Daily
2022-11-16,-1.1198156953535703061670694800,AVUS,Daily
2022-11-17,-0.3114379247392742842377531400,AVUS,Daily
2022-11-18,0.4828009276402146144735898400,AVUS,Daily
2022-11-21,-0.3956954877018701305182865200,AVUS,Daily
2022-11-22,1.5607247938940192851108456900,AVUS,Daily
2022-11-23,0.3772077647345662634186918700,AVUS,Daily
2022-11-25,0.0834994201191024069522268700,AVUS,Daily
2022-11-28,-1.6826571321092495818875768300,AVUS,Daily
2022-11-29,0.1414438863744277120242549900,AVUS,Daily
2022-11-30,2.6694860387865215916721512800,AVUS,Daily
2022-12-01,-0.1650972774625692412897416300,AVUS,Daily
2022-12-02,-0.0826710033577668304242872800,AVUS,Daily
2022-12-05,-2.247952043991765701939930400,AVUS,Daily
2022-12-06,-1.2274121121076466999712066200,AVUS,Daily
2022-12-07,-0.2285611556891961266457847600,AVUS,Daily
2022-12-08,0.5869754874756614901282063300,AVUS,Daily
2022-12-09,-0.9535985692514724640815199400,AVUS,Daily
2022-12-12,1.3938648467716404871372205800,AVUS,Daily
2022-12-13,0.666109720199872199117964400,AVUS,Daily
2022-12-14,-0.5068236263319350048236913700,AVUS,Daily
2022-12-15,-2.3568589237392481131357362700,AVUS,Daily
2022-12-16,-1.0481779511739950107592405700,AVUS,Daily
2022-12-19,-0.9710264705258848428909691500,AVUS,Daily
2022-12-20,0.3119959481518908624509308600,AVUS,Daily
2022-12-21,1.6883920417412951437331603500,AVUS,Daily
2022-12-22,-1.4710073884510001817308005700,AVUS,Daily
2022-12-23,0.7982149568512858812283455800,AVUS,Daily
2022-12-27,-0.3079545919463032935360707300,AVUS,Daily
2022-12-28,-1.471019760716323711837368400,AVUS,Daily
2022-12-29,1.8512944032596451843383605900,AVUS,Daily
2022-12-30,-0.3078341314800769899903725100,AVUS,Daily
2023-01-03,-0.632249772092867404554356100,AVUS,Daily
2023-01-04,0.9913888395755904313987835600,AVUS,Daily
2023-01-05,-0.776539179502551954322211200,AVUS,Daily
2023-01-06,2.3921850018372519238328923200,AVUS,Daily
2023-01-09,-0.0865256779060638568640388500,AVUS,Daily
2023-01-10,0.8227426683018167689815526400,AVUS,Daily
2023-01-11,1.1166941592570782752453302200,AVUS,Daily
2023-01-12,0.6371262516995217972125599900,AVUS,Daily
2023-01-13,0.3939307067260648996526221300,AVUS,Daily
2023-01-17,-0.2662632834488864142857920300,AVUS,Daily
2023-01-18,-1.5034579705629172592684595600,AVUS,Daily
2023-01-19,-0.7845893931152936765331236800,AVUS,Daily
2023-01-20,1.7685160301794684813098908400,AVUS,Daily
2023-01-23,1.1867723352883789782565601400,AVUS,Daily
2023-01-24,-0.1256495974318740467660210700,AVUS,Daily
2023-01-25,0.1258076742681303559517130500,AVUS,Daily
2023-01-26,1.0472179087346731676468980900,AVUS,Daily
2023-01-27,0.1243474090947858812737828900,AVUS,Daily
2023-01-30,-1.2282496575032388050734368900,AVUS,Daily
2023-01-31,1.6347425739859909804942908400,AVUS,Daily
2023-02-01,0.9485700782680247491667927600,AVUS,Daily
2023-02-02,1.1712065527557179072954741100,AVUS,Daily
2023-02-03,-0.7403517059204889146703425900,AVUS,Daily
2023-02-06,-0.8136830236624134264766696300,AVUS,Daily
2023-02-07,1.2168585176323766074556825800,AVUS,Daily
2023-02-08,-1.1481859305569551407261799400,AVUS,Daily
2023-02-09,-0.9565379743397356219416947200,AVUS,Daily
2023-02-10,0.482887994207994743769329300,AVUS,Daily
2023-02-13,1.0984337395380581199037321700,AVUS,Daily
2023-02-14,0.0543506396262519141043379600,AVUS,Daily
2023-02-15,0.2986274208165007463604783100,AVUS,Daily
2023-02-16,-1.1503612953496647747303060600,AVUS,Daily
2023-02-17,-0.4107405642439544591032124700,AVUS,Daily
2023-02-21,-2.103378530163837281294952200,AVUS,Daily
2023-02-22,-0.0280844899708808182933498900,AVUS,Daily
2023-02-23,0.4354534155998404892581458600,AVUS,Daily
2023-02-24,-0.7971972820656552569470161200,AVUS,Daily
2023-02-27,0.3665540005129047409110686600,AVUS,Daily
2023-02-28,-0.3090305301148299341601900100,AVUS,Daily
2023-03-01,-0.0140969310160417027249554800,AVUS,Daily
2023-03-02,0.6200787897684191425582120400,AVUS,Daily
2023-03-03,1.4565644155622589400777345800,AVUS,Daily
2023-03-06,-0.4279394296774266359319585500,AVUS,Daily
2023-03-07,-1.4279531075891664901601451300,AVUS,Daily
2023-03-08,0.0421703440433167334914745200,AVUS,Daily
2023-03-09,-2.1650530211495554153981866100,AVUS,Daily
2023-03-10,-1.8824379751746507535611161300,AVUS,Daily
2023-03-13,-1.2595142679596213090866422500,AVUS,Daily
2023-03-14,1.6612177938878547255588536600,AVUS,Daily
2023-03-15,-1.4735978276978660757604086200,AVUS,Daily
2023-03-16,1.7177570975970286397770511300,AVUS,Daily
2023-03-17,-1.6305039942490430940909869900,AVUS,Daily
2023-03-20,1.1543440198050019759327907600,AVUS,Daily
2023-03-21,1.6971640272932526542623915800,AVUS,Daily
2023-03-22,-1.9277978848869713871376640600,AVUS,Daily
2023-03-23,-0.0824641320001756916246213500,AVUS,Daily
2023-03-24,0.4863713111441113183876201400,AVUS,Daily
2023-03-27,0.674679770476295131937908200,AVUS,Daily
2023-03-28,0.0436905039446029325137433800,AVUS,Daily
2023-03-29,1.3252038666850483928589958500,AVUS,Daily
2023-03-30,0.3593004825297656580777285200,AVUS,Daily
2023-03-31,1.503647709075430206631840500,AVUS,Daily
2023-04-03,0.4232556055408842137191631300,AVUS,Daily
2023-04-04,-1.1098759610966358775373787800,AVUS,Daily
2023-04-05,-0.3267196891997970728276004100,AVUS,Daily
2023-04-06,0.1125764704585064516372411500,AVUS,Daily
2023-04-10,0.5566841445381663640805030400,AVUS,Daily
2023-04-11,0.4247392832960575489300519100,AVUS,Daily
2023-04-12,-0.4652515182601677075433950600,AVUS,Daily
2023-04-13,1.0764875870638660119796534500,AVUS,Daily
2023-04-14,-0.1821661220940972898331475300,AVUS,Daily
2023-04-17,0.350977482077053841366295500,AVUS,Daily
2023-04-18,0.0559537240343532225158127300,AVUS,Daily
2023-04-19,-0.0139912832739545928059753500,AVUS,Daily
2023-04-20,-0.5314015163377851674491303700,AVUS,Daily
2023-04-21,-0.1265118089614439519770332400,AVUS,Daily
2023-04-24,0.1689438501715947926891304200,AVUS,Daily
2023-04-25,-1.9252579236786239492793014500,AVUS,Daily
2023-04-26,-0.6591299467200011202102261200,AVUS,Daily
2023-04-27,1.7452769310259920210458094600,AVUS,Daily
2023-04-28,0.9214619399982567365299705700,AVUS,Daily
2023-05-01,-0.0140418409682864592754438700,AVUS,Daily
2023-05-02,-1.503245736837536394855960100,AVUS,Daily
2023-05-03,-0.6275763035969154776406975700,AVUS,Daily
2023-05-04,-1.0764944294087126850160876600,AVUS,Daily
2023-05-05,2.0603536782439891580855522200,AVUS,Daily
2023-05-08,0,AVUS,Daily
2023-05-09,-0.4264904553404289651709109500,AVUS,Daily
2023-05-10,0.1998716647178985569911117300,AVUS,Daily
2023-05-11,-0.2992239671594842422587094300,AVUS,Daily
2023-05-12,-0.1572116135824083608761601400,AVUS,Daily
2023-05-15,0.615512889036028217333854800,AVUS,Daily
2023-05-16,-1.0243197185564664771317715500,AVUS,Daily
2023-05-17,1.4805148894303451852172676300,AVUS,Daily
2023-05-18,0.9915180408528618141120675200,AVUS,Daily
2023-05-19,-0.3366269799571456636254403100,AVUS,Daily
2023-05-22,0.197017053227696016424916200,AVUS,Daily
2023-05-23,-0.8426924123369562964025193400,AVUS,Daily
2023-05-24,-0.793188478977354815695531900,AVUS,Daily
2023-05-25,0.2569903123576121498485193100,AVUS,Daily
2023-05-26,1.0823129915395506905745164200,AVUS,Daily
2023-05-30,-0.1690723151649075344096365900,AVUS,Daily
2023-05-31,-0.9031791129019861751966357500,AVUS,Daily
2023-06-01,0.9826333262637507126965596500,AVUS,Daily
2023-06-02,2.1294509810677186514840910300,AVUS,Daily
2023-06-05,-0.4418758780835271354604829900,AVUS,Daily
2023-06-06,0.7628361692493864343360141500,AVUS,Daily
2023-06-07,0.4817559220094022412537592100,AVUS,Daily
2023-06-08,0.2191825597728466582468658300,AVUS,Daily
2023-06-09,-0.0820102216404854993989766700,AVUS,Daily
2023-06-12,0.6566341944697232912060481700,AVUS,Daily
2023-06-13,0.869805461079487914503370700,AVUS,Daily
2023-06-14,-0.2559991792664941169564447500,AVUS,Daily
2023-06-15,1.2427303656275103563155580300,AVUS,Daily
2023-06-16,-0.4135954636514889137890054700,AVUS,Daily
2023-06-20,-0.7033129313620368402920885100,AVUS,Daily
2023-06-21,-0.2979234634334006938041506600,AVUS,Daily
2023-06-22,-0.0271799100652180082264344100,AVUS,Daily
2023-06-23,-0.788045856003770119187302300,AVUS,Daily
2023-06-26,-0.054764832060996606052659800,AVUS,Daily
2023-06-27,1.3291118747214572453634573900,AVUS,Daily
2023-06-28,0.0811484487233553793247686500,AVUS,Daily
2023-06-29,0.6485515845717953510603368900,AVUS,Daily
2023-06-30,0.9397371208552421979027396200,AVUS,Daily
2023-07-03,0.3058872848922326642515446100,AVUS,Daily
2023-07-05,-0.5038512637631580362857895900,AVUS,Daily
2023-07-06,-1.0261315944436658160620868800,AVUS,Daily
2023-07-07,0.2423554855733076867299993600,AVUS,Daily
2023-07-10,0.6178963679397891940674647100,AVUS,Daily
2023-07-11,0.8943935434485287089469410300,AVUS,Daily
2023-07-12,0.7144777931526069281198707100,AVUS,Daily
2023-07-13,0.7356698204699701194091138800,AVUS,Daily
2023-07-14,-0.4955588441739365515913287500,AVUS,Daily
2023-07-17,0.4849208903180510545321334900,AVUS,Daily
2023-07-18,0.9390892925195749977082639100,AVUS,Daily
2023-07-19,0.4005627745793212842121706300,AVUS,Daily
2023-07-20,-0.5405327795565521913297038500,AVUS,Daily
2023-07-21,-0.0776255072561148295821556100,AVUS,Daily
2023-07-24,0.4532438455829344958230250200,AVUS,Daily
2023-07-25,0.1933709205959380601170449700,AVUS,Daily
2023-07-26,0.2702098559850758869902442900,AVUS,Daily
2023-07-27,-0.6672817968742882947835830500,AVUS,Daily
2023-07-28,1.0076203343073833550642914900,AVUS,Daily
2023-07-31,0.3836752535298317886232115700,AVUS,Daily
2023-08-01,-0.3439750104177097836023632900,AVUS,Daily
2023-08-02,-1.240099971423399930814547200,AVUS,Daily
2023-08-03,-0.2071298785867327647775490500,AVUS,Daily
2023-08-04,-0.3372501359327883567597306900,AVUS,Daily
2023-08-07,0.7549024836223069274988423300,AVUS,Daily
2023-08-08,-0.3746232019553669876699521600,AVUS,Daily
2023-08-09,-0.5835109339094404076094318100,AVUS,Daily
2023-08-10,-0.0521708924780922596729451200,AVUS,Daily
2023-08-11,-0.0391485935292060022020091200,AVUS,Daily
2023-08-14,0.3524885708993496378660877100,AVUS,Daily
2023-08-15,-1.3269227014158732537747912400,AVUS,Daily
2023-08-16,-0.7646694348032696708267158400,AVUS,Daily
2023-08-17,-0.755955923478208379745474400,AVUS,Daily
2023-08-18,0.1860806362095051281466444700,AVUS,Daily
2023-08-21,0.2939697777440499340726055100,AVUS,Daily
2023-08-22,-0.4263194425959762589577143600,AVUS,Daily
2023-08-23,0.9499596375370769489424681900,AVUS,Daily
2023-08-24,-1.2326133634644796315010273600,AVUS,Daily
2023-08-25,0.5501935415032952819206023900,AVUS,Daily
2023-08-28,0.7206757257006268775703976800,AVUS,Daily
2023-08-29,1.3912745499868977148270834300,AVUS,Daily
2023-08-30,0.4051302448607889138488221500,AVUS,Daily
2023-08-31,-0.1041244804996285417239782500,AVUS,Daily
2023-09-01,0.5863106957765015870163300100,AVUS,Daily
2023-09-05,-0.8549230625733214398787182900,AVUS,Daily
2023-09-06,-0.5748677645137050674623255200,AVUS,Daily
2023-09-07,-0.4599145366577606813185407300,AVUS,Daily
2023-09-08,0.1848158094367455708604753100,AVUS,Daily
2023-09-11,0.4216568473399616350000841900,AVUS,Daily
2023-09-12,-0.2361860818421769149264333900,AVUS,Daily
2023-09-13,-0.1841351875620442474027787800,AVUS,Daily
2023-09-14,1.0409787057411990225130438100,AVUS,Daily
2023-09-15,-1.1867462477632861365601354500,AVUS,Daily
2023-09-18,0.0131976447691951444446080400,AVUS,Daily
2023-09-19,-0.2111478348012102757809940400,AVUS,Daily
2023-09-20,-0.8198905641302538719587717100,AVUS,Daily
2023-09-21,-1.5562048738719904758633615300,AVUS,Daily
2023-09-22,-0.2582546785909879680325185800,AVUS,Daily
2023-09-25,0.5178604923523891708585689800,AVUS,Daily
2023-09-26,-1.4099666727178689720605713900,AVUS,Daily
2023-09-27,0.4537853009360589912553151700,AVUS,Daily
2023-09-28,0.6981465761960045198440410300,AVUS,Daily
2023-09-29,-0.4078288410247843326463374100,AVUS,Daily
2023-10-02,-0.5186949226330423094601059300,AVUS,Daily
2023-10-03,-1.34468130186504072661460900,AVUS,Daily
2023-10-04,0.4033439727012998731793335300,AVUS,Daily
2023-10-05,-0.0969697071506444768843368500,AVUS,Daily
2023-10-06,1.1231211310913788626731073200,AVUS,Daily
2023-10-09,0.7952811627153877821877693800,AVUS,Daily
2023-10-10,0.680181675058557185053902300,AVUS,Daily
2023-10-11,0.3242820468670782240830044100,AVUS,Daily
2023-10-12,-0.888882900304220101174415900,AVUS,Daily
2023-10-13,-0.4484343112739722848232828200,AVUS,Daily
2023-10-16,1.1465996666182945004157615300,AVUS,Daily
2023-10-17,0.5263302170114868538823689500,AVUS,Daily
2023-10-18,-1.5169862904422727688357525700,AVUS,Daily
2023-10-19,-1.0223654143599526341861494100,AVUS,Daily
2023-10-20,-1.2808161638340170699404372500,AVUS,Daily
2023-10-23,-0.4464259909169616640403688100,AVUS,Daily
2023-10-24,0.574551331362790270849595600,AVUS,Daily
2023-10-25,-1.3236726417284822231549920300,AVUS,Daily
2023-10-26,-0.7483838598747328194276717100,AVUS,Daily
2023-10-27,-0.7255600100927976674423168600,AVUS,Daily
2023-10-30,1.0461566267520484102147012800,AVUS,Daily
2023-10-31,0.6240159054615688240570106200,AVUS,Daily
2023-11-01,0.8315760462000935795458187200,AVUS,Daily
2023-11-02,2.012869345294094713092592500,AVUS,Daily
2023-11-03,1.2880173234840497493506324500,AVUS,Daily
2023-11-06,-0.2435110431683887339640486300,AVUS,Daily
2023-11-07,-0.0949314265368900481111976300,AVUS,Daily
2023-11-08,-0.176462866048305886526311200,AVUS,Daily
2023-11-09,-0.8566652306461886023947874500,AVUS,Daily
2023-11-10,1.508694383631231448504895900,AVUS,Daily
2023-11-13,-0.1215938198387861209086342300,AVUS,Daily
2023-11-14,2.5027007414427304735231640400,AVUS,Daily
2023-11-15,0.3035588676133897735872308900,AVUS,Daily
2023-11-16,-0.3421190290728705952623781300,AVUS,Daily
2023-11-17,0.4885150984962413037494364400,AVUS,Daily
2023-11-20,0.6306691242996290447177842600,AVUS,Daily
2023-11-21,-0.3264209517415802684940645500,AVUS,Daily
2023-11-22,0.3798851620803203547730544600,AVUS,Daily
2023-11-24,0.2348729800066518770979986100,AVUS,Daily
2023-11-27,-0.1692227698959770713803799500,AVUS,Daily
2023-11-28,-0.0912916443171050255872278700,AVUS,Daily
2023-11-29,0.1305395719183209571811472700,AVUS,Daily
2023-11-30,0.4562533371256737980320493200,AVUS,Daily
2023-12-01,1.2328185431477965927432786200,AVUS,Daily
2023-12-04,-0.1794833496321400983161987500,AVUS,Daily
2023-12-05,-0.4880005564838938922258888600,AVUS,Daily
2023-12-06,-0.361310451685665514811641900,AVUS,Daily
2023-12-07,0.7511960394837004608246677800,AVUS,Daily
2023-12-08,0.514198629730348735561912800,AVUS,Daily
2023-12-11,0.4732079734373848903800992300,AVUS,Daily
2023-12-12,0.1400086932997916206520798100,AVUS,Daily
2023-12-13,1.7160355965499961655491094200,AVUS,Daily
2023-12-14,1.2496913784883702574108628500,AVUS,Daily
2023-12-15,-0.3208964094701548377874699600,AVUS,Daily
2023-12-18,0.4265280794523983101049089400,AVUS,Daily
2023-12-19,0.9410400832935854668841709800,AVUS,Daily
2023-12-20,-1.5210998193828205313048381500,AVUS,Daily
2023-12-21,1.1210739286071523208027790800,AVUS,Daily
2023-12-22,0.3079583762843788101234064700,AVUS,Daily
2023-12-26,0.5772000779024854649582163900,AVUS,Daily
2023-12-27,0.1220930261131881109873156900,AVUS,Daily
2023-12-28,-0.0853743974735952340543340500,AVUS,Daily
2023-12-29,-0.4638008827471279275880094200,AVUS,Daily
2024-01-02,-0.5150236411374300446169553300,AVUS,Daily
2024-01-03,-1.1463150473633265511966973400,AVUS,Daily
2024-01-04,-0.261833972067027890813677800,AVUS,Daily
2024-01-05,0.2000108691987538664910150500,AVUS,Daily
2024-01-08,1.21023728033022610137618900,AVUS,Daily
2024-01-09,-0.4807624319562872874335627200,AVUS,Daily
2024-01-10,0.3592099624486108379247341800,AVUS,Daily
2024-01-11,-0.1110859395803773344938733800,AVUS,Daily
2024-01-12,0.0123718057116710268474400900,AVUS,Daily
2024-01-16,-0.6177429531390350563655633900,AVUS,Daily
2024-01-17,-0.6340173937584276388650335600,AVUS,Daily
2024-01-18,0.8132084367511193670485282500,AVUS,Daily
2024-01-19,1.2410056871518272602404261200,AVUS,Daily
2024-01-22,0.5516046169549436757400172100,AVUS,Daily
2024-01-23,0.097524544903857972858489800,AVUS,Daily
2024-01-24,0,AVUS,Daily
2024-01-25,0.7550849634498337202735772100,AVUS,Daily
2024-01-26,0,AVUS,Daily
2024-01-29,0.78568538016290984566173200,AVUS,Daily
2024-01-30,0,AVUS,Daily
2024-01-31,-1.7749923937517854015791307500,AVUS,Daily
2024-02-01,1.0500467140671512872293422300,AVUS,Daily
2024-02-02,0.7733266799102857883515974200,AVUS,Daily
2024-02-05,-0.6714697103827622283416902600,AVUS,Daily
2024-02-06,0.3621471940728992960401774100,AVUS,Daily
2024-02-07,0.6735574885855304843162774200,AVUS,Daily
2024-02-08,0.3703765597214920235049113600,AVUS,Daily
2024-02-09,0.5713561551587711314936064400,AVUS,Daily
2024-02-12,0.3669134512064779333841337400,AVUS,Daily
2024-02-13,-1.7099073046191052282140935200,AVUS,Daily
2024-02-14,1.0317917365389467787520659900,AVUS,Daily
2024-02-15,1.0924984402695223825057809500,AVUS,Daily
2024-02-16,-0.5873384636006892787089334100,AVUS,Daily
2024-02-20,-0.6498798478508757849127901100,AVUS,Daily
2024-02-21,0.2021898353590215993893373900,AVUS,Daily
2024-02-22,1.6023705485924718432259870800,AVUS,Daily
2024-02-23,0.0934572297983968852292317800,AVUS,Daily
2024-02-26,-0.1867399376241629734635501800,AVUS,Daily
2024-02-27,0.3975824296076478343824258400,AVUS,Daily
2024-02-28,-0.2445969506366552732383511100,AVUS,Daily
2024-02-29,0.5137146840980720984020036800,AVUS,Daily
2024-03-01,0.8363393790883478805258847200,AVUS,Daily
2024-03-04,-0.1151990133085114891831395400,AVUS,Daily
2024-03-05,-0.6227549857999515369382300200,AVUS,Daily
2024-03-06,0.4641950857213591632109921400,AVUS,Daily
2024-03-07,0.9356430809860792099463440500,AVUS,Daily
2024-03-08,-0.5378620693864526012866079900,AVUS,Daily
2024-03-11,-0.1495817638768666169257225100,AVUS,Daily
2024-03-12,0.7374914321700952094481465300,AVUS,Daily
2024-03-13,0.1487206399039347544595760100,AVUS,Daily
2024-03-14,-0.4568897178722370792252126900,AVUS,Daily
2024-03-15,-0.3671917343352041048435685400,AVUS,Daily
2024-03-18,0.3339978910153987861807387500,AVUS,Daily
2024-03-19,0.6427981279375144453722080800,AVUS,Daily
2024-03-20,1.174714240397517900287240100,AVUS,Daily
2024-03-21,0.6580135450423021671523195600,AVUS,Daily
2024-03-22,-0.4380506200843127143428981500,AVUS,Daily
2024-03-25,-0.1805029021158580294362235700,AVUS,Daily
2024-03-26,-0.2486502153237385435275083500,AVUS,Daily
2024-03-27,1.2236602816041949389818169700,AVUS,Daily
2024-03-28,0.1790886211849474368664039500,AVUS,Daily
2024-04-01,-0.2569929836711646697816719900,AVUS,Daily
2024-04-02,-0.8065252105298176397283207800,AVUS,Daily
2024-04-03,0.3162096179254641312036507500,AVUS,Daily
2024-04-04,-1.170787486676472737552970800,AVUS,Daily
2024-04-05,1.0023953030620085094458414500,AVUS,Daily
2024-04-08,0.033832136705367689132676400,AVUS,Daily
2024-04-09,0.0563640536466343714853766200,AVUS,Daily
2024-04-10,-1.2506946859296084752361706100,AVUS,Daily
2024-04-11,0.4678256929435537649235709200,AVUS,Daily
2024-04-12,-1.4537333596476554804969395900,AVUS,Daily
2024-04-15,-1.0948412632798038290883942700,AVUS,Daily
2024-04-16,-0.407835634932335058631414200,AVUS,Daily
2024-04-17,-0.596691602086020036141215100,AVUS,Daily
2024-04-18,-0.1647855597117374578928256200,AVUS,Daily
2024-04-19,-0.2711609067448495810455166800,AVUS,Daily
2024-04-22,0.8393451053878279422001668300,AVUS,Daily
2024-04-23,1.1840463672491546852730983800,AVUS,Daily
2024-04-24,-0.046346835913020461773508700,AVUS,Daily
2024-04-25,-0.4752433610256250420129366100,AVUS,Daily
2024-04-26,0.7221117691037218273461562800,AVUS,Daily
2024-04-29,0.4278451330092764361259167300,AVUS,Daily
2024-04-30,-1.8422656564797734657740350700,AVUS,Daily
2024-05-01,-0.2463375081603492294052910500,AVUS,Daily
2024-05-02,1.0818376894242390349728431600,AVUS,Daily
2024-05-03,1.1284432453075781393344541400,AVUS,Daily
2024-05-06,1.046821304602493558355671100,AVUS,Daily
2024-05-07,0.1707590783578573447819966200,AVUS,Daily
2024-05-08,0,AVUS,Daily
2024-05-09,0.7046314271135322506620600400,AVUS,Daily
2024-05-10,0.0112887890775247682486332600,AVUS,Daily
2024-05-13,-0.045138737935831666811581600,AVUS,Daily
2024-05-14,0.5418754865479164111104352900,AVUS,Daily
2024-05-15,1.0105533388714761088170702800,AVUS,Daily
2024-05-16,-0.3557087212430956941667851700,AVUS,Daily
2024-05-17,0.2119552996715739368293291400,AVUS,Daily
2024-05-20,0.066790508331613310209074400,AVUS,Daily
2024-05-21,0.0556402095331044178661215100,AVUS,Daily
2024-05-22,-0.5003495519410088848774359500,AVUS,Daily
2024-05-23,-0.9721642965733428406140268300,AVUS,Daily
2024-05-24,0.8350157051560733849230501700,AVUS,Daily
2024-05-28,-0.0895186595262820294743526700,AVUS,Daily
2024-05-29,-0.9408611515359243921762534300,AVUS,Daily
2024-05-30,-0.0452306097442411518683236800,AVUS,Daily
2024-05-31,0.9389229630773002347108788700,AVUS,Daily
2024-06-03,-0.3137998510608847945936652900,AVUS,Daily
2024-06-04,-0.51715275762354496151949900,AVUS,Daily
2024-06-05,1.1074728367164372021619513300,AVUS,Daily
2024-06-06,-0.1005888766644683642375929500,AVUS,Daily
2024-06-07,-0.3356450910965315551398734500,AVUS,Daily
2024-06-10,0.4378047209159625779513383600,AVUS,Daily
2024-06-11,-0.067059251109645576158395300,AVUS,Daily
2024-06-12,0.861201141400663209937443800,AVUS,Daily
2024-06-13,-0.1996049732912502574193227500,AVUS,Daily
2024-06-14,-0.4555582905031619858930213400,AVUS,Daily
2024-06-17,0.8483056117584885155822079500,AVUS,Daily
2024-06-18,0.3099099675342990868827285900,AVUS,Daily
2024-06-20,-0.1986138983897450975877173600,AVUS,Daily
2024-06-21,-0.1216062316344141531328939900,AVUS,Daily
2024-06-24,0.2087914528775460340729881600,AVUS,Daily
2024-06-25,-0.0554139421478443976504488500,AVUS,Daily
2024-06-26,-0.0110889332446218673763583900,AVUS,Daily
2024-06-27,0.1663524453809470999223688600,AVUS,Daily
2024-06-28,-0.1439326837909654561558901700,AVUS,Daily
2024-07-01,0.0221754074731123184388513100,AVUS,Daily
2024-07-02,0.4544950670657355060414588200,AVUS,Daily
2024-07-03,0.3089825645552858088722136400,AVUS,Daily
2024-07-05,0.099009900990099009900990100,AVUS,Daily
2024-07-08,0.2198043741070447301901307800,AVUS,Daily
2024-07-09,-0.076762802938918741090031800,AVUS,Daily
2024-07-10,0.9438103599648814749780509200,AVUS,Daily
2024-07-11,0.2283105022831050228310502300,AVUS,Daily
2024-07-12,0.6074411541381928625664388800,AVUS,Daily
2024-07-15,0.5390835579514824797843665800,AVUS,Daily
2024-07-16,1.3083109919571045576407506700,AVUS,Daily
2024-07-17,-1.2914152641050068804911612200,AVUS,Daily
2024-07-18,-0.9008042895442359249329758700,AVUS,Daily
2024-07-19,-0.7142084190022724813331890500,AVUS,Daily
2024-07-22,1.0572207084468664850136239800,AVUS,Daily
2024-07-23,-0.1617773943054357204486626400,AVUS,Daily
2024-07-24,-2.1173166252565626012747110300,AVUS,Daily
2024-07-25,0.0220726189162344112128904100,AVUS,Daily
2024-07-26,1.2578616352201257861635220100,AVUS,Daily
