2019-05-09,0.0559735223187101389067034300,DBMF,Daily
2019-05-10,0.0160022392196945016120095800,DBMF,Daily
2019-05-13,-0.7313482758814901705048489300,DBMF,Daily
2019-05-14,0.5716664080476722665528412600,DBMF,Daily
2019-05-15,1.2489059530395061863631633400,DBMF,Daily
2019-05-16,1.0753371051401055202866786600,DBMF,Daily
2019-05-17,0.3129243108402538760301872500,DBMF,Daily
2019-05-20,-0.6433700494457210273668090100,DBMF,Daily
2019-05-21,0.1098987783171525380114936700,DBMF,Daily
2019-05-22,0.0626935807791608425592433700,DBMF,Daily
2019-05-23,-0.5484824370421573706850455500,DBMF,Daily
2019-05-24,0.2087974797044074071818204700,DBMF,Daily
2019-05-28,0.6250549992458783107932348900,DBMF,Daily
2019-05-29,-0.4024029247512036566980637400,DBMF,Daily
2019-05-30,0.2078993821949121113090372600,DBMF,Daily
2019-05-31,-0.7867889722714999325685965900,DBMF,Daily
2019-06-03,-0.3511296687322115193075161300,DBMF,Daily
2019-06-04,0.1662776669639219231196167200,DBMF,Daily
2019-06-05,0.3794570519085997429037853500,DBMF,Daily
2019-06-06,-0.137819848299566330038315200,DBMF,Daily
2019-06-07,0.7728811188984748537524528400,DBMF,Daily
2019-06-10,-0.5047596550355713245802253900,DBMF,Daily
2019-06-11,-0.2045296141747503434298036400,DBMF,Daily
2019-06-12,0.4374412244299308928710086500,DBMF,Daily
2019-06-13,0.5924812323944644985859736400,DBMF,Daily
2019-06-14,0.4719746126845525503798687900,DBMF,Daily
2019-06-17,-0.0310650185845623750035391700,DBMF,Daily
2019-06-18,0.7611700506690380056309558600,DBMF,Daily
2019-06-19,0.3545958848841691236740690100,DBMF,Daily
2019-06-20,-0.1728406129564720272883330500,DBMF,Daily
2019-06-21,-1.6081146383755562784850906300,DBMF,Daily
2019-06-24,0.2580613751110811506321928600,DBMF,Daily
2019-06-25,0.155991147054154254176666700,DBMF,Daily
2019-06-26,-1.0552483576829302015045535500,DBMF,Daily
2019-06-27,0.6107093432126952672758700500,DBMF,Daily
2019-06-28,0.469960762921954068678561300,DBMF,Daily
2019-07-01,0.4092708466011549910102434400,DBMF,Daily
2019-07-02,0.9122674401362127534299491200,DBMF,Daily
2019-07-03,0.9155656731876324215197127300,DBMF,Daily
2019-07-05,-0.9873066453720626165970481600,DBMF,Daily
2019-07-08,-0.2117563305250867716880549600,DBMF,Daily
2019-07-09,-0.1118845204531062072471050800,DBMF,Daily
2019-07-10,-0.1545037970328239671817866600,DBMF,Daily
2019-07-11,-0.8355766618827083964018909800,DBMF,Daily
2019-07-12,0.2574566460921717185180477700,DBMF,Daily
2019-07-15,0.5252848122234024144627400800,DBMF,Daily
2019-07-16,-0.0387015717884797228044885600,DBMF,Daily
2019-07-17,0.3872290615061385797617936900,DBMF,Daily
2019-07-18,0,DBMF,Daily
2019-07-19,-0.0617201915012856703881355500,DBMF,Daily
2019-07-22,0.2161435312048519623059100900,DBMF,Daily
2019-07-23,0.620067142315528248728376800,DBMF,Daily
2019-07-24,0.8497242756199679084420759100,DBMF,Daily
2019-07-25,-0.8805335880631103534873607500,DBMF,Daily
2019-07-26,0.7083800428630472576765766700,DBMF,Daily
2019-07-29,-0.1406784240774035313802313400,DBMF,Daily
2019-07-30,-0.6320428221591675141135485300,DBMF,Daily
2019-07-31,0.4521402944606804836850148800,DBMF,Daily
2019-08-01,0.8010570103175279637772218900,DBMF,Daily
2019-08-02,-0.7530693806553318210988822100,DBMF,Daily
2019-08-05,-1.4717578579307116929444031400,DBMF,Daily
2019-08-06,1.5672770744429241016085452900,DBMF,Daily
2019-08-07,0.3200523714488331996744280500,DBMF,Daily
2019-08-08,1.0026512755412811112487757500,DBMF,Daily
2019-08-09,-0.8648496144969497389124512600,DBMF,Daily
2019-08-12,1.4261898959700734535332286300,DBMF,Daily
2019-08-13,0.4936567701401336544988324300,DBMF,Daily
2019-08-14,1.4178120290346925445401934200,DBMF,Daily
2019-08-15,1.7282573728692652919071760300,DBMF,Daily
2019-08-16,-0.2813492380391820493329823500,DBMF,Daily
2019-08-19,-0.8283459587658078261499748900,DBMF,Daily
2019-08-20,0.4486375728010443253044611200,DBMF,Daily
2019-08-21,-0.163389903044902969473158500,DBMF,Daily
2019-08-22,-0.5419156796818253507920342400,DBMF,Daily
2019-08-23,0.2925399196920821810528988200,DBMF,Daily
2019-08-26,0.5615172986335801137844414200,DBMF,Daily
2019-08-27,1.3125472796598134016211924700,DBMF,Daily
2019-08-28,0.3650221967537626681728621500,DBMF,Daily
2019-08-29,-0.0249366933525510427358491200,DBMF,Daily
2019-08-30,0.5029041165068515019245819300,DBMF,Daily
2019-09-03,0.4684398570861452957522826500,DBMF,Daily
2019-09-04,0.1978073627110697489760602600,DBMF,Daily
2019-09-05,-1.9213201196613555308735634500,DBMF,Daily
2019-09-06,0.4672936678824443458478133500,DBMF,Daily
2019-09-09,-1.7387611274404679306850340400,DBMF,Daily
2019-09-10,-1.4309195499989351277856609300,DBMF,Daily
2019-09-11,0.4210968225853368002194586200,DBMF,Daily
2019-09-12,-0.7650903672602673616138217300,DBMF,Daily
2019-09-13,-1.9349069833804686704896720400,DBMF,Daily
2019-09-16,1.4136623601477362066579443500,DBMF,Daily
2019-09-17,0.1043670549949026252167797800,DBMF,Daily
2019-09-18,0.5733719998149821981427693200,DBMF,Daily
2019-09-19,0.0703420715256883143468430300,DBMF,Daily
2019-09-20,1.0580347207047403308581848400,DBMF,Daily
2019-09-23,0.3111815222044093229481751400,DBMF,Daily
2019-09-24,0.7189251025837084706988869100,DBMF,Daily
2019-09-25,-0.4492987818329645256840809500,DBMF,Daily
2019-09-26,0.5896250347698504508440866200,DBMF,Daily
2019-09-27,-0.1159717854076913643250770400,DBMF,Daily
2019-09-30,0.5152705806727836255665461400,DBMF,Daily
2019-10-01,-0.0433290288337768028486336800,DBMF,Daily
2019-10-02,0.1444762781728126491051118600,DBMF,Daily
2019-10-03,0.5842454100363282376900336500,DBMF,Daily
2019-10-04,0.3728931843273816951893320700,DBMF,Daily
2019-10-07,-0.4608136142445509792880239300,DBMF,Daily
2019-10-08,-0.0394737041821415223855121800,DBMF,Daily
2019-10-09,-0.2261939988129701017272965100,DBMF,Daily
2019-10-10,-0.9355417089153273509851649600,DBMF,Daily
2019-10-11,-0.5884260290083952473762590900,DBMF,Daily
2019-10-14,0.4603747553797999509376262300,DBMF,Daily
2019-10-15,-0.4509855362584481323958762300,DBMF,Daily
2019-10-16,-0.1863406422384284918595413400,DBMF,Daily
2019-10-17,-0.3953104291528731918872619700,DBMF,Daily
2019-10-18,-0.3197225584924220754917058600,DBMF,Daily
2019-10-21,-0.2764955031191062813887356500,DBMF,Daily
2019-10-22,0.2698729696542961859120418700,DBMF,Daily
2019-10-23,0.1401166033723257057352132700,DBMF,Daily
2019-10-24,0.3018978661852187437178912300,DBMF,Daily
2019-10-25,-0.0770789931222861656403573600,DBMF,Daily
2019-10-28,-0.5032869169458806934651989400,DBMF,Daily
2019-10-29,0,DBMF,Daily
2019-10-30,0.5021252751231638012820661400,DBMF,Daily
2019-10-31,0.6098327460817875168532004800,DBMF,Daily
2019-11-01,-0.1898784120575257609932202700,DBMF,Daily
2019-11-04,-0.1097365509212085475120184400,DBMF,Daily
2019-11-05,-0.2930005794654956703479406200,DBMF,Daily
2019-11-06,0.3305848987844025387188297900,DBMF,Daily
2019-11-07,-0.68826112545383881870867100,DBMF,Daily
2019-11-08,-0.0626722436799033134409355200,DBMF,Daily
2019-11-11,-0.0368790796978653213049557700,DBMF,Daily
2019-11-12,0.3320945822124897850356662900,DBMF,Daily
2019-11-13,0.1507954747307689605790160900,DBMF,Daily
2019-11-14,0.1432183685060477882895322800,DBMF,Daily
2019-11-15,-0.036667702808193693125098400,DBMF,Daily
2019-11-18,0.0366811529443419434194341900,DBMF,Daily
2019-11-19,0.1833435171386363867188369700,DBMF,Daily
2019-11-20,0.1281145777999420003622605200,DBMF,Daily
2019-11-21,-0.1864247118828471958262969400,DBMF,Daily
2019-11-22,0.4101828358710506447982437400,DBMF,Daily
2019-11-25,0.6528959208847220702330030800,DBMF,Daily
2019-11-26,0.2174348990676473799040276400,DBMF,Daily
2019-11-27,0.1265626570994625403839662600,DBMF,Daily
2019-11-29,-0.375586535232319983349967600,DBMF,Daily
2019-12-02,-1.4173883682706200122665409200,DBMF,Daily
2019-12-03,0.522168559273922716926063600,DBMF,Daily
2019-12-04,0.1024169317881574065543442600,DBMF,Daily
2019-12-05,-0.4385198028423342445750406300,DBMF,Daily
2019-12-06,0.5505603303311905099089141500,DBMF,Daily
2019-12-09,-0.1277439105623296903492588200,DBMF,Daily
2019-12-10,-0.4568809018437351725389749500,DBMF,Daily
2019-12-11,0.3084315751696576549281423400,DBMF,Daily
2019-12-12,0,DBMF,Daily
2019-12-13,0.9663529408121933327150608200,DBMF,Daily
2019-12-16,0.0797495933008165244441678900,DBMF,Daily
2019-12-17,-0.1847363984873539735821711200,DBMF,Daily
2019-12-18,-0.1596918088218051140991066600,DBMF,Daily
2019-12-19,0.1635775490644616950657189200,DBMF,Daily
2019-12-20,0.6677639520653768463340296300,DBMF,Daily
2019-12-23,-0.0685000467012237688030218100,DBMF,Daily
2019-12-24,0.0937814723366312872198602100,DBMF,Daily
2019-12-26,0.4577287143805472918152091100,DBMF,Daily
2019-12-27,-0.1602528803080003677020180400,DBMF,Daily
2019-12-30,-0.9083119562548074219510495900,DBMF,Daily
2019-12-31,0.0632310784213802186667247200,DBMF,Daily
2020-01-02,1.3187908047522888239726745400,DBMF,Daily
2020-01-03,-0.218236454823726444442134500,DBMF,Daily
2020-01-06,0.199189508468941021183332500,DBMF,Daily
2020-01-07,-0.1559226214954445691029250900,DBMF,Daily
2020-01-08,0.031219535470325039558514900,DBMF,Daily
2020-01-09,0.3668690024942908708621795400,DBMF,Daily
2020-01-10,-0.0077617544564595278068018500,DBMF,Daily
2020-01-13,0.3499926953981008035062089100,DBMF,Daily
2020-01-14,0.0348670111051794326271077300,DBMF,Daily
2020-01-15,0.1626948136747081699981798800,DBMF,Daily
2020-01-16,0.5453274604295299491069032100,DBMF,Daily
2020-01-17,0.4115906255390424876148779200,DBMF,Daily
2020-01-21,-0.2988059180534555958421613200,DBMF,Daily
2020-01-22,0.1536999569366824886267132100,DBMF,Daily
2020-01-23,0.2647188168468819128857848500,DBMF,Daily
2020-01-24,-0.5089074495759447975975156400,DBMF,Daily
2020-01-27,-1.2806715023970360502952559900,DBMF,Daily
2020-01-28,0.4363198756733740964600709600,DBMF,Daily
2020-01-29,0.6089752027691094421320067700,DBMF,Daily
2020-01-30,-0.1272143258683548498542659700,DBMF,Daily
2020-01-31,-1.2545967882979645981679266200,DBMF,Daily
2020-02-03,0.4925787397787586163951764100,DBMF,Daily
2020-02-04,0.3695620541323183460720677900,DBMF,Daily
2020-02-05,0.2092879163201669760451461200,DBMF,Daily
2020-02-06,0.5801578404783890187314786600,DBMF,Daily
2020-02-07,0.1922801054521305603585453300,DBMF,Daily
2020-02-10,0.9441516594638725794894280400,DBMF,Daily
2020-02-11,0.0380327452985899031155331800,DBMF,Daily
2020-02-12,0.3382428070097951819580483400,DBMF,Daily
2020-02-13,-0.1553030285062951777368476700,DBMF,Daily
2020-02-14,0.3642121728787826313588372100,DBMF,Daily
2020-02-18,0.4535989014070999846491986900,DBMF,Daily
2020-02-19,0.7149595509514762206339153800,DBMF,Daily
2020-02-20,0.1793390100548403730285095700,DBMF,Daily
2020-02-21,-0.0857750612302047402046850900,DBMF,Daily
2020-02-24,-1.6946540464811382473478333500,DBMF,Daily
2020-02-25,-1.803616933877364395173256200,DBMF,Daily
2020-02-26,-0.0580197456951256537632211400,DBMF,Daily
2020-02-27,-2.6038818179104951993274290900,DBMF,Daily
2020-02-28,-0.5323105054741086002774724300,DBMF,Daily
2020-03-02,2.0448187214803014187775638400,DBMF,Daily
2020-03-03,0.696641586007787870987877100,DBMF,Daily
2020-03-04,1.4147448048612834532396510300,DBMF,Daily
2020-03-05,-0.4407334984094288701437908900,DBMF,Daily
2020-03-06,0.8738097143314395454909178200,DBMF,Daily
2020-03-09,-3.018508964703350216082237600,DBMF,Daily
2020-03-10,0.9955047221851297609269052900,DBMF,Daily
2020-03-11,-1.5194375045617179459057337300,DBMF,Daily
2020-03-12,-3.9047511472497464730399405900,DBMF,Daily
2020-03-13,2.6965857225586966923367252800,DBMF,Daily
2020-03-16,-0.2605859758269346471818296100,DBMF,Daily
2020-03-17,-2.2909830364065262895534149100,DBMF,Daily
2020-03-18,-1.2052633338482798579654200100,DBMF,Daily
2020-03-19,1.3490559825175826048862401400,DBMF,Daily
2020-03-20,1.5118344036975010053876016800,DBMF,Daily
2020-03-23,1.1696187099260456959389699100,DBMF,Daily
2020-03-24,1.2681172216066491707998059800,DBMF,Daily
2020-03-25,-0.6399520844718943452316174400,DBMF,Daily
2020-03-26,0.5128594220332102538428611200,DBMF,Daily
2020-03-27,0.2966583156753950870811254700,DBMF,Daily
2020-03-30,0.5600047765055190318706799700,DBMF,Daily
2020-03-31,-0.592191266803123328269615500,DBMF,Daily
2020-04-01,0.1183583141602547267739963800,DBMF,Daily
2020-04-02,0.1221461765147946682014629300,DBMF,Daily
2020-04-03,-0.6139531555344051315099240900,DBMF,Daily
2020-04-06,1.3146940297363972071690153100,DBMF,Daily
2020-04-07,-0.7113538163698107936285431900,DBMF,Daily
2020-04-08,-0.0826586223053562718240231100,DBMF,Daily
2020-04-09,0.421558416300850798484805200,DBMF,Daily
2020-04-13,0.0353091054995491665415102100,DBMF,Daily
2020-04-14,0.3215889038788981868418713400,DBMF,Daily
2020-04-15,0.363574218305395000222987100,DBMF,Daily
2020-04-16,0.3194065358958111225157194900,DBMF,Daily
2020-04-17,-0.1592020826431075655291875700,DBMF,Daily
2020-04-20,0.5211111473108836629079127900,DBMF,Daily
2020-04-21,0.3714027354507646234800729900,DBMF,Daily
2020-04-22,0.5087927246564523268732249300,DBMF,Daily
2020-04-23,0,DBMF,Daily
2020-04-24,0.3796616459713979710591195100,DBMF,Daily
2020-04-27,-0.1146091996607460524986298200,DBMF,Daily
2020-04-28,0.3059863840010575533159181900,DBMF,Daily
2020-04-29,-0.3241244440369749881400125500,DBMF,Daily
2020-04-30,-0.8798725864320033173670353700,DBMF,Daily
2020-05-01,-0.328064980635278099097382700,DBMF,Daily
2020-05-04,0,DBMF,Daily
2020-05-05,-0.12390631571143041944903900,DBMF,Daily
2020-05-06,-0.3218093878970268218832325800,DBMF,Daily
2020-05-07,0,DBMF,Daily
2020-05-08,0,DBMF,Daily
2020-05-11,0.0583605222969633922396968300,DBMF,Daily
2020-05-12,-0.0194421608856824305563398200,DBMF,Daily
2020-05-13,0.4665614034575215236971243500,DBMF,Daily
2020-05-14,-0.0386918866302521607048901900,DBMF,Daily
2020-05-15,-0.0193631276308873979830059200,DBMF,Daily
2020-05-18,-1.7192637735279803134767235500,DBMF,Daily
2020-05-19,-0.070918703601756399828342600,DBMF,Daily
2020-05-20,-0.4455338585588240173351270900,DBMF,Daily
2020-05-21,0.2970293199659228634316795400,DBMF,Daily
2020-05-22,0.375131814095224984644146200,DBMF,Daily
2020-05-26,-1.2195174217513473166207729200,DBMF,Daily
2020-05-27,0.4659516011176614567779919600,DBMF,Daily
2020-05-28,-0.6421646736459620854492114800,DBMF,Daily
2020-05-29,0.1795269708623139944406291500,DBMF,Daily
2020-06-01,-0.3982471857484798922474454700,DBMF,Daily
2020-06-02,-0.7197071581971811352807118300,DBMF,Daily
2020-06-03,-1.2162784533115139836693787500,DBMF,Daily
2020-06-04,-0.3995434751587843124341243900,DBMF,Daily
2020-06-05,0,DBMF,Daily
2020-06-08,0.5730733637448365731115002900,DBMF,Daily
2020-06-09,-0.0814193375692115336059781100,DBMF,Daily
2020-06-10,0.2444162414151198966817652800,DBMF,Daily
2020-06-11,-0.2844358208700045001706645500,DBMF,Daily
2020-06-12,0.1222502433957083260340560600,DBMF,Daily
2020-06-15,0,DBMF,Daily
2020-06-16,-0.203494828865471605776894400,DBMF,Daily
2020-06-17,-0.4037645400048895038021841800,DBMF,Daily
2020-06-18,-0.3316743462697199248535727100,DBMF,Daily
2020-06-19,0.5464275643275186259674022400,DBMF,Daily
2020-06-22,0.3146109339592838138059986700,DBMF,Daily
2020-06-23,-0.2443805356386750892172584800,DBMF,Daily
2020-06-24,-0.3552377615086670026800450200,DBMF,Daily
2020-06-25,0.2950179624789247226191761500,DBMF,Daily
2020-06-26,0.1430049426499015414807197400,DBMF,Daily
2020-06-29,0.0856855474778197766903123200,DBMF,Daily
2020-06-30,0.4443400801449756246969039500,DBMF,Daily
2020-07-01,-0.6452860827592487786473071700,DBMF,Daily
2020-07-02,0.0571828317077395139147277600,DBMF,Daily
2020-07-06,0.6695243276166311184441621400,DBMF,Daily
2020-07-07,0.3406508431946284826254612500,DBMF,Daily
2020-07-08,0.1697471764095759473615726700,DBMF,Daily
2020-07-09,0.3631152804239337679021936600,DBMF,Daily
2020-07-10,-0.1808982448128055055409715300,DBMF,Daily
2020-07-13,-0.3624773757390457423622189600,DBMF,Daily
2020-07-14,0.1819056195412939372200369100,DBMF,Daily
2020-07-15,0.4236285992907254964383437900,DBMF,Daily
2020-07-16,-0.3816678483992625747106474100,DBMF,Daily
2020-07-17,0.0403225765722395827704216100,DBMF,Daily
2020-07-20,0.2499607992727899094450580500,DBMF,Daily
2020-07-21,0.7479774087980155323200397800,DBMF,Daily
2020-07-22,0.3272960671338816358865242300,DBMF,Daily
2020-07-23,0.3541131847911632974590110900,DBMF,Daily
2020-07-24,0.0435984714818734216529212200,DBMF,Daily
2020-07-27,0.5151379363219660485051129700,DBMF,Daily
2020-07-28,0.2365579835875679982013773100,DBMF,Daily
2020-07-29,0.2792535147412393432336382800,DBMF,Daily
2020-07-30,0.0392139277419531021266925200,DBMF,Daily
2020-07-31,0.0470490689434560332268645400,DBMF,Daily
2020-08-03,0.5603925471398117940805822800,DBMF,Daily
2020-08-04,1.0054277610028364900722847500,DBMF,Daily
2020-08-05,0.1388739517900989597691669900,DBMF,Daily
2020-08-06,0,DBMF,Daily
2020-08-07,-1.0595055158455418507091112200,DBMF,Daily
2020-08-10,-0.1752519255573083403024813400,DBMF,Daily
2020-08-11,-1.8295196582149351835374250100,DBMF,Daily
2020-08-12,-0.1986904443679693289228997500,DBMF,Daily
2020-08-13,-0.1552751211094091548053519200,DBMF,Daily
2020-08-14,-0.0677985060558991866126788700,DBMF,Daily
2020-08-17,0.7581874379183065628126571200,DBMF,Daily
2020-08-18,0.6257542651222252937536259500,DBMF,Daily
2020-08-19,-1.2122371979159422688428164600,DBMF,Daily
2020-08-20,0.3665457985180513952388459700,DBMF,Daily
2020-08-21,-0.0278018725130297976622169400,DBMF,Daily
2020-08-24,0.1111787498228026521999047600,DBMF,Daily
2020-08-25,-0.0515542846999448746622461800,DBMF,Daily
2020-08-26,0.3571453950128646582888655300,DBMF,Daily
2020-08-27,-0.6484776293934800081285000200,DBMF,Daily
2020-08-28,0.6765881318402658925819964700,DBMF,Daily
2020-08-31,0.2332429176275181495177397200,DBMF,Daily
2020-09-01,0.3352411394682261008326206900,DBMF,Daily
2020-09-02,0.5306714962393294582093489400,DBMF,Daily
2020-09-03,-0.7038171930051513472349412800,DBMF,Daily
2020-09-04,-0.8387551166922155073268966400,DBMF,Daily
2020-09-08,-0.3653322899719752449654797600,DBMF,Daily
2020-09-09,0.3188427092212188343142892800,DBMF,Daily
2020-09-10,-0.1748128499509522019170258600,DBMF,Daily
2020-09-11,0.0358192251006297445396987900,DBMF,Daily
2020-09-14,0.7399972628306804695595533900,DBMF,Daily
2020-09-15,-0.2803906280213974408568946500,DBMF,Daily
2020-09-16,-0.9306839341615755785679052600,DBMF,Daily
2020-09-17,-0.3158088759084273402801340800,DBMF,Daily
2020-09-18,-0.1604184619834760547423481800,DBMF,Daily
2020-09-21,-0.9117912520994945117382567100,DBMF,Daily
2020-09-22,-0.1499921090180902727315229100,DBMF,Daily
2020-09-23,-0.8972069615109794508482520900,DBMF,Daily
2020-09-24,-0.3031393827115084981675849400,DBMF,Daily
2020-09-25,-0.0739506590829336162654402600,DBMF,Daily
2020-09-28,1.4021888951961791552387080500,DBMF,Daily
2020-09-29,0.1459742371162730044246250700,DBMF,Daily
2020-09-30,-0.4170676298504629166226786100,DBMF,Daily
2020-10-01,0.5855233748787044317048348300,DBMF,Daily
2020-10-02,0.0121342500623417978797410300,DBMF,Daily
2020-10-05,-0.3799528446454234903840522800,DBMF,Daily
2020-10-06,-0.4909474124060899530489142700,DBMF,Daily
2020-10-07,0.0163137476283155394343617800,DBMF,Daily
2020-10-08,0.0040892583504595489134518900,DBMF,Daily
2020-10-09,0.9457644086222136685401102300,DBMF,Daily
2020-10-12,0.6784728285187879337116354200,DBMF,Daily
2020-10-13,-0.4653174590138530848378569400,DBMF,Daily
2020-10-14,-0.5641948953780761346689683700,DBMF,Daily
2020-10-15,-0.579561346234805197705303500,DBMF,Daily
2020-10-16,0.648168661783098088261568700,DBMF,Daily
2020-10-19,-0.7735815629905003800629047600,DBMF,Daily
2020-10-20,0.4326631380677214979592566900,DBMF,Daily
2020-10-21,0.9713416673639175033167764300,DBMF,Daily
2020-10-22,-0.0161042762725641954507712900,DBMF,Daily
2020-10-23,0.3743952487808183157144170800,DBMF,Daily
2020-10-26,-0.7740781482273543606742203900,DBMF,Daily
2020-10-27,-0.0485007414559707971073068500,DBMF,Daily
2020-10-28,-0.3113818292841828634964308400,DBMF,Daily
2020-10-29,0.1500863917489009200709828100,DBMF,Daily
2020-10-30,-0.3928962467627234138042170600,DBMF,Daily
2020-11-02,0.0162699622124398756149931100,DBMF,Daily
2020-11-03,0.2195502074528235121006934100,DBMF,Daily
2020-11-04,-0.2799316857154774163495731600,DBMF,Daily
2020-11-05,1.5622486133775001108075296100,DBMF,Daily
2020-11-06,0.8211874446897605340642854300,DBMF,Daily
2020-11-09,-1.6607705145692936518582232800,DBMF,Daily
2020-11-10,-0.3636292620772706110633110200,DBMF,Daily
2020-11-11,-0.0608328288473946030617294800,DBMF,Daily
2020-11-12,0.0365320765350560078905220600,DBMF,Daily
2020-11-13,1.0626647279399918449955923600,DBMF,Daily
2020-11-16,0.0361196672165949240383848500,DBMF,Daily
2020-11-17,0.3369918232333752023493270600,DBMF,Daily
2020-11-18,-0.0799669056878195346567987200,DBMF,Daily
2020-11-19,-0.0400279794975366105932534400,DBMF,Daily
2020-11-20,0.02002200415248545810460800,DBMF,Daily
2020-11-23,-0.512298312047881603326215100,DBMF,Daily
2020-11-24,0.5712642519460994961519323600,DBMF,Daily
2020-11-25,-0.2560157104852982693981153700,DBMF,Daily
2020-11-27,0.705846524922837192766877300,DBMF,Daily
2020-11-30,-1.3579689246338691689305383200,DBMF,Daily
2020-12-01,1.2151650028192107130108204800,DBMF,Daily
2020-12-02,-0.2034042426939326816519063800,DBMF,Daily
2020-12-03,0.6634734734734734734734734700,DBMF,Daily
2020-12-04,0.1151171093966049675819520200,DBMF,Daily
2020-12-07,-0.2062107057037706383905413800,DBMF,Daily
2020-12-08,-0.0636104171986404231312001400,DBMF,Daily
2020-12-09,-0.2465414407384022965318522700,DBMF,Daily
2020-12-10,1.0085911961829685468708862500,DBMF,Daily
2020-12-11,-0.5880613871483866070190376200,DBMF,Daily
2020-12-14,-0.0476411728309197227097809900,DBMF,Daily
2020-12-15,1.1200738349966285128486313400,DBMF,Daily
2020-12-16,0.5459759457754397983804287600,DBMF,Daily
2020-12-17,0.695367468421939884644845700,DBMF,Daily
2020-12-18,-0.2638056987783057573197445900,DBMF,Daily
2020-12-21,-1.1319517283717227320085054600,DBMF,Daily
2020-12-22,-0.9049108967983782451675432600,DBMF,Daily
2020-12-23,0.9608341840118575935313828300,DBMF,Daily
2020-12-24,-0.3775420537901645040541474900,DBMF,Daily
2020-12-28,0.3039503911676284257011857600,DBMF,Daily
2020-12-29,0.7894414564568745384444224900,DBMF,Daily
2020-12-30,1.0745014674629261715353264900,DBMF,Daily
2020-12-31,-0.4672838195539658533633245600,DBMF,Daily
2021-01-04,0.1525897016751039366976555700,DBMF,Daily
2021-01-05,2.5313379317600770021495495200,DBMF,Daily
2021-01-06,-0.6552980695093997053170255900,DBMF,Daily
2021-01-07,-0.3566762937757928548491758200,DBMF,Daily
2021-01-08,1.0468873329649760290432330200,DBMF,Daily
2021-01-11,-1.4245488911949775112195480600,DBMF,Daily
2021-01-12,0.873261137678471643962177900,DBMF,Daily
2021-01-13,-0.3754016552163641772941957800,DBMF,Daily
2021-01-14,0.6997954278790129868045536600,DBMF,Daily
2021-01-15,-1.8136877452606402959048917200,DBMF,Daily
2021-01-19,1.2366501318458677529640863200,DBMF,Daily
2021-01-20,1.3598033550093937018056808900,DBMF,Daily
2021-01-21,0.2501261270694208286402513200,DBMF,Daily
2021-01-22,-0.9072767926831765320040583100,DBMF,Daily
2021-01-25,0.2060148565763145946857929800,DBMF,Daily
2021-01-26,-0.5215833037345540484745238500,DBMF,Daily
2021-01-27,-1.4159720679387039987958318300,DBMF,Daily
2021-01-28,0.5822834610923911845695485600,DBMF,Daily
2021-01-29,-1.4666110613478242149528507100,DBMF,Daily
2021-02-01,1.1672535260955939364206476500,DBMF,Daily
2021-02-02,0.6427018247554461381230053400,DBMF,Daily
2021-02-03,0.8271358244568604108949221500,DBMF,Daily
2021-02-04,-0.1335579823752948494975921900,DBMF,Daily
2021-02-05,1.0888685082609652548264331300,DBMF,Daily
2021-02-08,0.5140094526167431691361823100,DBMF,Daily
2021-02-09,0.6843402840173567563812957600,DBMF,Daily
2021-02-10,0.0074601868201510409465900700,DBMF,Daily
2021-02-11,0.3771705993330496694474510800,DBMF,Daily
2021-02-12,1.0602601587044169172251420500,DBMF,Daily
2021-02-16,0.6810250616655621735710709200,DBMF,Daily
2021-02-17,-0.4058474555908178273638933700,DBMF,Daily
2021-02-18,-0.6571465669715256706885166400,DBMF,Daily
2021-02-19,0.5912757389362876323504722200,DBMF,Daily
2021-02-22,0.4775908155057711609539238200,DBMF,Daily
2021-02-23,0.3400397562444298174831089600,DBMF,Daily
2021-02-24,0.5429387072456365111862675200,DBMF,Daily
2021-02-25,-0.2609356014717569347164833700,DBMF,Daily
2021-02-26,-3.1104697590421598350994691100,DBMF,Daily
2021-03-01,1.2751299778847388950681248500,DBMF,Daily
2021-03-02,-0.4962196969188135369749092200,DBMF,Daily
2021-03-03,0.6884925722453477651269237700,DBMF,Daily
2021-03-04,0.3326675604657465231971901400,DBMF,Daily
2021-03-05,0.9762365388997405889171153600,DBMF,Daily
2021-03-08,-1.1200346120988883183758346900,DBMF,Daily
2021-03-09,0.343129482976840318328454300,DBMF,Daily
2021-03-10,0.3382926412694273998036789900,DBMF,Daily
2021-03-11,1.7003786120713811111887572300,DBMF,Daily
2021-03-12,0.5080607877003602984808446600,DBMF,Daily
2021-03-15,-0.2186769702583910311577382100,DBMF,Daily
2021-03-16,-0.0503042941120229762519988900,DBMF,Daily
2021-03-17,0.76568443985240696122395900,DBMF,Daily
2021-03-18,-1.9585363997677877421479562900,DBMF,Daily
2021-03-19,0.5821918334567554223824534600,DBMF,Daily
2021-03-22,-0.3726218174611057355023727300,DBMF,Daily
2021-03-23,-2.1424228900668036551576455600,DBMF,Daily
2021-03-24,-0.1781184242509901063810318100,DBMF,Daily
2021-03-25,0.2751055775148248157681140600,DBMF,Daily
2021-03-26,1.5644011523729329048010196600,DBMF,Daily
2021-03-29,0.2701113814386336496777494900,DBMF,Daily
2021-03-30,-0.7244179277914630012376394300,DBMF,Daily
2021-03-31,0.6233671556337979088204081500,DBMF,Daily
2021-04-01,0.1384716510666500073337280900,DBMF,Daily
2021-04-05,0.9097477304565560298708318200,DBMF,Daily
2021-04-06,-0.2884925493739300416767708800,DBMF,Daily
2021-04-07,-0.1048831451967954029695894100,DBMF,Daily
2021-04-08,0.0724032550970690714370238100,DBMF,Daily
2021-04-09,0.2532505194966000978431143900,DBMF,Daily
2021-04-12,-0.0288663452351230840966432100,DBMF,Daily
2021-04-13,0.0613547718380072587152520600,DBMF,Daily
2021-04-14,0.49423452066856757901137500,DBMF,Daily
2021-04-15,-0.1005093834102970253405570300,DBMF,Daily
2021-04-16,0.5425860596371477488365710500,DBMF,Daily
2021-04-19,1.3795674025214910145437165100,DBMF,Daily
2021-04-20,-2.4465979857141493232181379800,DBMF,Daily
2021-04-21,0.4408916995116197822675233200,DBMF,Daily
2021-04-22,-0.5109134349310908035581712400,DBMF,Daily
2021-04-23,1.3380620186417400898226176900,DBMF,Daily
2021-04-26,-0.2248167331993148788635873500,DBMF,Daily
2021-04-27,0.6473729270087769047418888300,DBMF,Daily
2021-04-28,0.0248636066506792616374106500,DBMF,Daily
2021-04-29,0.5862150830289674197792994200,DBMF,Daily
2021-04-30,-0.8971465728022421029403511600,DBMF,Daily
2021-05-03,0.4455144883860152673567325500,DBMF,Daily
2021-05-04,-0.7699748679758769595342013100,DBMF,Daily
2021-05-05,1.1228030523220625247067978600,DBMF,Daily
2021-05-06,-0.3889646923554831106650125500,DBMF,Daily
2021-05-07,1.3844404229155645339255200200,DBMF,Daily
2021-05-10,-0.1050428575206666787300588600,DBMF,Daily
2021-05-11,-0.8902913781815909636687877500,DBMF,Daily
2021-05-12,-1.4358429343455301171233055800,DBMF,Daily
2021-05-13,0.0717563802690547779595138500,DBMF,Daily
2021-05-14,2.4381501571913832930815301700,DBMF,Daily
2021-05-17,0.1400052257370113280394446200,DBMF,Daily
2021-05-18,-0.1048506005950261813864586800,DBMF,Daily
2021-05-19,-1.5290428955108815338625572300,DBMF,Daily
2021-05-20,0.4512669641152933901815820900,DBMF,Daily
2021-05-21,0.2688407119880071502190213800,DBMF,Daily
2021-05-24,0.9913047075819843484385866200,DBMF,Daily
2021-05-25,0.1047970208119445256673069300,DBMF,Daily
2021-05-26,0.0104691646686023855909960500,DBMF,Daily
2021-05-27,0.7676150289044400996300068700,DBMF,Daily
2021-05-28,-0.0380776253602146800343851500,DBMF,Daily
2021-06-01,-1.0149323559164754744690640400,DBMF,Daily
2021-06-02,0.8363727800170955018797487700,DBMF,Daily
2021-06-03,-0.4199236824566266186889384300,DBMF,Daily
2021-06-04,0.5785207836959868605852539700,DBMF,Daily
2021-06-07,-0.2425493148165876578139560200,DBMF,Daily
2021-06-08,0.1910307335919331360069696400,DBMF,Daily
2021-06-09,0.7834894032820255207399295300,DBMF,Daily
2021-06-10,-0.3370967772951534753116267100,DBMF,Daily
2021-06-11,-0.2243364676550934861771303600,DBMF,Daily
2021-06-14,-0.0276753667448066035487813400,DBMF,Daily
2021-06-15,0.7508677490186173092603898700,DBMF,Daily
2021-06-16,-1.3497338598622716894100476400,DBMF,Daily
2021-06-17,-1.3612291184588384311397482100,DBMF,Daily
2021-06-18,-0.8082452804493088901280829500,DBMF,Daily
2021-06-21,1.0888093244092788265470081600,DBMF,Daily
2021-06-22,0.4047852021339530740390483700,DBMF,Daily
2021-06-23,-0.1928185058033475093884373100,DBMF,Daily
2021-06-24,0.8605757724051548148411576200,DBMF,Daily
2021-06-25,-0.1567245749247169571741641100,DBMF,Daily
2021-06-28,-0.6766642940099901166507331700,DBMF,Daily
2021-06-29,0.052669816094522448191472600,DBMF,Daily
2021-06-30,0.0070288286622726313457852300,DBMF,Daily
2021-07-01,0.7440442711834965633536352800,DBMF,Daily
2021-07-02,0.7664115683354002945679427800,DBMF,Daily
2021-07-06,-1.1028465941122016413873634100,DBMF,Daily
2021-07-07,-0.2691875902458073332544972900,DBMF,Daily
2021-07-08,-0.7991784611413304275412515600,DBMF,Daily
2021-07-09,0.8974996421388023859520176700,DBMF,Daily
2021-07-12,0.682891579264271084033335600,DBMF,Daily
2021-07-13,-0.5147864283397285362016474600,DBMF,Daily
2021-07-14,0.1293592903798349788424612900,DBMF,Daily
2021-07-15,-0.5761268853357150649658800900,DBMF,Daily
2021-07-16,-0.189660416190108749662255600,DBMF,Daily
2021-07-19,-2.7093494207798865653875111400,DBMF,Daily
2021-07-20,0.8824534640574618018271970200,DBMF,Daily
2021-07-21,1.7960804433684458054758354600,DBMF,Daily
2021-07-22,0.4402270059681030329471557800,DBMF,Daily
2021-07-23,0.5434702593047507943603183400,DBMF,Daily
2021-07-26,0.087196936275619434220250700,DBMF,Daily
2021-07-27,-0.6446094684698879248700132800,DBMF,Daily
2021-07-28,0.4909808725838044319282861300,DBMF,Daily
2021-07-29,0.1046859298546609690213840300,DBMF,Daily
2021-07-30,0.0662313204982667168580516400,DBMF,Daily
2021-08-02,-0.1532919952615768911548930400,DBMF,Daily
2021-08-03,-0.0348805586853804815727746600,DBMF,Daily
2021-08-04,-1.1308895356543900079225184500,DBMF,Daily
2021-08-05,0.3000705573681224547508335500,DBMF,Daily
2021-08-06,-0.8904917260916659947448425700,DBMF,Daily
2021-08-09,-1.413465086207486070258934600,DBMF,Daily
2021-08-10,0.7060599684216565392867189500,DBMF,Daily
2021-08-11,-0.0035861139269733891682828600,DBMF,Daily
2021-08-12,0.3362535657449578963127960700,DBMF,Daily
2021-08-13,0.1176703659221518051359606900,DBMF,Daily
2021-08-16,0.6908238237779914483124119800,DBMF,Daily
2021-08-17,-1.3332817832916795816362642200,DBMF,Daily
2021-08-18,-1.3692255258423590140097871600,DBMF,Daily
2021-08-19,0.5741827426352334173254638100,DBMF,Daily
2021-08-20,0.5203240091370249850598859200,DBMF,Daily
2021-08-23,1.0388561485241024424080413400,DBMF,Daily
2021-08-24,-0.2419138842260744582958761300,DBMF,Daily
2021-08-25,0.2746035469717118162463169100,DBMF,Daily
2021-08-26,-0.3983375473742709008138800100,DBMF,Daily
2021-08-27,0.5891963371188546642824728500,DBMF,Daily
2021-08-30,0.1419755710642549488589828100,DBMF,Daily
2021-08-31,-0.9393724464312592880565138400,DBMF,Daily
2021-09-01,2.4011347783073761567991342300,DBMF,Daily
2021-09-02,-1.4851697913672999999131746200,DBMF,Daily
2021-09-03,0.351175612704298112581460900,DBMF,Daily
2021-09-07,0.1095672001182487902201997300,DBMF,Daily
2021-09-08,-0.3213146903465707768519898200,DBMF,Daily
2021-09-09,0.332986769157894820222437700,DBMF,Daily
2021-09-10,-1.4863795979016209603514854200,DBMF,Daily
2021-09-13,0.752617760254708602594991700,DBMF,Daily
2021-09-14,-0.0960412990842890327853726600,DBMF,Daily
2021-09-15,0.6088345095924410147613374600,DBMF,Daily
2021-09-16,0.3857510146946068190291289500,DBMF,Daily
2021-09-17,-1.4242449537526043968200760400,DBMF,Daily
2021-09-20,-0.7331429827854146406545106500,DBMF,Daily
2021-09-21,-0.1513117210772868207929552300,DBMF,Daily
2021-09-22,0.8623557232710717345113203300,DBMF,Daily
2021-09-23,0.1287715885505987994413616900,DBMF,Daily
2021-09-24,0.0107275212271325597623239300,DBMF,Daily
2021-09-27,-0.4893967585946652793243194200,DBMF,Daily
2021-09-28,-0.9728682734056597487915742100,DBMF,Daily
2021-09-29,0.7794025695673031108369765400,DBMF,Daily
2021-09-30,0.3848932515675179964440798800,DBMF,Daily
2021-10-01,-0.2759078248848024735016308700,DBMF,Daily
2021-10-04,-0.6324155063707579540509785600,DBMF,Daily
2021-10-05,0.6038893333758603293655945500,DBMF,Daily
2021-10-06,-0.0395493632047942562375423100,DBMF,Daily
2021-10-07,-0.0934783130179785607404218600,DBMF,Daily
2021-10-08,0.6694428776372383385390083600,DBMF,Daily
2021-10-11,0.339666430021653374039118200,DBMF,Daily
2021-10-12,-0.4382854907601013509191694100,DBMF,Daily
2021-10-13,0.2791545885891004778234869600,DBMF,Daily
2021-10-14,0.8137048195775789697931521600,DBMF,Daily
2021-10-15,0.8212937027200895608139071200,DBMF,Daily
2021-10-18,-0.632023200952172158002441500,DBMF,Daily
2021-10-19,0.770316622998227465371177200,DBMF,Daily
2021-10-20,0.3471576356950170531664820700,DBMF,Daily
2021-10-21,0.3634209337420986790545933200,DBMF,Daily
2021-10-22,-0.1392777961823437018731955300,DBMF,Daily
2021-10-25,0.3800483413589680073208099300,DBMF,Daily
2021-10-26,0.0486303984003317395766652600,DBMF,Daily
2021-10-27,-0.5658913809258358734714694100,DBMF,Daily
2021-10-28,-0.0384127134630618341888504500,DBMF,Daily
2021-10-29,1.5368516486432294074666544200,DBMF,Daily
2021-11-01,0.1547978619322557753153670400,DBMF,Daily
2021-11-02,-0.3640658894232851378263153500,DBMF,Daily
2021-11-03,-0.7377127914312190868324664700,DBMF,Daily
2021-11-04,-0.8161111158807893185630732300,DBMF,Daily
2021-11-05,1.4530747382823863802446177600,DBMF,Daily
2021-11-08,-0.2174224258642092314515338300,DBMF,Daily
2021-11-09,0.7194299319254363745815431700,DBMF,Daily
2021-11-10,-0.2918972137173346083945597800,DBMF,Daily
2021-11-11,-0.0172300033445973713612528400,DBMF,Daily
2021-11-12,0.1722313006413815409230248900,DBMF,Daily
2021-11-15,0.3782813069978218354809316900,DBMF,Daily
2021-11-16,0.4967401930221106797992406600,DBMF,Daily
2021-11-17,-1.4010667114771765381069174500,DBMF,Daily
2021-11-18,0.6085041717944082608749246800,DBMF,Daily
2021-11-19,-1.4089359944908593594279250400,DBMF,Daily
2021-11-22,0.8922890916545716955636126600,DBMF,Daily
2021-11-23,1.1020508380615472444930826700,DBMF,Daily
2021-11-24,-0.2733521474300020643406108500,DBMF,Daily
2021-11-26,-4.1288456254510697229551310800,DBMF,Daily
2021-11-29,-0.339527283149042181062421900,DBMF,Daily
2021-11-30,1.775151145083330831066517200,DBMF,Daily
2021-12-01,-3.0126895565155613297923332100,DBMF,Daily
2021-12-02,-0.0072619681206369517823370200,DBMF,Daily
2021-12-03,0.4796135792687845078557949100,DBMF,Daily
2021-12-06,0.0723052514249358872623850900,DBMF,Daily
2021-12-07,1.4995506855798732636620290100,DBMF,Daily
2021-12-08,0.3025916385642384977585575200,DBMF,Daily
2021-12-09,-0.4791366325346061985157509700,DBMF,Daily
2021-12-10,0.0178281194723248793755373300,DBMF,Daily
2021-12-13,0.0178293712778972628659290200,DBMF,Daily
2021-12-14,0.1782575009298407990315306200,DBMF,Daily
2021-12-15,0.5338032429973885671417297300,DBMF,Daily
2021-12-16,0.0353955822408371879733647900,DBMF,Daily
2021-12-17,-0.6263139790334829057715618900,DBMF,Daily
2021-12-20,-0.2848839009630314478206823900,DBMF,Daily
2021-12-21,0.6499314591438825622302174200,DBMF,Daily
2021-12-22,-0.847979859486614900526066800,DBMF,Daily
2021-12-23,0.7729397301627909509560059200,DBMF,Daily
2021-12-27,0.9196670509015919377452078200,DBMF,Daily
2021-12-28,1.5094563618582980082895306300,DBMF,Daily
2021-12-29,-2.0797263828180067065111841400,DBMF,Daily
2021-12-30,1.0440707320619067809914509700,DBMF,Daily
2021-12-31,-0.1664015600619543886077666500,DBMF,Daily
2022-01-03,0.9032005054728314892066955400,DBMF,Daily
2022-01-04,-0.7606592132150248879938748400,DBMF,Daily
2022-01-05,-0.2013022303973681648881196700,DBMF,Daily
2022-01-06,0.4266801767006354334084388400,DBMF,Daily
2022-01-07,0.6180042758214541571936662900,DBMF,Daily
2022-01-10,-1.4932858280199096143088545900,DBMF,Daily
2022-01-11,-0.0155839304434316253079699800,DBMF,Daily
2022-01-12,-0.4716100994173918787265523600,DBMF,Daily
2022-01-13,-0.7322911862762264555103697400,DBMF,Daily
2022-01-14,1.4004473016454814375318226500,DBMF,Daily
2022-01-18,1.540617453634319867574441800,DBMF,Daily
2022-01-19,-0.2682005940173937861706284200,DBMF,Daily
2022-01-20,0.2689218440004455100818257500,DBMF,Daily
2022-01-21,-1.302689830575953515458912300,DBMF,Daily
2022-01-24,-0.4619492971617988152661198300,DBMF,Daily
2022-01-25,1.0100921054951463106619064400,DBMF,Daily
2022-01-26,0.617765670565819374587212200,DBMF,Daily
2022-01-27,-0.0383719488108191289084302600,DBMF,Daily
2022-01-28,0.7677637894817910640543809600,DBMF,Daily
2022-01-31,-1.3333485847244551301288532600,DBMF,Daily
2022-02-01,0.0386263655078018875596747200,DBMF,Daily
2022-02-02,0.1273535526376382569690175700,DBMF,Daily
2022-02-03,0.1040697704409340981473127400,DBMF,Daily
2022-02-04,1.1166862619460223416063648700,DBMF,Daily
2022-02-07,-1.1424337903796514285775463800,DBMF,Daily
2022-02-08,-0.3466778546676078565238514300,DBMF,Daily
2022-02-09,0.850395885938701613403484500,DBMF,Daily
2022-02-10,0.2299755851911826686495527100,DBMF,Daily
2022-02-11,2.1797465536798191458142033600,DBMF,Daily
2022-02-14,0.2619689362013216375760524900,DBMF,Daily
2022-02-15,-1.5304391307426780934328249300,DBMF,Daily
2022-02-16,-0.1137024060344806638767686200,DBMF,Daily
2022-02-17,-1.0246785729451789516093065400,DBMF,Daily
2022-02-18,0.0766936705773568168495985600,DBMF,Daily
2022-02-22,0.7279711943100075885179157400,DBMF,Daily
2022-02-23,0.6086013333817555455944962300,DBMF,Daily
2022-02-24,1.474465664891353214701136200,DBMF,Daily
2022-02-25,-0.1490314651683939495462561900,DBMF,Daily
2022-02-28,-0.3544764399850062122335997900,DBMF,Daily
2022-03-01,2.0782695653173593144015173100,DBMF,Daily
2022-03-02,0.887750818390966957103739200,DBMF,Daily
2022-03-03,-0.2254467625425360352324049300,DBMF,Daily
2022-03-04,-0.5830869259144977151312071600,DBMF,Daily
2022-03-07,3.0461869289314153761525254800,DBMF,Daily
2022-03-08,1.1347892187123266945439042500,DBMF,Daily
2022-03-09,-2.1807952646768436242120452600,DBMF,Daily
2022-03-10,0.8090598201220324650240093500,DBMF,Daily
2022-03-11,0.5885501598193554308335428600,DBMF,Daily
2022-03-14,-0.4609884193398675185688630100,DBMF,Daily
2022-03-15,-1.03313552762522575651468800,DBMF,Daily
2022-03-16,-1.2958977184790421624503028900,DBMF,Daily
2022-03-17,0.7768064035046742291599601900,DBMF,Daily
2022-03-18,0.0253297177169003588159626700,DBMF,Daily
2022-03-21,3.0318471461971591680285808300,DBMF,Daily
2022-03-22,2.2543604465195801309496336300,DBMF,Daily
2022-03-23,0.9615356765373315409630487600,DBMF,Daily
2022-03-24,-1.1904746877627955430832165200,DBMF,Daily
2022-03-25,1.1944933169407180416102426900,DBMF,Daily
2022-03-28,-0.5816870193620493671931061200,DBMF,Daily
2022-03-29,-0.5645582258773143251031938700,DBMF,Daily
2022-03-30,-0.4851994884864959955099002200,DBMF,Daily
2022-03-31,-1.1307005447660979054654628800,DBMF,Daily
2022-04-01,0.8988151815437231075488023200,DBMF,Daily
2022-04-04,1.1681207285600062867114636400,DBMF,Daily
2022-04-05,1.1409203814334118459725119800,DBMF,Daily
2022-04-06,-0.1016308827140070465043764900,DBMF,Daily
2022-04-07,0.4103043497676124176526472700,DBMF,Daily
2022-04-08,0.8071418382387903570919119400,DBMF,Daily
2022-04-11,0.6365099733684597857112098800,DBMF,Daily
2022-04-12,0.5592519398374306358608715300,DBMF,Daily
2022-04-13,0.8011226699567067270813563100,DBMF,Daily
2022-04-14,0.8210068858022532438567317600,DBMF,Daily
2022-04-18,1.0423537676612009219179025100,DBMF,Daily
2022-04-19,1.0058066474038628059416617700,DBMF,Daily
2022-04-20,-1.6979617151756369168990390600,DBMF,Daily
2022-04-21,1.3636361312859330355835589600,DBMF,Daily
2022-04-22,-0.2562354898346534555031681900,DBMF,Daily
2022-04-25,-1.1239512038036813936883697400,DBMF,Daily
2022-04-26,0.0649470894156551631694267300,DBMF,Daily
2022-04-27,0.9412529667490504067015824200,DBMF,Daily
2022-04-28,1.9774927863511330573385147700,DBMF,Daily
2022-04-29,-0.2995347095604739282044299400,DBMF,Daily
2022-05-02,2.1821573975222199768640379200,DBMF,Daily
2022-05-03,-1.7951135346634098166815861800,DBMF,Daily
2022-05-04,-1.0841472775655626399473359600,DBMF,Daily
2022-05-05,1.7013968698835168422152062100,DBMF,Daily
2022-05-06,1.4724229972832259096673055400,DBMF,Daily
2022-05-09,-1.2966893507678851344998556300,DBMF,Daily
2022-05-10,-0.9070970067634962839393661800,DBMF,Daily
2022-05-11,0.5587133374212805697056415300,DBMF,Daily
2022-05-12,-0.4363243151804763137094235100,DBMF,Daily
2022-05-13,1.2989493947559759185168531600,DBMF,Daily
2022-05-16,0.622478848137449568212547300,DBMF,Daily
2022-05-17,-1.3300465897194289380946568700,DBMF,Daily
2022-05-18,0,DBMF,Daily
2022-05-19,-0.8777368398434942768424740900,DBMF,Daily
2022-05-20,-0.1581341514498600255088812700,DBMF,Daily
2022-05-23,-0.4117793296237643244958474600,DBMF,Daily
2022-05-24,-0.890589742429545442757958100,DBMF,Daily
2022-05-25,0.2567360784367931813449878300,DBMF,Daily
2022-05-26,0.0960353367417634345617346500,DBMF,Daily
2022-05-27,-0.4477193369094393749616090500,DBMF,Daily
2022-05-31,0.5782156001925181699589506300,DBMF,Daily
2022-06-01,1.7247031977542096895142743600,DBMF,Daily
2022-06-02,-0.3453772178994213889116530700,DBMF,Daily
2022-06-03,1.2602408520133772817927456700,DBMF,Daily
2022-06-06,0.746740863957093961229769700,DBMF,Daily
2022-06-07,-0.3088416117819436867391313100,DBMF,Daily
2022-06-08,1.3011149502383818981442788500,DBMF,Daily
2022-06-09,0.3669797653694206455994944600,DBMF,Daily
2022-06-10,0.2132788091035416466930511400,DBMF,Daily
2022-06-13,1.3377975365186313421009459600,DBMF,Daily
2022-06-14,-0.0600111249680222963631827700,DBMF,Daily
2022-06-15,-1.8012628742177765251728795100,DBMF,Daily
2022-06-16,-0.2445669242556611367390602300,DBMF,Daily
2022-06-17,0.0612916301185223106324194100,DBMF,Daily
2022-06-21,0.9800929385411476840365147900,DBMF,Daily
2022-06-22,-1.6681892386095411180891063200,DBMF,Daily
2022-06-23,-1.0795791213474432822746211900,DBMF,Daily
2022-06-24,-0.2182666352566189907682372600,DBMF,Daily
2022-06-27,0.6874989676744155807187235200,DBMF,Daily
2022-06-28,0.9000481976087298647412939500,DBMF,Daily
2022-06-29,0.4614082903156734640507501700,DBMF,Daily
2022-06-30,-0.7960696447913451860520761300,DBMF,Daily
2022-07-01,-0.7407518733733131622372145600,DBMF,Daily
2022-07-05,-0.2487529917445422134739659400,DBMF,Daily
2022-07-06,0.0935066675996066508151002200,DBMF,Daily
2022-07-07,0.3114315695642577717451718400,DBMF,Daily
2022-07-08,0.3104681759121818189118356500,DBMF,Daily
2022-07-11,0.6808957722730520584700149100,DBMF,Daily
2022-07-12,-1.0144312182591604031962989200,DBMF,Daily
2022-07-13,0.5900426071063346206234571800,DBMF,Daily
2022-07-14,0.7409807192315079624431167300,DBMF,Daily
2022-07-15,-0.7661626087212158268747186200,DBMF,Daily
2022-07-18,0.6485413368130588062213290400,DBMF,Daily
2022-07-19,-0.8591567419124990152627289400,DBMF,Daily
2022-07-20,0.4642365175052902232650509300,DBMF,Daily
2022-07-21,-1.4479108520836601510077809900,DBMF,Daily
2022-07-22,-1.0003206043110030555840693400,DBMF,Daily
2022-07-25,0.4736321914359936603317566500,DBMF,Daily
2022-07-26,0.9113695232628366973246153600,DBMF,Daily
2022-07-27,-1.058856129282748821121380600,DBMF,Daily
2022-07-28,-1.1016668043036324088435921500,DBMF,Daily
2022-07-29,-0.572885928658716918916603100,DBMF,Daily
2022-08-01,-1.1843758232281681959676677900,DBMF,Daily
2022-08-02,1.1985714132710749802570794600,DBMF,Daily
2022-08-03,0.5761868218840766586470428900,DBMF,Daily
2022-08-04,-1.5276946166990802493065442800,DBMF,Daily
2022-08-05,1.1635473068875013221219812500,DBMF,Daily
2022-08-08,0.5431342802670469194665615100,DBMF,Daily
2022-08-09,0,DBMF,Daily
2022-08-10,-1.5888217935174895862371627400,DBMF,Daily
2022-08-11,0.6780826809951041906816183600,DBMF,Daily
2022-08-12,-0.5131463940388673363195550100,DBMF,Daily
2022-08-15,0.4190731123356735171177532100,DBMF,Daily
2022-08-16,0.0963164195288932471175202200,DBMF,Daily
2022-08-17,0.2886459737475350759139271600,DBMF,Daily
2022-08-18,0.8634492165657844936976993100,DBMF,Daily
2022-08-19,0.9194638532443356617475204300,DBMF,Daily
2022-08-22,0.2199194382447909042965339100,DBMF,Daily
2022-08-23,0.0940413442779370848741463800,DBMF,Daily
2022-08-24,-0.0939529896235058292518878700,DBMF,Daily
2022-08-25,-0.8464038263503804362981116300,DBMF,Daily
2022-08-26,0.4742454300719536698831983900,DBMF,Daily
2022-08-29,0.4405237862851346382448320700,DBMF,Daily
2022-08-30,0.4386093011242835804400016300,DBMF,Daily
2022-08-31,0.0935649917501872948464610200,DBMF,Daily
2022-09-01,1.5892686927023465754576803400,DBMF,Daily
2022-09-02,-0.0920151613554536300195031200,DBMF,Daily
2022-09-06,1.2895368131519247599624156100,DBMF,Daily
2022-09-07,-0.697192749686276045786567900,DBMF,Daily
2022-09-08,0.3968284209338938088518689600,DBMF,Daily
2022-09-09,-0.3344528033330942170396823900,DBMF,Daily
2022-09-12,-0.9456799571796565493930754200,DBMF,Daily
2022-09-13,1.5398723268724655482187785300,DBMF,Daily
2022-09-14,-0.121329365448203214459024900,DBMF,Daily
2022-09-15,0.242936429590918643736015800,DBMF,Daily
2022-09-16,-0.3029337467975898982066162800,DBMF,Daily
2022-09-19,0.2430977309534374950665249400,DBMF,Daily
2022-09-20,0.6971722966536486522832078300,DBMF,Daily
2022-09-21,0.5418445524515858518995009600,DBMF,Daily
2022-09-22,0.2095819058822158847165511300,DBMF,Daily
2022-09-23,1.1054578423617318389296751600,DBMF,Daily
2022-09-26,1.4184480125660077805111962600,DBMF,Daily
2022-09-27,0.6993080089437868962584223200,DBMF,Daily
2022-09-28,-2.1412107445808603754085576800,DBMF,Daily
2022-09-29,0.1182700137532783368458875700,DBMF,Daily
2022-09-30,0.2362639233122848970204215500,DBMF,Daily
2022-10-03,-1.1785451034189166416116599700,DBMF,Daily
2022-10-04,-1.8485494545538186060930828400,DBMF,Daily
2022-10-05,0.9720682895087979975712981900,DBMF,Daily
2022-10-06,1.1431970868746423956742665100,DBMF,Daily
2022-10-07,1.0410523087725758128791179100,DBMF,Daily
2022-10-10,0.7948206077927385036194660200,DBMF,Daily
2022-10-11,0.2336385289167584900637116300,DBMF,Daily
2022-10-12,-0.2330939316837782764752367700,DBMF,Daily
2022-10-13,-0.0876341546974380065210294900,DBMF,Daily
2022-10-14,1.0231111403020957910709182800,DBMF,Daily
2022-10-17,-1.2442150315383993373592673500,DBMF,Daily
2022-10-18,-0.3809060253216409068596100200,DBMF,Daily
2022-10-19,1.7647012517457389152524792300,DBMF,Daily
2022-10-20,0.5491474039404821031678950800,DBMF,Daily
2022-10-21,-1.0347779387619114053979515100,DBMF,Daily
2022-10-24,0.5518260950341432740399084300,DBMF,Daily
2022-10-25,-1.2420491543704188019509413900,DBMF,Daily
2022-10-26,-1.374663437158879567052376400,DBMF,Daily
2022-10-27,0.2669066918137675574917767900,DBMF,Daily
2022-10-28,0.6211178058283499364885697900,DBMF,Daily
2022-10-31,0.7348584548340301825330156600,DBMF,Daily
2022-11-01,-0.6127806759590701611018205900,DBMF,Daily
2022-11-02,0.8808011576726785365007766400,DBMF,Daily
2022-11-03,0.6111690418259761325454756100,DBMF,Daily
2022-11-04,-1.1570803639176037455504509900,DBMF,Daily
2022-11-07,0.1170585947577772729198033100,DBMF,Daily
2022-11-08,-1.4907816152417176251516624500,DBMF,Daily
2022-11-09,0.3560834722368216879652015500,DBMF,Daily
2022-11-10,-3.9030135344482197433446266400,DBMF,Daily
2022-11-11,-1.507699954276471704873067900,DBMF,Daily
2022-11-14,0.3748938134616073743520776700,DBMF,Daily
2022-11-15,-0.9959584568424302180165252800,DBMF,Daily
2022-11-16,-0.7230482605715709527364511100,DBMF,Daily
2022-11-17,0.7599790810340715200443392100,DBMF,Daily
2022-11-18,0.5028183492772549489030065200,DBMF,Daily
2022-11-21,0.5315960519853761503080698500,DBMF,Daily
2022-11-22,-0.6531949814600626530463905200,DBMF,Daily
2022-11-23,-1.1584189249877164540364761900,DBMF,Daily
2022-11-25,-0.0950243550670732808547831900,DBMF,Daily
2022-11-28,0.3804696455949158327636468300,DBMF,Daily
2022-11-29,0.2210931943832013501731299900,DBMF,Daily
2022-11-30,-1.5442806856674293085420497500,DBMF,Daily
2022-12-01,-1.0563311074359601830971039700,DBMF,Daily
2022-12-02,-0.3235256922126954037114862800,DBMF,Daily
2022-12-05,1.0061652023696616037264236900,DBMF,Daily
2022-12-06,-0.0642656173418296642414201700,DBMF,Daily
2022-12-07,-0.8360083597581575785557023300,DBMF,Daily
2022-12-08,-0.0972809255653966081126267900,DBMF,Daily
2022-12-09,0.7465162598872168156270586200,DBMF,Daily
2022-12-12,-0.1288624917871355974481835500,DBMF,Daily
2022-12-13,-0.8064587804656230384539301300,DBMF,Daily
2022-12-14,-0.195123992091908469095865400,DBMF,Daily
2022-12-15,-0.0325756949771686151317217800,DBMF,Daily
2022-12-16,0.7170711028523284824694631600,DBMF,Daily
2022-12-19,-0.0323688644278845065524204200,DBMF,Daily
2022-12-20,0.6474740470118677181058716500,DBMF,Daily
2022-12-21,-0.4181512557866918575530899100,DBMF,Daily
2022-12-22,0.6782944293348710288181690200,DBMF,Daily
2022-12-23,-0.0962401854854142090994184400,DBMF,Daily
2022-12-27,0.1605644576862401990983385300,DBMF,Daily
2022-12-28,0.8534085829340349475956248300,DBMF,Daily
2022-12-29,-0.5481347324195728594620470300,DBMF,Daily
2022-12-30,0.2755743096586746522105545900,DBMF,Daily
2023-01-03,-0.2404666540096464848376737200,DBMF,Daily
2023-01-04,-0.7575827812784674346023857400,DBMF,Daily
2023-01-05,0.1735052547828186165268815500,DBMF,Daily
2023-01-06,-1.2816181689551702753968668200,DBMF,Daily
2023-01-09,-0.1052639711576426099240109700,DBMF,Daily
2023-01-10,0.4566184270220402064523904600,DBMF,Daily
2023-01-11,-0.6293682155441098139276005100,DBMF,Daily
2023-01-12,-0.2111168915250971148716767700,DBMF,Daily
2023-01-13,0.1410349992215624586380312500,DBMF,Daily
2023-01-17,0.281702137322736898089225100,DBMF,Daily
2023-01-18,-0.6671265214368354663449515400,DBMF,Daily
2023-01-19,0.6716069897855182370474213900,DBMF,Daily
2023-01-20,-0.0702313655762978759656263100,DBMF,Daily
2023-01-23,0,DBMF,Daily
2023-01-24,-0.0351275286962208719268637500,DBMF,Daily
2023-01-25,-0.0703054212460070577590195600,DBMF,Daily
2023-01-26,0.1758743641696121297444352500,DBMF,Daily
2023-01-27,-0.2106794400031511960346228500,DBMF,Daily
2023-01-30,0,DBMF,Daily
2023-01-31,-0.8796592225640206144380967600,DBMF,Daily
2023-02-01,0.3904955159937533164575869100,DBMF,Daily
2023-02-02,-0.5657800906471780461501702500,DBMF,Daily
2023-02-03,0.0711230664332489146634906700,DBMF,Daily
2023-02-06,0.355362587397131199459337100,DBMF,Daily
2023-02-07,0.6728072818242149353017476200,DBMF,Daily
2023-02-08,-0.7738303174676528855101349500,DBMF,Daily
2023-02-09,0.6026229026444988760563490700,DBMF,Daily
2023-02-10,-0.3875913123242395643557045900,DBMF,Daily
2023-02-13,0.459837731212239974535244400,DBMF,Daily
2023-02-14,0.704229621782251053030030500,DBMF,Daily
2023-02-15,-0.1748180175488668372800416700,DBMF,Daily
2023-02-16,0.245190646510494455741644500,DBMF,Daily
2023-02-17,-0.2795293688332447353606693500,DBMF,Daily
2023-02-21,0.1051127765718916069237753400,DBMF,Daily
2023-02-22,-0.3500214117682467933119308200,DBMF,Daily
2023-02-23,-0.491748278631772920111367200,DBMF,Daily
2023-02-24,0.5647816202783285552355422700,DBMF,Daily
2023-02-27,0.5264972377374325331323527100,DBMF,Daily
2023-02-28,-0.9078233613337965219027489100,DBMF,Daily
2023-03-01,0.8104312354612350221901514400,DBMF,Daily
2023-03-02,0.3844790510930960317113512400,DBMF,Daily
2023-03-03,-0.5919181012634402722031876100,DBMF,Daily
2023-03-06,0.6304667361860858109510666700,DBMF,Daily
2023-03-07,-1.3226537504120841001717785900,DBMF,Daily
2023-03-08,0.2821842118117540509501888900,DBMF,Daily
2023-03-09,-0.8793534677191035994119804300,DBMF,Daily
2023-03-10,-3.0518062197741009710282417900,DBMF,Daily
2023-03-13,-3.038066522218560344059682400,DBMF,Daily
2023-03-14,2.1517522117716198393423585700,DBMF,Daily
2023-03-15,-3.5846286935660621378009892300,DBMF,Daily
2023-03-16,1.2265237240262223278891742800,DBMF,Daily
2023-03-17,-1.9310897856997813346940825400,DBMF,Daily
2023-03-20,1.2355214253129689719703287600,DBMF,Daily
2023-03-21,1.0678927436315143182696407500,DBMF,Daily
2023-03-22,-1.5471725441150740664942339800,DBMF,Daily
2023-03-23,-0.4982763878413745634971807500,DBMF,Daily
2023-03-24,-1.0015351893621306289774127400,DBMF,Daily
2023-03-27,2.5291887884906744005343021500,DBMF,Daily
2023-03-28,-0.0379601945874821892034315500,DBMF,Daily
2023-03-29,0.6074432057717920477878670500,DBMF,Daily
2023-03-30,0.0754709669904206412641853600,DBMF,Daily
2023-03-31,-0.8295703039967361632824980100,DBMF,Daily
2023-04-03,-0.5703307768518936250727465800,DBMF,Daily
2023-04-04,-0.5353756279161534172801615500,DBMF,Daily
2023-04-05,-0.6151500839099989231403026200,DBMF,Daily
2023-04-06,-0.0386863639993246942533854700,DBMF,Daily
2023-04-10,1.0835929879462885386334280800,DBMF,Daily
2023-04-11,0.1148594000127528333104006100,DBMF,Daily
2023-04-12,0.4588865542169136269672531200,DBMF,Daily
2023-04-13,0.3045388536209408706491051600,DBMF,Daily
2023-04-14,0.5692524245613904464823830200,DBMF,Daily
2023-04-17,0.5660420973234053209138535800,DBMF,Daily
2023-04-18,0.1125633873896818304578294300,DBMF,Daily
2023-04-19,-0.1499196776451177615958347100,DBMF,Daily
2023-04-20,-0.1501526087326447620630939500,DBMF,Daily
2023-04-21,0,DBMF,Daily
2023-04-24,0.1503784058319720316800941200,DBMF,Daily
2023-04-25,-1.2012052008090871727342198200,DBMF,Daily
2023-04-26,0.1899776792582040700066261200,DBMF,Daily
2023-04-27,0.739478368592654667626513900,DBMF,Daily
2023-04-28,-0.0188323769178069276748731900,DBMF,Daily
2023-05-01,0.9789179881347036540199846200,DBMF,Daily
2023-05-02,-0.7457127122048998708741778500,DBMF,Daily
2023-05-03,-0.3756576832004501023997072100,DBMF,Daily
2023-05-04,-0.301656205106701930458053100,DBMF,Daily
2023-05-05,0.5294956153160972982087098800,DBMF,Daily
2023-05-08,0.0752477441479331545934397700,DBMF,Daily
2023-05-09,0.4511312943421806857884579800,DBMF,Daily
2023-05-10,-0.8607798360683076447442888300,DBMF,Daily
2023-05-11,-0.226498366765364198303919400,DBMF,Daily
2023-05-12,0.5675293919948967879629770700,DBMF,Daily
2023-05-15,0.6395822686225112464282743100,DBMF,Daily
2023-05-16,-0.5233672146020533493832040300,DBMF,Daily
2023-05-17,0.3382174060686186460409331600,DBMF,Daily
2023-05-18,0.0374508677212057662923586200,DBMF,Daily
2023-05-19,0.2246328047739130108633276100,DBMF,Daily
2023-05-22,0.2241371332394039294030207200,DBMF,Daily
2023-05-23,-0.2236358821841816537752328900,DBMF,Daily
2023-05-24,-0.6350311716953124320853415300,DBMF,Daily
2023-05-25,0.4135278657882830070518296100,DBMF,Daily
2023-05-26,0.4118365762452068958188253500,DBMF,Daily
2023-05-30,0.1491409860518742932534345400,DBMF,Daily
2023-05-31,-0.5584555390288701388453964800,DBMF,Daily
2023-06-01,-0.1497552031826086739088850700,DBMF,Daily
2023-06-02,0.2624744421968124771929352300,DBMF,Daily
2023-06-05,-0.3739718467019051856914264300,DBMF,Daily
2023-06-06,0.2252191199414228157380585800,DBMF,Daily
2023-06-07,0.3370812602533573479563950300,DBMF,Daily
2023-06-08,-0.2612870497495185956431668900,DBMF,Daily
2023-06-09,0.4490974289904478043064690200,DBMF,Daily
2023-06-12,0.5961271911675102943547623600,DBMF,Daily
2023-06-13,0.2962934218570161227141760600,DBMF,Daily
2023-06-14,-0.3692803539899808325049024700,DBMF,Daily
2023-06-15,0.3335868869584294538287822200,DBMF,Daily
2023-06-16,0.9604712460590424570410907400,DBMF,Daily
2023-06-20,-0.3293071738737143281744943500,DBMF,Daily
2023-06-21,0.1835537340693973558500957500,DBMF,Daily
2023-06-22,0.7695147424394177545580082600,DBMF,Daily
2023-06-23,0,DBMF,Daily
2023-06-26,0.1090879519383081391026782600,DBMF,Daily
2023-06-27,0.3269148206515340391627602400,DBMF,Daily
2023-06-28,0.2896499396364266442126440600,DBMF,Daily
2023-06-29,0.0361026158177980885392259300,DBMF,Daily
2023-06-30,-0.2887091602623938524404024700,DBMF,Daily
2023-07-03,0.1447687748444821530655779500,DBMF,Daily
2023-07-05,0.0361379887349946449248377400,DBMF,Daily
2023-07-06,0.0722611780694581968689009500,DBMF,Daily
2023-07-07,-0.7942311764679510829334311500,DBMF,Daily
2023-07-10,-0.2183309102613742987686460200,DBMF,Daily
2023-07-11,-0.072946361265988343272704800,DBMF,Daily
2023-07-12,-0.9124094541257596651836450400,DBMF,Daily
2023-07-13,-0.294656451755925291021292100,DBMF,Daily
2023-07-14,0.7388258146785135079966410300,DBMF,Daily
2023-07-17,0.2566841056185677098849670500,DBMF,Daily
2023-07-18,0.1463120057336961946397024900,DBMF,Daily
2023-07-19,-0.1095698734530468432552802300,DBMF,Daily
2023-07-20,0.3656271764260537779675219300,DBMF,Daily
2023-07-21,0.1092904650722150395966943100,DBMF,Daily
2023-07-24,-0.0363916496449089437861989300,DBMF,Daily
2023-07-25,-0.2184179912147303570160687200,DBMF,Daily
2023-07-26,0.1459307331189970138452592100,DBMF,Daily
2023-07-27,0,DBMF,Daily
2023-07-28,0.4735932825369134742506676500,DBMF,Daily
2023-07-31,-0.1812909262478181465054530900,DBMF,Daily
2023-08-01,0.6901589856107139421212591900,DBMF,Daily
2023-08-02,0.0360690387226598493510584700,DBMF,Daily
2023-08-03,0.3245607521963754372043398700,DBMF,Daily
2023-08-04,-1.0064679270872669195990378100,DBMF,Daily
2023-08-07,0.5083465574928759296777725900,DBMF,Daily
2023-08-08,0,DBMF,Daily
2023-08-09,-0.0361249339104475631240052600,DBMF,Daily
2023-08-10,0.3614062874669517678159492500,DBMF,Daily
2023-08-11,0.612167340245022511672959400,DBMF,Daily
2023-08-14,-0.3579100794344792162954749300,DBMF,Daily
2023-08-15,-0.0718383857103198905402658900,DBMF,Daily
2023-08-16,0.0359393885082407956285159900,DBMF,Daily
2023-08-17,0,DBMF,Daily
2023-08-18,0.0359377260403847946521183900,DBMF,Daily
2023-08-21,0.5747183309294743844145675700,DBMF,Daily
2023-08-22,-0.2857189604320124946792474600,DBMF,Daily
2023-08-23,-1.0744993785928168835571035800,DBMF,Daily
2023-08-24,0.2172317873183108959980951500,DBMF,Daily
2023-08-25,0.397411973843466763100359300,DBMF,Daily
2023-08-28,-0.143950280487876317666658100,DBMF,Daily
2023-08-29,-0.5405372068436106402247258100,DBMF,Daily
2023-08-30,0.5072414669776371376298417900,DBMF,Daily
2023-08-31,-0.4325841540575915885687182600,DBMF,Daily
2023-09-01,0.3620605354091969428786757700,DBMF,Daily
2023-09-05,0.9379531217694662505080384900,DBMF,Daily
2023-09-06,0.1072165339106647984551450200,DBMF,Daily
2023-09-07,-0.6783318988900609418266035800,DBMF,Daily
2023-09-08,0.4672945750353926641710029200,DBMF,Daily
2023-09-11,0.2862151512947522468064858800,DBMF,Daily
2023-09-12,0.2497393336397616590256904600,DBMF,Daily
2023-09-13,-0.1067623878796242564085842800,DBMF,Daily
2023-09-14,0.6412515152423172019029577200,DBMF,Daily
2023-09-15,0.2123873288821943506411182800,DBMF,Daily
2023-09-18,0,DBMF,Daily
2023-09-19,0.3179039585902834598782180300,DBMF,Daily
2023-09-20,-0.4225164609489750725723630100,DBMF,Daily
2023-09-21,0.6364786163620647187271387100,DBMF,Daily
2023-09-22,-0.3162210933989653439428736900,DBMF,Daily
2023-09-25,0.669716835447070233457753600,DBMF,Daily
2023-09-26,0.4201639834366454171871367800,DBMF,Daily
2023-09-27,0.8716882468923558073034277800,DBMF,Daily
2023-09-28,-0.1037065963996460484846915200,DBMF,Daily
2023-09-29,0,DBMF,Daily
2023-10-02,0.2422212337098727648835252800,DBMF,Daily
2023-10-03,0.5522973407330797836990910700,DBMF,Daily
2023-10-04,-1.3045023529870735903903451200,DBMF,Daily
2023-10-05,-0.1043450055976502028878234400,DBMF,Daily
2023-10-06,0.7311997882650927433921318700,DBMF,Daily
2023-10-09,-0.9332872238775798999806690900,DBMF,Daily
2023-10-10,0.1395732717985562839632269700,DBMF,Daily
2023-10-11,-0.6968718651192567766692823500,DBMF,Daily
2023-10-12,0.7368404748830197914793524200,DBMF,Daily
2023-10-13,-0.3831435171963500662974336300,DBMF,Daily
2023-10-16,0.699301260655703848769479800,DBMF,Daily
2023-10-17,1.2500060693098517109982344300,DBMF,Daily
2023-10-18,-0.4458136522338583968609347900,DBMF,Daily
2023-10-19,0.3100264905061666671699330800,DBMF,Daily
2023-10-20,-0.6524787102530228803141226800,DBMF,Daily
2023-10-23,-0.725892067008096437106674700,DBMF,Daily
2023-10-24,-0.3481787825722462889162633400,DBMF,Daily
2023-10-25,0.9433815381903691190019114800,DBMF,Daily
2023-10-26,-0.6576552635304246201313540600,DBMF,Daily
2023-10-27,0,DBMF,Daily
2023-10-30,-0.2787429282980904364086697100,DBMF,Daily
2023-10-31,0.5939825890489842931272828500,DBMF,Daily
2023-11-01,-1.0420256279069177370032243800,DBMF,Daily
2023-11-02,-0.7722005883488869633455537300,DBMF,Daily
2023-11-03,-1.2734334241750024944637301700,DBMF,Daily
2023-11-06,0.5016074395612670741145135900,DBMF,Daily
2023-11-07,-0.2852096677230359728701474600,DBMF,Daily
2023-11-08,-0.214506021469406355247834800,DBMF,Daily
2023-11-09,0.931560412485046747771865400,DBMF,Daily
2023-11-10,0.1419936546284596922505175600,DBMF,Daily
2023-11-13,0.1063423892741823969331131600,DBMF,Daily
2023-11-14,-2.3016941462514597907760401700,DBMF,Daily
2023-11-15,0.7611436316015500801978215500,DBMF,Daily
2023-11-16,-0.8633084991340713421909211300,DBMF,Daily
2023-11-17,-0.2539907229280717568662274900,DBMF,Daily
2023-11-20,-0.3273942976207161129591564200,DBMF,Daily
2023-11-21,0.0364940929995326074835209100,DBMF,Daily
2023-11-22,0.839111233483614449556356100,DBMF,Daily
2023-11-24,-0.1447164015370067362407851400,DBMF,Daily
2023-11-27,-0.6521676003998191769526537300,DBMF,Daily
2023-11-28,-0.5835252201568527544187504800,DBMF,Daily
2023-11-29,-0.5135718744711144914696330300,DBMF,Daily
2023-11-30,0.6268472233963756567408384900,DBMF,Daily
2023-12-01,-1.3924532451966464170099563700,DBMF,Daily
2023-12-04,0.7432186994277721700328583400,DBMF,Daily
2023-12-05,-0.8115123601295214037164477600,DBMF,Daily
2023-12-06,0.0743802554146408176068923200,DBMF,Daily
2023-12-07,-0.8918647660890433023431368300,DBMF,Daily
2023-12-08,1.0873555480828683620240958400,DBMF,Daily
2023-12-11,0.4822086539764572928305985100,DBMF,Daily
2023-12-12,-0.5537064176445200022003722500,DBMF,Daily
2023-12-13,-0.7052737993979277415674130100,DBMF,Daily
2023-12-14,-1.0093535646177125844541480900,DBMF,Daily
2023-12-15,0.6042395607846302364748767100,DBMF,Daily
2023-12-18,-0.0750782629978312465028634400,DBMF,Daily
2023-12-19,0,DBMF,Daily
2023-12-20,-0.1126980890013831271657669400,DBMF,Daily
2023-12-21,-0.2632562789946701180379334300,DBMF,Daily
2023-12-22,0.301660140095028394088766100,DBMF,Daily
2023-12-26,-0.1879700649246634826612493700,DBMF,Daily
2023-12-27,0.0775181488845279088919236200,DBMF,Daily
2023-12-28,-0.1161793021983852801165806900,DBMF,Daily
2023-12-29,-0.1163301637607062776411931100,DBMF,Daily
2024-01-02,0.2329155502996967995861798600,DBMF,Daily
2024-01-03,-0.2323743143865881303329033200,DBMF,Daily
2024-01-04,0.7764009142464828043400726100,DBMF,Daily
2024-01-05,-0.3466816856724591090692013300,DBMF,Daily
2024-01-08,0.618471028855800961278579300,DBMF,Daily
2024-01-09,0.1152459005153067998431702100,DBMF,Daily
2024-01-10,0.9209487024253162890094837100,DBMF,Daily
2024-01-11,-0.8364963563879184761533722100,DBMF,Daily
2024-01-12,0.0383429484922503577955849200,DBMF,Daily
2024-01-16,0.6132598106683061928676412500,DBMF,Daily
2024-01-17,0.1904731661728001305439454700,DBMF,Daily
2024-01-18,0.1520965561346607060363315900,DBMF,Daily
2024-01-19,0.1518578739042961987753504100,DBMF,Daily
2024-01-22,0.3790767268255368674335872900,DBMF,Daily
2024-01-23,0,DBMF,Daily
2024-01-24,-0.3398814116374007495229363400,DBMF,Daily
2024-01-25,0.0757927652723728530634817800,DBMF,Daily
2024-01-26,0.5300937868280675164406867400,DBMF,Daily
2024-01-29,0.1130001982325600226420542500,DBMF,Daily
2024-01-30,0.0376293042355763076927185600,DBMF,Daily
2024-01-31,-0.7521733303667337914476962500,DBMF,Daily
2024-02-01,0.947328869896208025394803300,DBMF,Daily
2024-02-02,0.6005948735447392876492651100,DBMF,Daily
2024-02-05,-0.4477578958417351239966190300,DBMF,Daily
2024-02-06,0.0374844662007904729705717300,DBMF,Daily
2024-02-07,0.0749294428028391347577589700,DBMF,Daily
2024-02-08,0.3743970761696619799547046900,DBMF,Daily
2024-02-09,0.298391380419847202643219300,DBMF,Daily
2024-02-12,-0.18593978447276652491044400,DBMF,Daily
2024-02-13,-0.5588660501786654527934499200,DBMF,Daily
2024-02-14,0.5620069160320245573735324900,DBMF,Daily
2024-02-15,0.6333805160049304531652288200,DBMF,Daily
2024-02-16,-0.2221364286209606366183901800,DBMF,Daily
2024-02-20,-0.7421107693509478937185637600,DBMF,Daily
2024-02-21,0.5607463172318313390080100900,DBMF,Daily
2024-02-22,0.9665424538288335835484137500,DBMF,Daily
2024-02-23,0.2577353268140995326047939100,DBMF,Daily
2024-02-26,-0.0734546800377224267409297300,DBMF,Daily
2024-02-27,0.3307629521492585384422533700,DBMF,Daily
2024-02-28,-0.2197767256276689707699109400,DBMF,Daily
2024-02-29,0.4038152033937274177389207700,DBMF,Daily
2024-03-01,0.8043821892140173340535339200,DBMF,Daily
2024-03-04,0.2176317627025180371592404800,DBMF,Daily
2024-03-05,-0.9048139099306271043165520400,DBMF,Daily
2024-03-06,0.4017467210091968298931471700,DBMF,Daily
2024-03-07,0.3273939755317906481693183600,DBMF,Daily
2024-03-08,-1.1965186395636971028017761800,DBMF,Daily
2024-03-11,-0.4770566572184195157938006900,DBMF,Daily
2024-03-12,0.331853120864175455545053300,DBMF,Daily
2024-03-13,1.2495394061323393934759075200,DBMF,Daily
2024-03-14,0.3629780098165873721256357700,DBMF,Daily
2024-03-15,0.4701699524442404630101454200,DBMF,Daily
2024-03-18,0.6119522331200711681027016800,DBMF,Daily
2024-03-19,0.7871145476542194878552612500,DBMF,Daily
2024-03-20,0.7454692466171871082342811600,DBMF,Daily
2024-03-21,0.5990110327456315419852281700,DBMF,Daily
2024-03-22,-0.3852828631051494975722643800,DBMF,Daily
2024-03-25,0.1054835545422681228434312800,DBMF,Daily
2024-03-26,-0.2578334460622981257190411900,DBMF,Daily
2024-03-27,0.1416417999832656764561030900,DBMF,Daily
2024-03-28,1.4144252957796504456352776700,DBMF,Daily
2024-04-01,1.0111600691777516794677435700,DBMF,Daily
2024-04-02,-0.3451798660476402312134542900,DBMF,Daily
2024-04-03,0.0692702064126395805138822300,DBMF,Daily
2024-04-04,-1.1768795849708603275696292800,DBMF,Daily
2024-04-05,1.4360793504223302550145591400,DBMF,Daily
2024-04-08,0.5524917288169802850767476100,DBMF,Daily
2024-04-09,-0.5837937847936004814142874600,DBMF,Daily
2024-04-10,1.8998234258396887211582997400,DBMF,Daily
2024-04-11,0.6101726250509286256720202700,DBMF,Daily
2024-04-12,-1.3814003625118789510424119300,DBMF,Daily
2024-04-15,1.2640928561074949233657961600,DBMF,Daily
2024-04-16,-0.2361711904287586364934709400,DBMF,Daily
2024-04-17,-1.5218068142182636666870956200,DBMF,Daily
2024-04-18,0.3434017934316844215198226300,DBMF,Daily
2024-04-19,0.1368913227578346838910738100,DBMF,Daily
2024-04-22,-0.1025272782807539958134321300,DBMF,Daily
2024-04-23,0.7868618525500021649879528300,DBMF,Daily
2024-04-24,0.0678931943824979950916845700,DBMF,Daily
2024-04-25,0.0339150130959706610848179100,DBMF,Daily
2024-04-26,2.441504467952492400777161300,DBMF,Daily
2024-04-29,-1.3902574818200154320977351100,DBMF,Daily
2024-04-30,0.4699504564836439502054281300,DBMF,Daily
2024-05-01,-0.9355213527117500498010250300,DBMF,Daily
2024-05-02,-1.956149732220167038888746600,DBMF,Daily
2024-05-03,-0.3095991020678956731892374400,DBMF,Daily
2024-05-06,0.6211211897620480775765701500,DBMF,Daily
2024-05-07,0.5829860604950754091749890200,DBMF,Daily
2024-05-08,0.4091440842057255621493309200,DBMF,Daily
2024-05-09,0.5093358724162214796207607400,DBMF,Daily
2024-05-10,-0.0675720750061275841727686400,DBMF,Daily
2024-05-13,0.4056861382625626516119488300,DBMF,Daily
2024-05-14,-0.2356940691525692612787873500,DBMF,Daily
2024-05-15,-0.9112364476608039943596850800,DBMF,Daily
2024-05-16,0.2724771305862946950462032300,DBMF,Daily
2024-05-17,0.9171173916564367748840547600,DBMF,Daily
2024-05-20,0.6395121784809243598640934800,DBMF,Daily
2024-05-21,-0.2006654332086889812267830700,DBMF,Daily
2024-05-22,-0.5026756521651847294831659800,DBMF,Daily
2024-05-23,-0.2357700587208783930095405500,DBMF,Daily
2024-05-24,0.202562321093045269515749600,DBMF,Daily
2024-05-28,1.0781677112169917385565198900,DBMF,Daily
2024-05-29,-0.3000015295395262427802792900,DBMF,Daily
2024-05-30,-0.7355350979315315470840647800,DBMF,Daily
2024-05-31,-0.1684096110325618522339833800,DBMF,Daily
2024-06-03,-0.9109290079513666725132181100,DBMF,Daily
2024-06-04,-1.6343267330791958388092800600,DBMF,Daily
2024-06-05,1.1076503473889071805995045300,DBMF,Daily
2024-06-06,0.239647871060523999951250100,DBMF,Daily
2024-06-07,0.8196717076694826593004822900,DBMF,Daily
2024-06-10,0.8807594950114539524804883100,DBMF,Daily
2024-06-11,-0.2686342717742645821022848200,DBMF,Daily
2024-06-12,-0.336702417494087699232744700,DBMF,Daily
2024-06-13,-0.675676458376957803176068100,DBMF,Daily
2024-06-14,0,DBMF,Daily
2024-06-17,0.952379318938144893939864300,DBMF,Daily
2024-06-18,0,DBMF,Daily
2024-06-20,1.24662387707215660861112500,DBMF,Daily
2024-06-21,-0.2994956689062140694803372100,DBMF,Daily
2024-06-24,0.4005338521456836443672751700,DBMF,Daily
2024-06-25,-0.2327098602228777764296259200,DBMF,Daily
2024-06-26,0.5664803524202072416802377900,DBMF,Daily
2024-06-27,0.1136068932163706069514600400,DBMF,Daily
2024-06-28,0.3337783823023492090236718600,DBMF,Daily
2024-07-01,1.6300732411867345704169850400,DBMF,Daily
2024-07-02,-0.327325706295440467935858200,DBMF,Daily
2024-07-03,0.0328341532730984146765709500,DBMF,Daily
2024-07-05,-0.1313164849414473060225642200,DBMF,Daily
2024-07-08,-0.4930966469428007889546351100,DBMF,Daily
2024-07-09,0.4294681202510736703006276800,DBMF,Daily
2024-07-10,0.5921052631578947368421052600,DBMF,Daily
2024-07-11,-1.3734466971877043819489862700,DBMF,Daily
2024-07-12,-0.1989389920424403183023872700,DBMF,Daily
2024-07-15,0.0664485049833887043189368800,DBMF,Daily
2024-07-16,0.5976029018060125562412829900,DBMF,Daily
2024-07-17,-1.7491716748901542868037718400,DBMF,Daily
2024-07-18,0.0671850856567013772253946900,DBMF,Daily
2024-07-19,-0.4028230814762309004286371100,DBMF,Daily
2024-07-22,0.5729693292888439501179642700,DBMF,Daily
2024-07-23,-0.8378016085790884718498659500,DBMF,Daily
2024-07-24,-1.2166272389320716458262926700,DBMF,Daily
2024-07-25,-0.6158091002394799863154293500,DBMF,Daily
2024-07-26,0.2753872728188389954849912400,DBMF,Daily
